-- phpMyAdmin SQL Dump
-- version 4.9.5
-- https://www.phpmyadmin.net/
--
-- Host: localhost:3306
-- Waktu pembuatan: 07 Agu 2020 pada 10.32
-- Versi server: 5.7.31-log
-- Versi PHP: 7.3.6

SET SQL_MODE = "NO_AUTO_VALUE_ON_ZERO";
SET AUTOCOMMIT = 0;
START TRANSACTION;
SET time_zone = "+00:00";


/*!40101 SET @OLD_CHARACTER_SET_CLIENT=@@CHARACTER_SET_CLIENT */;
/*!40101 SET @OLD_CHARACTER_SET_RESULTS=@@CHARACTER_SET_RESULTS */;
/*!40101 SET @OLD_COLLATION_CONNECTION=@@COLLATION_CONNECTION */;
/*!40101 SET NAMES utf8mb4 */;

--
-- Database: `aigyujie_dev`
--

-- --------------------------------------------------------

--
-- Struktur dari tabel `auth_group`
--

CREATE TABLE `auth_group` (
  `id` int(11) NOT NULL,
  `name` varchar(80) NOT NULL
) ENGINE=InnoDB DEFAULT CHARSET=latin1;

--
-- Dumping data untuk tabel `auth_group`
--

INSERT INTO `auth_group` (`id`, `name`) VALUES
(1, 'creator'),
(2, 'reviewer');

-- --------------------------------------------------------

--
-- Struktur dari tabel `auth_group_permissions`
--

CREATE TABLE `auth_group_permissions` (
  `id` int(11) NOT NULL,
  `group_id` int(11) NOT NULL,
  `permission_id` int(11) NOT NULL
) ENGINE=InnoDB DEFAULT CHARSET=latin1;

-- --------------------------------------------------------

--
-- Struktur dari tabel `auth_permission`
--

CREATE TABLE `auth_permission` (
  `id` int(11) NOT NULL,
  `name` varchar(255) NOT NULL,
  `content_type_id` int(11) NOT NULL,
  `codename` varchar(100) NOT NULL
) ENGINE=InnoDB DEFAULT CHARSET=latin1;

--
-- Dumping data untuk tabel `auth_permission`
--

INSERT INTO `auth_permission` (`id`, `name`, `content_type_id`, `codename`) VALUES
(1, 'Can add log entry', 1, 'add_logentry'),
(2, 'Can change log entry', 1, 'change_logentry'),
(3, 'Can delete log entry', 1, 'delete_logentry'),
(4, 'Can view log entry', 1, 'view_logentry'),
(5, 'Can add permission', 2, 'add_permission'),
(6, 'Can change permission', 2, 'change_permission'),
(7, 'Can delete permission', 2, 'delete_permission'),
(8, 'Can view permission', 2, 'view_permission'),
(9, 'Can add group', 3, 'add_group'),
(10, 'Can change group', 3, 'change_group'),
(11, 'Can delete group', 3, 'delete_group'),
(12, 'Can view group', 3, 'view_group'),
(13, 'Can add user', 4, 'add_user'),
(14, 'Can change user', 4, 'change_user'),
(15, 'Can delete user', 4, 'delete_user'),
(16, 'Can view user', 4, 'view_user'),
(17, 'Can add content type', 5, 'add_contenttype'),
(18, 'Can change content type', 5, 'change_contenttype'),
(19, 'Can delete content type', 5, 'delete_contenttype'),
(20, 'Can view content type', 5, 'view_contenttype'),
(21, 'Can add session', 6, 'add_session'),
(22, 'Can change session', 6, 'change_session'),
(23, 'Can delete session', 6, 'delete_session'),
(24, 'Can view session', 6, 'view_session'),
(25, 'Can add indikator', 7, 'add_indikator'),
(26, 'Can change indikator', 7, 'change_indikator'),
(27, 'Can delete indikator', 7, 'delete_indikator'),
(28, 'Can view indikator', 7, 'view_indikator'),
(29, 'Can add kompetensi dasar', 8, 'add_kompetensidasar'),
(30, 'Can change kompetensi dasar', 8, 'change_kompetensidasar'),
(31, 'Can delete kompetensi dasar', 8, 'delete_kompetensidasar'),
(32, 'Can view kompetensi dasar', 8, 'view_kompetensidasar'),
(33, 'Can add materi', 9, 'add_materi'),
(34, 'Can change materi', 9, 'change_materi'),
(35, 'Can delete materi', 9, 'delete_materi'),
(36, 'Can view materi', 9, 'view_materi'),
(37, 'Can add profile', 10, 'add_profile'),
(38, 'Can change profile', 10, 'change_profile'),
(39, 'Can delete profile', 10, 'delete_profile'),
(40, 'Can view profile', 10, 'view_profile'),
(41, 'Can add soal', 11, 'add_soal'),
(42, 'Can change soal', 11, 'change_soal'),
(43, 'Can delete soal', 11, 'delete_soal'),
(44, 'Can view soal', 11, 'view_soal'),
(45, 'Can add standar kompetensi', 12, 'add_standarkompetensi'),
(46, 'Can change standar kompetensi', 12, 'change_standarkompetensi'),
(47, 'Can delete standar kompetensi', 12, 'delete_standarkompetensi'),
(48, 'Can view standar kompetensi', 12, 'view_standarkompetensi'),
(49, 'Can add template soal', 13, 'add_templatesoal'),
(50, 'Can change template soal', 13, 'change_templatesoal'),
(51, 'Can delete template soal', 13, 'delete_templatesoal'),
(52, 'Can view template soal', 13, 'view_templatesoal'),
(53, 'Can add generated soal', 14, 'add_generatedsoal'),
(54, 'Can change generated soal', 14, 'change_generatedsoal'),
(55, 'Can delete generated soal', 14, 'delete_generatedsoal'),
(56, 'Can view generated soal', 14, 'view_generatedsoal'),
(57, 'Can add indikator_ user', 15, 'add_indikator_user'),
(58, 'Can change indikator_ user', 15, 'change_indikator_user'),
(59, 'Can delete indikator_ user', 15, 'delete_indikator_user'),
(60, 'Can view indikator_ user', 15, 'view_indikator_user'),
(61, 'Can add paket soal', 16, 'add_paketsoal'),
(62, 'Can change paket soal', 16, 'change_paketsoal'),
(63, 'Can delete paket soal', 16, 'delete_paketsoal'),
(64, 'Can view paket soal', 16, 'view_paketsoal'),
(65, 'Can add soal_ paket soal', 17, 'add_soal_paketsoal'),
(66, 'Can change soal_ paket soal', 17, 'change_soal_paketsoal'),
(67, 'Can delete soal_ paket soal', 17, 'delete_soal_paketsoal'),
(68, 'Can view soal_ paket soal', 17, 'view_soal_paketsoal'),
(69, 'Can add status soal', 18, 'add_statussoal'),
(70, 'Can change status soal', 18, 'change_statussoal'),
(71, 'Can delete status soal', 18, 'delete_statussoal'),
(72, 'Can view status soal', 18, 'view_statussoal'),
(73, 'Can add revisi soal', 19, 'add_revisisoal'),
(74, 'Can change revisi soal', 19, 'change_revisisoal'),
(75, 'Can delete revisi soal', 19, 'delete_revisisoal'),
(76, 'Can view revisi soal', 19, 'view_revisisoal');

-- --------------------------------------------------------

--
-- Struktur dari tabel `auth_user`
--

CREATE TABLE `auth_user` (
  `id` int(11) NOT NULL,
  `password` varchar(128) NOT NULL,
  `last_login` datetime(6) DEFAULT NULL,
  `is_superuser` tinyint(1) NOT NULL,
  `username` varchar(150) NOT NULL,
  `first_name` varchar(30) NOT NULL,
  `last_name` varchar(150) NOT NULL,
  `email` varchar(254) NOT NULL,
  `is_staff` tinyint(1) NOT NULL,
  `is_active` tinyint(1) NOT NULL,
  `date_joined` datetime(6) NOT NULL
) ENGINE=InnoDB DEFAULT CHARSET=latin1;

--
-- Dumping data untuk tabel `auth_user`
--

INSERT INTO `auth_user` (`id`, `password`, `last_login`, `is_superuser`, `username`, `first_name`, `last_name`, `email`, `is_staff`, `is_active`, `date_joined`) VALUES
(1, 'pbkdf2_sha256$120000$y6OYaOVv0ixO$SE+bT4qcpBWUEN8eRwT8cpPrv+W3CrQxgSCKAiY7Y6E=', '2020-07-08 06:17:35.379774', 1, 'admin', 'Ngadimin', 'Ahmad Sentosa', 'admin@aigyujiem.com', 1, 1, '2020-05-09 17:47:03.000000'),
(2, 'pbkdf2_sha256$120000$ZvsV58Q7QiQF$8iAUlI3uSNN/Sqg5xfrLxXV/UKibSy+JjLwInudOEmk=', NULL, 0, 'User2', '', '', '', 0, 1, '2020-05-17 09:15:09.848016'),
(3, 'pbkdf2_sha256$120000$XnohED6qJ97U$HV49SBbfgHfmrnZLlJzZeKM/FfmqsvNLIYA5oNF8qrw=', '2020-06-06 23:58:50.188500', 0, 'user1', 'Joni', 'Jonson', 'pjm.dig1@siap.puspendik', 0, 1, '2020-05-25 14:12:14.000000'),
(4, 'pbkdf2_sha256$120000$RUCo669SCSH3$gJ1Lz2t8x7SsMWns480E7TRF4UBIxAWJ/JSXvYiXK9U=', '2020-06-24 05:45:53.809608', 0, 'creator1', 'creator1', '', '', 0, 1, '2020-06-03 03:15:19.000000'),
(5, 'pbkdf2_sha256$120000$4mQgw9xEPnJe$CsEy4+D4GuayDkwdZda5gQfq84If5/lDZ3yE15uyXog=', '2020-06-05 00:18:42.428028', 0, 'reviewer1', '', '', '', 0, 1, '2020-06-03 03:16:01.000000'),
(6, 'pbkdf2_sha256$120000$NwmXEaHjzXdv$vvJi6XshxG5FZT2tBsk1GQzXvXqZaomqVTY/Wui7IdY=', '2020-07-07 16:22:16.487608', 0, 'ahmad_reviewer', 'Ahmad', 'Setyadi', 'a.setyadi@aigyujiem.com', 0, 1, '2020-06-03 08:08:42.000000'),
(7, 'pbkdf2_sha256$120000$ICcgXBhnD1Mm$zFqxX0ZR5H6YRBRJIa4wxZdv+vwCbwY3xE8iP0UGarQ=', '2020-07-08 06:02:02.358290', 0, 'ahmad_creator', 'Ahmad', 'Sanusi', 'ahmad.sanusi@aigyujiem.com', 0, 1, '2020-06-03 08:10:06.000000'),
(8, 'pbkdf2_sha256$120000$u3l5L0jTVj63$sJKg5x9WcAFxPwHP0B1cbEuzTRebrd/+nSRaX58QVek=', '2020-06-05 15:05:27.137675', 0, 'bagas_creator', '', '', '', 0, 1, '2020-06-05 14:55:10.000000'),
(9, 'pbkdf2_sha256$120000$0o0GAhwAe83b$eDXhqcC41S43yc2qK3QXNGabbHzuzFGYRkgsf7yVXNg=', '2020-07-08 06:31:55.591201', 0, 'parker_reviewer', 'Peter', 'Parker', 'peter.parker@stark.com', 0, 1, '2020-06-07 00:08:11.000000'),
(10, 'pbkdf2_sha256$120000$FJwxWSzGzBOF$fu/O8ywUpl1C/aavWqfQ/07/PvK0jqiGcbqyOZbPP3o=', '2020-07-08 06:38:13.940070', 0, 'parker_creator', 'Peter', 'Parker', 'parker@stark.com', 0, 1, '2020-06-07 00:09:46.000000'),
(11, 'pbkdf2_sha256$120000$nl3lsNcSPLuq$UlCvyNfVKcWo+XAJHpGo+0ItCwwWTwC6/6CSbbQ0maQ=', '2020-07-08 05:37:16.236667', 0, 'bambang_creator', 'Bambang', 'Sujatmiko', 'b.sujatmiko@aigyujiem.com', 0, 1, '2020-06-07 13:16:22.000000'),
(12, 'pbkdf2_sha256$120000$fHImXc53QDNi$5V1I+iSkAym4OHmjLp1MbCwFvTOx62FRHeIL+9+EnVk=', '2020-07-08 06:40:49.119440', 0, 'bambang_reviewer', 'Bambang', 'Santosa', 'bsantosa@aigyujiem.com', 0, 1, '2020-06-07 13:17:40.000000'),
(13, 'pbkdf2_sha256$120000$Zs631bgQUnow$Ak7uMC5dRI6OaArVM3qrXvo2TAH46d+v/8elWGMa6Bk=', '2020-06-17 19:12:36.549295', 0, 'eka_PJM', 'Eka', 'Ahmad Rofiq', 'ekaahmadrofiq@sman7semarang.sch.id', 0, 1, '2020-06-17 15:23:53.000000'),
(14, 'pbkdf2_sha256$120000$jb5qoTS0gsiQ$cUw/u3w7z7vzbDyUO4vvAtmHmHnOFgQkXBtMi43hF04=', '2020-06-20 12:34:37.147963', 0, 'eka_penulis', 'Eka', 'Ahmad Rofiq', 'ekaahmadrofiq@sman7semarang.sch.id', 0, 1, '2020-06-17 15:24:15.000000'),
(15, 'pbkdf2_sha256$120000$HiiFGB8bOYLn$yH8Uu50Zx7Dm+CnsRpsmqYPe9oX34E78D9mX6tMQ1Rs=', '2020-06-20 10:13:49.609252', 0, 'aditya_PJM', 'Aditya', 'Nursasongko', 'nurza@sman7semarang.sch.id', 0, 1, '2020-06-17 15:24:38.000000'),
(16, 'pbkdf2_sha256$120000$ESsfZtToBfjF$fxfSxq9csA/Pq903eilZa47yQkFEBpRxhj51GAy8EAU=', '2020-06-20 11:27:56.532682', 0, 'aditya_penulis', 'Aditya', 'Nursasongko', 'nurza@sman7semarang.sch.id', 0, 1, '2020-06-17 15:24:58.000000'),
(17, 'pbkdf2_sha256$120000$BLSmkUZVvVEq$V/6jGvVUUHvW2VET3DMy0XFc/IeIjCmhovCTHz4mGcg=', '2020-06-23 02:20:40.889418', 0, 'ardiani_PJM', 'Ardiani', 'Pratiwi', 'ardianipratiwi@gmail.com', 0, 1, '2020-06-17 15:25:27.000000'),
(18, 'pbkdf2_sha256$120000$tyFK7mmrFGhb$mEF6EDpx7cxpldudrNVp9NE8opoy6Wi3kX5M7GyqDBo=', '2020-06-23 02:32:38.724488', 0, 'ardiani_penulis', 'Ardiani', 'Pratiwi', 'ardianipratiwi@gmail.com', 0, 1, '2020-06-17 15:31:24.000000'),
(19, 'pbkdf2_sha256$120000$37c2K9iWb6r1$8YAtisO0wkDilt4ubCTjSTRBvv+C2NOQjHtWFaBDuE8=', '2020-06-19 19:55:29.920622', 0, 'adi_PJM', 'Adi', 'Wibawa', 'syariva2006@gmail.com', 0, 1, '2020-06-17 15:31:46.000000'),
(20, 'pbkdf2_sha256$120000$hpHldPQy9VHk$/Ff3ItAujfptV1GtJhaI0x6Yr40O9wP5J+VWyLS/D8I=', '2020-06-17 18:36:33.976512', 0, 'adi_penulis', 'Adi', 'Wibawa', 'syariva2006@gmail.com', 0, 1, '2020-06-17 15:32:10.000000'),
(21, 'pbkdf2_sha256$120000$E6QWg5bZvnj5$kg+Wfz0L8A5/zT5Yr0cycAvWl0BUphGD+lnKVlZDk7Y=', '2020-06-17 19:12:07.337123', 0, 'phaksi_PJM', 'Phaksi', 'Nirwana', 'phaksi.nirwana@sman7semarang.sch.id', 0, 1, '2020-06-17 15:32:38.000000'),
(22, 'pbkdf2_sha256$120000$3stNutI8XFVE$qn9M10lJzwreAnftWbN9LfZkMK3hWouqyRkXzwCr5JM=', '2020-06-17 19:09:40.797682', 0, 'phaksi_penulis', 'Phaksi', 'Nirwana', 'phaksi.nirwana@sman7semarang.sch.id', 0, 1, '2020-06-17 15:32:53.000000'),
(23, 'pbkdf2_sha256$120000$rQ3YIuTzVn9y$Ly/oqdKlx0QPkBaFvPapRnN8M6czbr6dbiUqFudkJpk=', '2020-06-17 19:09:01.688049', 0, 'anggoro_PJM', 'Drs.Y.Anggoro', 'Triharyanto M.En', 'anggoro_pilar@yahoo.com', 0, 1, '2020-06-17 15:33:14.000000'),
(24, 'pbkdf2_sha256$120000$NPZ8aCUZtn27$x4O9I1HCCHJox+Fj8ienx+1YY9c1dKDoqPAPh37hga4=', '2020-06-17 19:02:30.811988', 0, 'anggoro_penulis', 'Drs.Y.Anggoro', 'Triharyanto M.En', 'anggoro_pilar@yahoo.com', 0, 1, '2020-06-17 15:33:30.000000'),
(25, 'pbkdf2_sha256$120000$ysQlexkLIweY$EBU+CFLrp6gB0xxtwNQdhpYwmfgBq+FebOQgdzrf59c=', '2020-06-26 01:44:55.414751', 0, 'yani_PJM', 'Yani', 'Risma', '', 0, 1, '2020-06-22 07:07:03.000000'),
(26, 'pbkdf2_sha256$120000$5Nk7zoiDqP7V$XtnLF/OTTGxUCcyMzZrLWK310DP7P1qE7atqljNIBZA=', NULL, 0, 'yani_penulis', 'Yani', 'Risma', '', 0, 1, '2020-06-22 07:07:28.000000'),
(27, 'pbkdf2_sha256$120000$NSblNixIac9r$GiFrs2OLGWoQZCIXbk+Gu+aC5Ouir5NMZVbw75xpQYw=', '2020-06-23 14:25:35.438319', 0, 'joshua_PJM', 'Joshua', 'Arianto', 'joshuaarianto7@gmail.com', 0, 1, '2020-06-22 16:42:38.000000'),
(28, 'pbkdf2_sha256$120000$c7omLx4HnRLr$Os8foIOYvhZlwhpXqMKOFJhHqvFOSjSI4olYmmSjDlg=', '2020-06-23 14:24:47.971259', 0, 'joshua_penulis', 'Joshua', 'Arianto', 'joshuaarianto7@gmail.com', 0, 1, '2020-06-22 16:43:28.000000'),
(29, 'pbkdf2_sha256$120000$6PPDgCDuMYzD$VxRkaAjbZlsE3crWnz2QtpjwwJnc7hyya0BN8j3W+VE=', '2020-06-23 14:08:11.353231', 0, 'kezia_PJM', 'Kezia', 'Amadea', 'ruthkeziaamadea@gmail.com', 0, 1, '2020-06-22 16:43:46.000000'),
(30, 'pbkdf2_sha256$120000$j1jfkIhIl4Qs$NPUOv68QRApfw9amInMHt+SWEw5GZed6eBYrM0EF41Q=', '2020-06-23 14:09:22.250074', 0, 'kezia_penulis', 'Kezia', 'Amadea', 'ruthkeziaamadea@gmail.com', 0, 1, '2020-06-22 16:44:07.000000'),
(31, 'pbkdf2_sha256$120000$Hi7muGtUdndU$QpKQZFknaprwT9At6TlSjQAPck8HqC1gor5t1xlyP70=', NULL, 0, 'khotimatul_pjm', 'Khotimatul', 'Khasanah', 'khotimatulkhasanah174@gmail.com', 0, 1, '2020-06-25 06:02:10.000000'),
(32, 'pbkdf2_sha256$120000$GhCpRPiJAQCw$Kss1xlyRSDlewuqwbQhiLeoB0FYruypneUkGxJqVt8g=', NULL, 0, 'khotimatul_penulis', 'Khotimatul', 'Khasanah', 'khotimatulkhasanah174@gmail.com', 0, 1, '2020-06-25 06:02:25.000000'),
(33, 'pbkdf2_sha256$120000$s8WmElqWlDWt$lfNTQ4lWoK4D8pAwvnKPCbsEV1uHQNvEvn2FKzt+JAs=', NULL, 0, 'Chalimatus_PJM', 'Chalimatus', 'Sa\'diyah', 'csadiyah9@gmail.com', 0, 1, '2020-06-25 06:03:15.000000'),
(34, 'pbkdf2_sha256$120000$BnymGr5ezSjE$PnlUlzo5g5SF61OVEfqn+hF5zsmQ9pNmzFaDZlogkCY=', NULL, 0, 'Chalimatus_penulis', 'Chalimatus', 'Sa\'diyah', 'csadiyah9@gmail.com', 0, 1, '2020-06-25 06:03:32.000000'),
(35, 'pbkdf2_sha256$120000$UwS3XiA4tSta$leVjdhS1ykbUM9h7De2FqEGjFxoTetVQrLLX+lo9+F0=', NULL, 0, 'Syarifah_PJM', 'Syarifah', 'Fitria Nurul Aini', 'syarifahfitrianurulaini03@gmail.com', 0, 1, '2020-06-25 06:04:48.000000'),
(36, 'pbkdf2_sha256$120000$BeIMs6FuOomi$Ecyesvzhj4JLi+SUikz2ziGK/pKWV1wv/Nk1oG+0hbo=', NULL, 0, 'Syarifah_penulis', 'Syarifah', 'Fitria Nurul Aini', 'syarifahfitrianurulaini03@gmail.com', 0, 1, '2020-06-25 06:04:59.000000'),
(37, 'pbkdf2_sha256$120000$uIO45ZojA4dL$YjinqG8Q5BPcStDmOQt2R7F+b8qFJMNpSVk5hDLlNIA=', '2020-07-06 02:54:23.952486', 0, 'Abhallaali_PJM', 'Abhallaali', '', 'elyabhal@gmail.com', 0, 1, '2020-06-25 06:05:34.000000'),
(38, 'pbkdf2_sha256$120000$MkeE0iOOH1wL$ArpXTrfPO2CZKcdO2udu7X7h3I87cH8Pjw9yQSRnk38=', NULL, 0, 'Abhallaali_penulis', 'Abhallaali', '', 'elyabhal@gmail.com', 0, 1, '2020-06-25 06:05:48.000000'),
(39, 'pbkdf2_sha256$120000$X4lwDhr0ofoH$m4rayM0v147y2aF0jUnCKrCdAF85F8YgQUFmKDjRnXM=', NULL, 0, 'Rizka_PJM', 'Rizka', 'Amalia', 'rizka2315@gmail.com', 0, 1, '2020-06-25 06:06:08.000000'),
(40, 'pbkdf2_sha256$120000$sXtqp3e5H85G$PBAAEzVsPrU4KHtt8Fn0iTJ7GWf5oOm6sP6GEb/LuOo=', NULL, 0, 'Rizka_penulis', 'Rizka', 'Amalia', 'rizka2315@gmail.com', 0, 1, '2020-06-25 06:06:18.000000'),
(41, 'pbkdf2_sha256$120000$QdvjAFy6PY79$RuEtYVvaEytqiLnq8/q6lRG+y8jUc2jmufFIDv07o7E=', NULL, 0, 'Aulia_PJM', 'Aulia', 'Khafifah', 'auliakhafifah25@gmail.com', 0, 1, '2020-06-25 06:06:47.000000'),
(42, 'pbkdf2_sha256$120000$BMieNzjb9emL$Z44gJgyqx7cLHEuSra3IKI7i/MGQOXe1ziEHcKao1YU=', NULL, 0, 'Aulia_penulis', 'Aulia', 'Khafifah', 'auliakhafifah25@gmail.com', 0, 1, '2020-06-25 06:06:57.000000'),
(43, 'pbkdf2_sha256$120000$meL9wQZp0sn1$dNwmYUIRTAG02X61amDd5DnDxQlKAYtqZmA7+4eakNc=', NULL, 0, 'Lutfiyah_PJM', 'Lutfiyah', 'Nurfahria', 'lutfiyahnf@gmail.com', 0, 1, '2020-06-25 06:07:29.000000'),
(44, 'pbkdf2_sha256$120000$bb0Wcq2EP67t$vSujFVdzogGJ/toXmXW+2gg3wUA40j9eBPpAs2ix42A=', NULL, 0, 'Lutfiyah_Penulis', 'Lutfiyah', 'Nurfahria', 'lutfiyahnf@gmail.com', 0, 1, '2020-06-25 06:07:42.000000'),
(45, 'pbkdf2_sha256$120000$mhmTLCudpDl0$F9azQ153xFMoib7L90Ui1TtIBCrCvLpqj3xfiB3Ccsk=', NULL, 0, 'Nurul_PJM', 'Nurul', 'Umi Makhmudah', 'khaynuriel.ilham@gmail.com', 0, 1, '2020-06-25 06:08:03.000000'),
(46, 'pbkdf2_sha256$120000$FBW8GmMScNNP$9JnfMmeV8w9N9bL5YtUhNA76hzVBW2iVYnDbU/b6HZ8=', NULL, 0, 'Nurul_Penulis', 'Nurul', 'Umi Makhmudah', 'khaynuriel.ilham@gmail.com', 0, 1, '2020-06-25 06:08:20.000000'),
(47, 'pbkdf2_sha256$120000$TOth1S1aechi$4NNJPtlsHL7dvTu/MaN8Cpq1cPt1CJS8MY7czpkulu8=', NULL, 0, 'UmiFatihah_PJM', 'Umi', 'Fatihah HN', 'umifatihahhn@gmail.com', 0, 1, '2020-06-25 06:08:42.000000'),
(48, 'pbkdf2_sha256$120000$Evs3vHlP4Mxm$CDgc905rnBumx9l5BQXpPl5sHxx1tp7k4J/aH2eXIh4=', NULL, 0, 'UmiFatihah_Penulis', 'Umi', 'Fatihah HN', 'umifatihahhn@gmail.com', 0, 1, '2020-06-25 06:09:05.000000'),
(49, 'pbkdf2_sha256$120000$xhktXNeTuL5R$kNLv1WSKhkc6SIjtfxF1s3vZDoMa21dVerXv/6QU5rw=', NULL, 0, 'Umniyyatur_PJM', 'Umniyyatur', 'Rohimah', 'umniyyaturrohimah@gmail.com', 0, 1, '2020-06-25 06:09:54.000000'),
(50, 'pbkdf2_sha256$120000$NdbnILJ3ryo4$6EJTHumANOGKGo5aqUTTjdODTGancgMFH2BhY2WgvQM=', NULL, 0, 'Umniyyatur_penulis', 'Umniyyatur', 'Rohimah', 'umniyyaturrohimah@gmail.com', 0, 1, '2020-06-25 06:10:10.000000'),
(51, 'pbkdf2_sha256$120000$cMyMcGpNFs1h$n7zwj0hQeO+bfDTNqSsbmJpJYY+dagv/9/W6nDpEcIY=', NULL, 0, 'Esti_PJM', 'Esti', 'Makrufah', 'estimakrufah1607@gmail.com', 0, 1, '2020-06-25 06:10:34.000000'),
(52, 'pbkdf2_sha256$120000$Rgzz6SpClyLK$BBCdr2RNFgLNMUluaa1bPrgvoT6BWLQVwchwBLoMb2Y=', NULL, 0, 'Esti_Penulis', 'Esti', 'Makrufah', 'estimakrufah1607@gmail.com', 0, 1, '2020-06-25 06:10:46.000000'),
(53, 'pbkdf2_sha256$120000$CQXsM3aD89rs$JbKEg1qYTNzZNzJ3Ryr7wC3oxFrG7U5V63Xf5wfcgUY=', '2020-07-06 03:28:24.534752', 0, 'Teny_PJM', 'Teny', 'Handayani', 'tenyhandayani89@gmail.com', 0, 1, '2020-06-25 06:11:10.000000'),
(54, 'pbkdf2_sha256$120000$oEtMT0c6XbQJ$1rx5xRyVo01F4GWyHqckOh/WFB4PH/f0rYmV/YiBiEU=', NULL, 0, 'Teny_Penulis', 'Teny', 'Handayani', 'tenyhandayani89@gmail.com', 0, 1, '2020-06-25 06:11:21.000000'),
(55, 'pbkdf2_sha256$120000$lTgfkf7TmNqJ$3nUnAURjtYhMmQU/ryCspWBP+VdFL2ChUnL/DFaeePY=', NULL, 0, 'UmiLatifah_PJM', 'Umi', 'Latifah', 'kelepeng.umeng@gmail.com', 0, 1, '2020-06-25 06:11:38.000000'),
(56, 'pbkdf2_sha256$120000$eCXLslSuAdAR$Vu5rHjYRlVpFVPy+OjOMm3DZetqrdxX5zM4yFe/6oPI=', NULL, 0, 'UmiLatifah_Penulis', 'Umi', 'Latifah', 'kelepeng.umeng@gmail.com', 0, 1, '2020-06-25 06:11:52.000000'),
(57, 'pbkdf2_sha256$120000$IzDbIXYHETMz$UjQXYHT+vtKfue9/SnbR28VL0PJpy7iy87PFlWE7fZg=', NULL, 0, 'Ririn_PJM', 'Ririn', 'Mufarrokah', 'ririnmufarrokah@gmail.com', 0, 1, '2020-06-25 06:12:19.000000'),
(58, 'pbkdf2_sha256$120000$oDGMKSeAhfcN$lLeJNJPnbh1DHNeFlQsEFzx3lBDt1A+z27kLo4Ubfj4=', NULL, 0, 'Ririn_Penulis', 'Ririn', 'Mufarrokah', 'ririnmufarrokah@gmail.com', 0, 1, '2020-06-25 06:12:33.000000'),
(59, 'pbkdf2_sha256$120000$mF9z35dZ6TBb$3d5JZNMUxIQCI0ncrAv0psbZ2dRMUrjetd9wirsAis4=', NULL, 0, 'AyuPusvita_PJM', 'Ayu', 'Pusvita Sari', 'ayupusvita43@gmail.com', 0, 1, '2020-06-25 06:12:57.000000'),
(60, 'pbkdf2_sha256$120000$2u5EvsZaQLAb$WS+QtUgbbvgRy4N9p4N1MjRmnhWE5wMBmnZSBICcVGE=', NULL, 0, 'AyuPusvita_Penulis', 'Ayu', 'Pusvita Sari', 'ayupusvita43@gmail.com', 0, 1, '2020-06-25 06:14:13.000000'),
(61, 'pbkdf2_sha256$120000$5pweM065kilf$lpYV4pyM0hTBvEvxdMuaw611jfZueWjL8KIDLvZjJTE=', '2020-07-06 09:20:19.902993', 0, 'Febry_PJM', 'Febry', 'Kusuma Wardani', 'febryk.wardhani@gmail.com', 0, 1, '2020-06-25 06:14:38.000000'),
(62, 'pbkdf2_sha256$120000$zRZL1zfKBCaJ$fcIitR4l1SFfABodLSMdKGmPrCdtSYvjcn6px7lNJcE=', '2020-07-06 08:59:51.549490', 0, 'Febry_Penulis', 'Febry', 'Kusuma Wardhani', 'febryk.wardhani@gmail.com', 0, 1, '2020-06-25 06:14:56.000000');

-- --------------------------------------------------------

--
-- Struktur dari tabel `auth_user_groups`
--

CREATE TABLE `auth_user_groups` (
  `id` int(11) NOT NULL,
  `user_id` int(11) NOT NULL,
  `group_id` int(11) NOT NULL
) ENGINE=InnoDB DEFAULT CHARSET=latin1;

--
-- Dumping data untuk tabel `auth_user_groups`
--

INSERT INTO `auth_user_groups` (`id`, `user_id`, `group_id`) VALUES
(2, 3, 2),
(4, 4, 1),
(3, 5, 2),
(5, 6, 2),
(6, 7, 1),
(7, 8, 1),
(8, 9, 2),
(9, 10, 1),
(11, 11, 1),
(12, 12, 2),
(22, 13, 2),
(21, 14, 1),
(14, 15, 2),
(13, 16, 1),
(20, 17, 2),
(19, 18, 1),
(16, 19, 2),
(15, 20, 1),
(24, 21, 2),
(23, 22, 1),
(18, 23, 2),
(17, 24, 1),
(26, 25, 2),
(25, 26, 1),
(29, 27, 2),
(30, 28, 1),
(28, 29, 2),
(27, 30, 1),
(45, 31, 2),
(44, 32, 1),
(39, 33, 2),
(38, 34, 1),
(55, 35, 2),
(54, 36, 1),
(33, 37, 2),
(32, 38, 1),
(53, 39, 2),
(52, 40, 1),
(35, 41, 2),
(34, 42, 1),
(47, 43, 2),
(46, 44, 1),
(49, 45, 2),
(48, 46, 1),
(58, 47, 2),
(31, 48, 1),
(62, 49, 2),
(61, 50, 1),
(40, 51, 2),
(41, 52, 1),
(57, 53, 2),
(56, 54, 1),
(60, 55, 2),
(59, 56, 1),
(51, 57, 2),
(50, 58, 1),
(37, 59, 2),
(36, 60, 1),
(43, 61, 2),
(42, 62, 1);

-- --------------------------------------------------------

--
-- Struktur dari tabel `auth_user_user_permissions`
--

CREATE TABLE `auth_user_user_permissions` (
  `id` int(11) NOT NULL,
  `user_id` int(11) NOT NULL,
  `permission_id` int(11) NOT NULL
) ENGINE=InnoDB DEFAULT CHARSET=latin1;

-- --------------------------------------------------------

--
-- Struktur dari tabel `django_admin_log`
--

CREATE TABLE `django_admin_log` (
  `id` int(11) NOT NULL,
  `action_time` datetime(6) NOT NULL,
  `object_id` longtext,
  `object_repr` varchar(200) NOT NULL,
  `action_flag` smallint(5) UNSIGNED NOT NULL,
  `change_message` longtext NOT NULL,
  `content_type_id` int(11) DEFAULT NULL,
  `user_id` int(11) NOT NULL
) ENGINE=InnoDB DEFAULT CHARSET=latin1;

--
-- Dumping data untuk tabel `django_admin_log`
--

INSERT INTO `django_admin_log` (`id`, `action_time`, `object_id`, `object_repr`, `action_flag`, `change_message`, `content_type_id`, `user_id`) VALUES
(1, '2020-05-09 18:14:20.507099', '1', '2222 - 222', 1, '[{\"added\": {}}]', 12, 1),
(2, '2020-05-10 16:00:01.500978', '1', '2222 - 222', 3, '', 12, 1),
(3, '2020-05-10 16:11:53.017409', '2', '10 - Memahami, menerapkan, dan menganalisis pengetahuan faktual, konseptual, prosedural berdasarkan rasa ingintahunya tentang ilmu pengetahuan, teknologi, seni, budaya, dan humaniora dengan wawasan ke', 1, '[{\"added\": {}}]', 12, 1),
(4, '2020-05-10 16:14:32.516411', '3', '10 - Mengolah, menalar, dan menyaji dalam ranah konkret dan ranah abstrak terkait dengan pengembangan dari yang dipelajarinya di sekolah secara mandiri, dan mampu menggunakan metoda sesuai kaidah keil', 1, '[{\"added\": {}}]', 12, 1),
(5, '2020-05-10 16:15:33.110189', '4', '11 - Memahami ,menerapkan, dan menganalisis pengetahuan faktual, konseptual, prosedural, dan metakognitif berdasarkan rasa ingintahunya tentang ilmu pengetahuan, teknologi, seni, budaya, dan humaniora', 1, '[{\"added\": {}}]', 12, 1),
(6, '2020-05-10 16:15:58.215438', '5', '11 - Mengolah, menalar, dan menyaji dalam ranah konkret dan ranah abstrak terkait dengan pengembangan dari yang dipelajarinya di sekolah secara mandiri, bertindak secara efektif dan kreatif, serta mam', 1, '[{\"added\": {}}]', 12, 1),
(7, '2020-05-10 16:16:26.215585', '6', '11 - Memahami, menerapkan, menganalisis dan mengevaluasi pengetahuan faktual, konseptual, prosedural, dan metakognitif berdasarkan rasa ingintahunya tentang ilmu pengetahuan, teknologi, seni, budaya, ', 1, '[{\"added\": {}}]', 12, 1),
(8, '2020-05-10 16:16:53.914100', '7', '12 - Mengolah, menalar, menyaji, dan mencipta dalam ranah konkret dan ranah abstrak terkait dengan pengembangan dari yang dipelajarinya di sekolah secara mandiri serta bertindak secara efektif dan kre', 1, '[{\"added\": {}}]', 12, 1),
(9, '2020-05-10 16:18:09.232160', '6', '12 - Memahami, menerapkan, menganalisis dan mengevaluasi pengetahuan faktual, konseptual, prosedural, dan metakognitif berdasarkan rasa ingintahunya tentang ilmu pengetahuan, teknologi, seni, budaya, ', 2, '[{\"changed\": {\"fields\": [\"kelas\"]}}]', 12, 1),
(10, '2020-05-10 16:48:48.136106', '1', 'Dimensi Tiga', 1, '[{\"added\": {}}]', 9, 1),
(11, '2020-05-10 16:48:58.518918', '2', 'Peluang', 1, '[{\"added\": {}}]', 9, 1),
(12, '2020-05-10 16:49:06.677342', '3', 'Statistika', 1, '[{\"added\": {}}]', 9, 1),
(13, '2020-05-10 16:49:13.629748', '1', 'Dimensi Tiga', 2, '[{\"changed\": {\"fields\": [\"kelas\"]}}]', 9, 1),
(14, '2020-05-10 16:54:28.849284', '1', 'Mendeskripsikan jarak dalam ruang (antar titik, titik ke garis, dan titik ke bidang)', 1, '[{\"added\": {}}]', 8, 1),
(15, '2020-05-10 16:55:17.130675', '2', 'Menentukan dan menganalisis ukuran pemusatan dan penyebaran data yang disajikan dalam bentuk tabel distribusi frekuensi dan histogram', 1, '[{\"added\": {}}]', 8, 1),
(16, '2020-05-10 16:56:21.927388', '3', 'Menganalisis aturan pencacahan (aturan penjumlahan, aturan perkalian, permutasi, dan kombinasi) melalui masalah kontekstual', 1, '[{\"added\": {}}]', 8, 1),
(17, '2020-05-10 16:56:43.097213', '4', 'Mendeskripsikan dan menentukan peluang kejadian majemuk (peluang kejadian-kejadian saling bebas, saling lepas, dan kejadian bersyarat) dari suatu percobaan acak', 1, '[{\"added\": {}}]', 8, 1),
(18, '2020-05-10 16:57:24.093988', '5', 'Menentukan jarak dalam ruang (antar titik, titik ke garis, dan titik ke bidang)', 1, '[{\"added\": {}}]', 8, 1),
(19, '2020-05-10 16:57:24.269514', '6', 'Menentukan jarak dalam ruang (antar titik, titik ke garis, dan titik ke bidang)', 1, '[{\"added\": {}}]', 8, 1),
(20, '2020-05-10 16:57:52.379124', '7', 'Menyelesaikan masalah yang berkaitan dengan penyajian data hasil pengukuran dan pencacahan dalam tabel distribusi frekuensi dan histogram', 1, '[{\"added\": {}}]', 8, 1),
(21, '2020-05-10 16:58:17.237746', '8', 'Menyelesaikan masalah kontekstual yang berkaitan dengan kaidah pencacahan (aturan penjumlahan, aturan perkalian, permutasi, dan kombinasi)', 1, '[{\"added\": {}}]', 8, 1),
(22, '2020-05-10 16:58:42.227891', '9', 'Menyelesaikan masalah yang berkaitan dengan peluang kejadian majemuk (peluang, kejadian-kejadian saling bebas, saling lepas, dan kejadian bersyarat)', 1, '[{\"added\": {}}]', 8, 1),
(23, '2020-05-10 17:12:19.650717', '4', 'Persamaan dan Pertidaksamaan Nilai Mutlak Linear Satu Variabel', 1, '[{\"added\": {}}]', 9, 1),
(24, '2020-05-10 17:13:47.746861', '5', 'Sistem Persamaan Linear Tiga Variabel', 1, '[{\"added\": {}}]', 9, 1),
(25, '2020-05-10 17:13:58.183580', '6', 'Fungsi', 1, '[{\"added\": {}}]', 9, 1),
(26, '2020-05-10 17:14:07.665399', '7', 'Trigonometri', 1, '[{\"added\": {}}]', 9, 1),
(27, '2020-05-10 17:17:46.063115', '10', 'Mengintepretasi persamaan dan pertidaksamaan nilai mutlak dari bentuk linear satu variabel dengan persamaan dan pertidaksamaan linear Aljabar lainnya', 1, '[{\"added\": {}}]', 8, 1),
(28, '2020-05-10 17:18:16.536212', '11', 'Menyelesaikan masalah yang berkaitan dengan persamaan dan pertidaksamaan nilai mutlak dari bentuk linear satu variabel', 1, '[{\"added\": {}}]', 8, 1),
(29, '2020-05-10 17:20:33.151382', '12', 'Menjelaskan dan menentukan penyelesaian pertidaksamaan rasional dan irasional satu variabel', 1, '[{\"added\": {}}]', 8, 1),
(30, '2020-05-10 17:20:51.200327', '13', 'Menyelesaikan masalah yang berkaitan dengan pertidaksamaan rasional dan irasional satu variabel', 1, '[{\"added\": {}}]', 8, 1),
(31, '2020-05-10 17:21:32.548348', '14', 'Menyusun sistem persamaan linear tiga variabel dari masalah kontekstual', 1, '[{\"added\": {}}]', 8, 1),
(32, '2020-05-10 17:22:22.884480', '15', 'Menyelesaikan masalah kontekstual yang berkaitan dengan sistem persamaan linear tiga variable', 1, '[{\"added\": {}}]', 8, 1),
(33, '2020-05-10 17:23:06.445572', '16', 'Menjelaskan dan menentukan penyelesaian sistem pertidaksamaan dua variabel (linear-kuadrat dan kuadrat-kuadrat)', 1, '[{\"added\": {}}]', 8, 1),
(34, '2020-05-10 17:23:27.610317', '17', 'Menyajikan dan menyelesaikan masalah yang berkaitan dengan sistem pertidaksamaan dua variabel (linear-kuadrat dan kuadrat-kuadrat)', 1, '[{\"added\": {}}]', 8, 1),
(35, '2020-05-10 18:16:02.480563', '18', 'Menjelaskan dan menentukan fungsi (terutama fungsi linear, fungsi kuadrat, dan fungsi rasional) secara formal yang meliputi notasi, daerah asal, daerah hasil, dan ekspresi simbolik, serta sketsa grafi', 1, '[{\"added\": {}}]', 8, 1),
(36, '2020-05-10 18:16:32.005908', '19', 'Menjelaskan operasi komposisi pada fungsi dan operasi invers pada fungsi invers serta sifat-sifatnya serta menentukan eksistensinya', 1, '[{\"added\": {}}]', 8, 1),
(37, '2020-05-10 18:17:11.023023', '20', 'Menganalisa karakteristik masing – masing grafik (titik potong dengan sumbu, titik puncak, asimtot) dan perubahan grafik fungsinya akibat transformasi f^2(x), 1/f(x), |f(x)| dsb', 1, '[{\"added\": {}}]', 8, 1),
(38, '2020-05-10 18:17:36.458772', '21', 'Menyelesaikan masalah yang berkaitan dengan operasi komposisi dan operasi invers suatu fungsi', 1, '[{\"added\": {}}]', 8, 1),
(39, '2020-05-10 18:18:24.142527', '22', 'Menjelaskan rasio trigonometri (sinus, cosinus, tangen, cosecan, secan, dan cotangen) pada segitiga siku-siku', 1, '[{\"added\": {}}]', 8, 1),
(40, '2020-05-10 18:18:44.306397', '23', 'Menyelesaikan masalah kontekstual yang berkaitan dengan rasio trigonometri (sinus, cosinus, tangen, cosecan, secan, dan cotangen) pada segitiga siku-siku', 1, '[{\"added\": {}}]', 8, 1),
(41, '2020-05-10 18:19:52.965311', '24', 'Menggeneralisasi rasio trigonometri untuk sudut-sudut di berbagai kuadran dan sudut-sudut berelasi', 1, '[{\"added\": {}}]', 8, 1),
(42, '2020-05-10 18:20:14.882061', '25', 'Menyelesaikan masalah kontekstual yang berkaitan dengan rasio trigonometri sudut-sudut di berbagai kuadran dan sudut-sudut berelasi', 1, '[{\"added\": {}}]', 8, 1),
(43, '2020-05-10 18:20:47.905882', '26', '3.9 Menjelaskan aturan sinus dan cosinus', 1, '[{\"added\": {}}]', 8, 1),
(44, '2020-05-10 18:21:21.062024', '27', '4.9 Menyelesaikan masalah yang berkaitan dengan aturan sinus dan cosinus', 1, '[{\"added\": {}}]', 8, 1),
(45, '2020-05-10 18:21:36.369658', '28', '3.10 Menjelaskan fungsi trigonometri dengan menggunakan lingkaran satuan', 1, '[{\"added\": {}}]', 8, 1),
(46, '2020-05-10 18:21:56.230227', '29', '4.10 Menganalisa perubahan grafik fungsi trigonometri akibat perubahan pada konstanta pada fungsi y = a sin b(x + c) + d.', 1, '[{\"added\": {}}]', 8, 1),
(47, '2020-05-10 18:22:22.187857', '25', '4.8 Menyelesaikan masalah kontekstual yang berkaitan dengan rasio trigonometri sudut-sudut di berbagai kuadran dan sudut-sudut berelasi', 2, '[{\"changed\": {\"fields\": [\"deskripsi\"]}}]', 8, 1),
(48, '2020-05-10 18:22:34.510183', '24', '3.8 Menggeneralisasi rasio trigonometri untuk sudut-sudut di berbagai kuadran dan sudut-sudut berelasi', 2, '[{\"changed\": {\"fields\": [\"deskripsi\"]}}]', 8, 1),
(49, '2020-05-10 18:23:09.908215', '23', '4.7 Menyelesaikan masalah kontekstual yang berkaitan dengan rasio trigonometri (sinus, cosinus, tangen, cosecan, secan, dan cotangen) pada segitiga siku-siku', 2, '[{\"changed\": {\"fields\": [\"deskripsi\"]}}]', 8, 1),
(50, '2020-05-10 18:23:21.943003', '22', '3.7 Menjelaskan rasio trigonometri (sinus, cosinus, tangen, cosecan, secan, dan cotangen) pada segitiga siku-siku', 2, '[{\"changed\": {\"fields\": [\"deskripsi\"]}}]', 8, 1),
(51, '2020-05-10 18:23:48.592616', '21', '4.6 Menyelesaikan masalah yang berkaitan dengan operasi komposisi dan operasi invers suatu fungsi', 2, '[{\"changed\": {\"fields\": [\"deskripsi\"]}}]', 8, 1),
(52, '2020-05-10 18:24:12.813386', '20', '4.5 Menganalisa karakteristik masing-masing grafik (titik potong dengan sumbu, titik puncak, asimtot) dan perubahan grafik fungsinya akibat transformasi f^2(x), 1/f(x), |f(x)| dsb', 2, '[{\"changed\": {\"fields\": [\"deskripsi\"]}}]', 8, 1),
(53, '2020-05-10 18:24:32.440884', '19', '3.6 Menjelaskan operasi komposisi pada fungsi dan operasi invers pada fungsi invers serta sifat-sifatnya serta menentukan eksistensinya', 2, '[{\"changed\": {\"fields\": [\"deskripsi\"]}}]', 8, 1),
(54, '2020-05-10 18:24:53.522585', '18', '3.5 Menjelaskan dan menentukan fungsi (terutama fungsi linear, fungsi kuadrat, dan fungsi rasional) secara formal yang meliputi notasi, daerah asal, daerah hasil, dan ekspresi simbolik, serta sketsa g', 2, '[{\"changed\": {\"fields\": [\"deskripsi\"]}}]', 8, 1),
(55, '2020-05-10 18:26:43.251286', '17', '4.4 Menyajikan dan menyelesaikan masalah yang berkaitan dengan sistem pertidaksamaan dua variabel (linear-kuadrat dan kuadrat-kuadrat)', 2, '[{\"changed\": {\"fields\": [\"deskripsi\"]}}]', 8, 1),
(56, '2020-05-10 18:27:00.398519', '16', '3.4 Menjelaskan dan menentukan penyelesaian sistem pertidaksamaan dua variabel (linear-kuadrat dan kuadrat-kuadrat)', 2, '[{\"changed\": {\"fields\": [\"deskripsi\"]}}]', 8, 1),
(57, '2020-05-10 18:27:18.640616', '15', '4.3 Menyelesaikan masalah kontekstual yang berkaitan dengan sistem persamaan linear tiga variable', 2, '[{\"changed\": {\"fields\": [\"deskripsi\"]}}]', 8, 1),
(58, '2020-05-10 18:27:35.466259', '14', '3.3 Menyusun sistem persamaan linear tiga variabel dari masalah kontekstual', 2, '[{\"changed\": {\"fields\": [\"deskripsi\"]}}]', 8, 1),
(59, '2020-05-10 18:27:57.448183', '13', '4.2 Menyelesaikan masalah yang berkaitan dengan pertidaksamaan rasional dan irasional satu variabel', 2, '[{\"changed\": {\"fields\": [\"deskripsi\"]}}]', 8, 1),
(60, '2020-05-10 18:28:09.506199', '12', '3.2 Menjelaskan dan menentukan penyelesaian pertidaksamaan rasional dan irasional satu variabel', 2, '[{\"changed\": {\"fields\": [\"deskripsi\"]}}]', 8, 1),
(61, '2020-05-10 18:28:20.164914', '11', '4.1 Menyelesaikan masalah yang berkaitan dengan persamaan dan pertidaksamaan nilai mutlak dari bentuk linear satu variabel', 2, '[{\"changed\": {\"fields\": [\"deskripsi\"]}}]', 8, 1),
(62, '2020-05-10 18:28:30.477375', '10', '3.1 Mengintepretasi persamaan dan pertidaksamaan nilai mutlak dari bentuk linear satu variabel dengan persamaan dan pertidaksamaan linear Aljabar lainnya', 2, '[{\"changed\": {\"fields\": [\"deskripsi\"]}}]', 8, 1),
(63, '2020-05-10 18:30:03.526600', '9', '4.4 Menyelesaikan masalah yang berkaitan dengan peluang kejadian majemuk (peluang, kejadian-kejadian saling bebas, saling lepas, dan kejadian bersyarat)', 2, '[{\"changed\": {\"fields\": [\"deskripsi\"]}}]', 8, 1),
(64, '2020-05-10 18:30:16.285331', '8', '3.4 Menyelesaikan masalah kontekstual yang berkaitan dengan kaidah pencacahan (aturan penjumlahan, aturan perkalian, permutasi, dan kombinasi)', 2, '[{\"changed\": {\"fields\": [\"deskripsi\"]}}]', 8, 1),
(65, '2020-05-10 18:30:30.893743', '7', '4.3 Menyelesaikan masalah yang berkaitan dengan penyajian data hasil pengukuran dan pencacahan dalam tabel distribusi frekuensi dan histogram', 2, '[{\"changed\": {\"fields\": [\"deskripsi\"]}}]', 8, 1),
(66, '2020-05-10 18:31:07.819118', '6', '4.1 Menentukan jarak dalam ruang (antar titik, titik ke garis, dan titik ke bidang)', 2, '[{\"changed\": {\"fields\": [\"deskripsi\"]}}]', 8, 1),
(67, '2020-05-10 18:31:22.078287', '5', 'Menentukan jarak dalam ruang (antar titik, titik ke garis, dan titik ke bidang)', 3, '', 8, 1),
(68, '2020-05-10 18:31:39.296380', '4', '3.4 Mendeskripsikan dan menentukan peluang kejadian majemuk (peluang kejadian-kejadian saling bebas, saling lepas, dan kejadian bersyarat) dari suatu percobaan acak', 2, '[{\"changed\": {\"fields\": [\"deskripsi\"]}}]', 8, 1),
(69, '2020-05-10 18:31:58.555015', '8', '4.3 Menyelesaikan masalah kontekstual yang berkaitan dengan kaidah pencacahan (aturan penjumlahan, aturan perkalian, permutasi, dan kombinasi)', 2, '[{\"changed\": {\"fields\": [\"deskripsi\"]}}]', 8, 1),
(70, '2020-05-10 18:32:18.929250', '7', '4.2 Menyelesaikan masalah yang berkaitan dengan penyajian data hasil pengukuran dan pencacahan dalam tabel distribusi frekuensi dan histogram', 2, '[{\"changed\": {\"fields\": [\"deskripsi\"]}}]', 8, 1),
(71, '2020-05-10 18:32:28.182765', '3', '3.3 Menganalisis aturan pencacahan (aturan penjumlahan, aturan perkalian, permutasi, dan kombinasi) melalui masalah kontekstual', 2, '[{\"changed\": {\"fields\": [\"deskripsi\"]}}]', 8, 1),
(72, '2020-05-10 18:32:36.564376', '2', '3.2 Menentukan dan menganalisis ukuran pemusatan dan penyebaran data yang disajikan dalam bentuk tabel distribusi frekuensi dan histogram', 2, '[{\"changed\": {\"fields\": [\"deskripsi\"]}}]', 8, 1),
(73, '2020-05-10 18:32:44.261278', '1', '3.1 Mendeskripsikan jarak dalam ruang (antar titik, titik ke garis, dan titik ke bidang)', 2, '[{\"changed\": {\"fields\": [\"deskripsi\"]}}]', 8, 1),
(74, '2020-05-10 18:33:11.134482', '7', '12 - 4. Mengolah, menalar, menyaji, dan mencipta dalam ranah konkret dan ranah abstrak terkait dengan pengembangan dari yang dipelajarinya di sekolah secara mandiri serta bertindak secara efektif dan ', 2, '[{\"changed\": {\"fields\": [\"deskripsi\"]}}]', 12, 1),
(75, '2020-05-10 18:33:22.365790', '6', '12 - 3. Memahami, menerapkan, menganalisis dan mengevaluasi pengetahuan faktual, konseptual, prosedural, dan metakognitif berdasarkan rasa ingintahunya tentang ilmu pengetahuan, teknologi, seni, buday', 2, '[{\"changed\": {\"fields\": [\"deskripsi\"]}}]', 12, 1),
(76, '2020-05-10 18:33:54.159915', '5', '11 - 4. Mengolah, menalar, dan menyaji dalam ranah konkret dan ranah abstrak terkait dengan pengembangan dari yang dipelajarinya di sekolah secara mandiri, bertindak secara efektif dan kreatif, serta ', 2, '[{\"changed\": {\"fields\": [\"deskripsi\"]}}]', 12, 1),
(77, '2020-05-10 18:34:02.137510', '4', '11 - 3. Memahami ,menerapkan, dan menganalisis pengetahuan faktual, konseptual, prosedural, dan metakognitif berdasarkan rasa ingintahunya tentang ilmu pengetahuan, teknologi, seni, budaya, dan humani', 2, '[{\"changed\": {\"fields\": [\"deskripsi\"]}}]', 12, 1),
(78, '2020-05-10 18:34:10.356530', '3', '10 - 4. Mengolah, menalar, dan menyaji dalam ranah konkret dan ranah abstrak terkait dengan pengembangan dari yang dipelajarinya di sekolah secara mandiri, dan mampu menggunakan metoda sesuai kaidah k', 2, '[{\"changed\": {\"fields\": [\"deskripsi\"]}}]', 12, 1),
(79, '2020-05-10 18:34:17.895259', '2', '10 - 3. Memahami, menerapkan, dan menganalisis pengetahuan faktual, konseptual, prosedural berdasarkan rasa ingintahunya tentang ilmu pengetahuan, teknologi, seni, budaya, dan humaniora dengan wawasan', 2, '[{\"changed\": {\"fields\": [\"deskripsi\"]}}]', 12, 1),
(80, '2020-05-10 18:40:12.146642', '8', 'Induksi Matematis', 1, '[{\"added\": {}}]', 9, 1),
(81, '2020-05-10 18:40:27.884005', '9', 'Program Linear', 1, '[{\"added\": {}}]', 9, 1),
(82, '2020-05-10 18:40:53.166719', '10', 'Matriks', 1, '[{\"added\": {}}]', 9, 1),
(83, '2020-05-10 18:41:08.100543', '11', 'Transformasi', 1, '[{\"added\": {}}]', 9, 1),
(84, '2020-05-10 18:41:22.902467', '12', 'Barisan', 1, '[{\"added\": {}}]', 9, 1),
(85, '2020-05-10 18:41:33.985445', '11', 'Transformasi', 2, '[{\"changed\": {\"fields\": [\"kelas\"]}}]', 9, 1),
(86, '2020-05-10 18:41:43.437837', '10', 'Matriks', 2, '[{\"changed\": {\"fields\": [\"kelas\"]}}]', 9, 1),
(87, '2020-05-10 18:41:48.751559', '9', 'Program Linear', 2, '[{\"changed\": {\"fields\": [\"kelas\"]}}]', 9, 1),
(88, '2020-05-10 18:41:54.106401', '8', 'Induksi Matematis', 2, '[{\"changed\": {\"fields\": [\"kelas\"]}}]', 9, 1),
(89, '2020-05-10 18:42:06.475067', '13', 'Limit Fungsi', 1, '[{\"added\": {}}]', 9, 1),
(90, '2020-05-10 18:42:21.244133', '14', 'Turunan', 1, '[{\"added\": {}}]', 9, 1),
(91, '2020-05-10 18:42:31.636224', '15', 'Integral', 1, '[{\"added\": {}}]', 9, 1),
(92, '2020-05-10 18:43:39.828211', '30', '3.1 Menjelaskan metode pembuktian Pernyataan matematis berupa barisan, ketidaksamaan, keterbagiaan dengan induksi matematika', 1, '[{\"added\": {}}]', 8, 1),
(93, '2020-05-10 18:44:14.516688', '31', '4.1 Menggunakan metode pembuktian induksi matematika untuk menguji pernyataan matematis berupa barisan, ketidaksamaan, keterbagiaan', 1, '[{\"added\": {}}]', 8, 1),
(94, '2020-05-10 18:45:38.485381', '32', '3.2 Menjelaskan program linear dua variabel dan metode penyelesaiannya dengan menggunakan masalah kontekstual', 1, '[{\"added\": {}}]', 8, 1),
(95, '2020-05-10 18:46:06.801736', '33', '4.2 Menyelesaikan masalah kontekstual yang berkaitan dengan program linear dua variabel', 1, '[{\"added\": {}}]', 8, 1),
(96, '2020-05-10 18:46:39.012203', '34', '3.3 Menjelaskan matriks dan kesamaan matriks dengan menggunakan masalah kontekstual dan melakukan operasi pada matriks yang meliputi penjumlahan, pengurangan, perkalian skalar, dan perkalian, serta tr', 1, '[{\"added\": {}}]', 8, 1),
(97, '2020-05-10 18:47:10.314339', '35', '4.3 Menyelesaikan masalah kontekstual yang berkaitan dengan matriks dan operasinya', 1, '[{\"added\": {}}]', 8, 1),
(98, '2020-05-10 18:47:38.563382', '36', '3.4 Menganalisis sifat-sifat determinan dan invers matriks berordo 2×2 dan 3×3', 1, '[{\"added\": {}}]', 8, 1),
(99, '2020-05-10 18:47:54.751165', '37', '4.4 Menyelesaikan masalah yang berkaitan dengan determinan dan invers matriks berordo 2×2 dan 3×3', 1, '[{\"added\": {}}]', 8, 1),
(100, '2020-05-10 18:48:44.555603', '38', '3.5 Menganalisis dan membandingkan transformasi dan komposisi transformasi dengan menggunakan matriks', 1, '[{\"added\": {}}]', 8, 1),
(101, '2020-05-10 18:49:06.517025', '39', '4.5 Menyelesaikan masalah yang berkaitan dengan matriks transformasi geometri (translasi, refleksi, dilatasi dan rotasi)', 1, '[{\"added\": {}}]', 8, 1),
(102, '2020-05-10 18:49:42.883655', '40', '3.6 Menggeneralisasi pola bilangan dan jumlah pada barisan Aritmetika dan Geometri', 1, '[{\"added\": {}}]', 8, 1),
(103, '2020-05-10 18:50:03.096325', '41', '4.6 Menggunakan pola barisan aritmetika atau geometri untuk menyajikan dan menyelesaikan masalah kontekstual (termasuk pertumbuhan, peluruhan, bunga majemuk, dan anuitas)', 1, '[{\"added\": {}}]', 8, 1),
(104, '2020-05-10 18:50:39.903322', '42', '3.7 Menjelaskan limit fungsi aljabar (fungsi polinom dan fungsi rasional) secara intuitif dan sifat-sifatnya, serta menentukan eksistensinya', 1, '[{\"added\": {}}]', 8, 1),
(105, '2020-05-10 18:50:58.284961', '43', '4.7 Menyelesaikan masalah yang berkaitan dengan limit fungsi aljabar', 1, '[{\"added\": {}}]', 8, 1),
(106, '2020-05-10 18:51:43.169074', '44', '3.8 Menjelaskan sifat-sifat turunan fungsi aljabar dan menentukan turunan fungsi aljabar menggunakan definisi atau sifatsifat turunan fungsi', 1, '[{\"added\": {}}]', 8, 1),
(107, '2020-05-10 18:52:00.400431', '45', '4.8 Menyelesaikan masalah yang berkaitan dengan turunan fungsi aljabar', 1, '[{\"added\": {}}]', 8, 1),
(108, '2020-05-10 18:52:22.171167', '46', '3.9 Menganalisis keberkaitanan turunan pertama fungsi dengan nilai maksimum, nilai minimum, dan selang kemonotonan fungsi, serta kemiringan garis singgung kurva', 1, '[{\"added\": {}}]', 8, 1),
(109, '2020-05-10 18:52:40.685014', '47', '4.9 Menggunakan turunan pertama fungsi untuk menentukan titik maksimum, titik minimum, dan selang kemonotonan fungsi, serta kemiringan garis singgung kurva, persamaan garis singgung, dan garis normal ', 1, '[{\"added\": {}}]', 8, 1),
(110, '2020-05-10 18:52:58.412370', '48', '3.10 Mendeskripsikan integral tak tentu (anti turunan) fungsi aljabar dan menganalisis sifatsifatnya berdasarkan sifat-sifat turunan fungsi', 1, '[{\"added\": {}}]', 8, 1),
(111, '2020-05-10 18:53:16.766957', '49', '4.10 Menyelesaikan masalah yang berkaitan dengan integral tak tentu (anti turunan) fungsi aljabar', 1, '[{\"added\": {}}]', 8, 1),
(112, '2020-05-10 18:55:43.390488', '1', 'ajadskasd', 1, '[{\"added\": {}}]', 7, 1),
(113, '2020-05-10 18:55:51.411395', '1', 'ajadskasd', 3, '', 7, 1),
(114, '2020-05-13 05:55:41.646887', '1', 'Admin', 1, '[{\"added\": {}}]', 7, 1),
(115, '2020-05-13 12:56:23.552666', '7', '4. Mengolah, menalar, menyaji, dan mencipta dalam ranah konkret dan ranah abstrak terkait dengan pengembangan dari yang dipelajarinya di sekolah secara mandiri serta bertindak secara efektif dan kreat', 2, '[{\"changed\": {\"fields\": [\"short\"]}}]', 12, 1),
(116, '2020-05-13 12:56:32.718333', '6', '3. Memahami, menerapkan, menganalisis dan mengevaluasi pengetahuan faktual, konseptual, prosedural, dan metakognitif berdasarkan rasa ingintahunya tentang ilmu pengetahuan, teknologi, seni, budaya, da', 2, '[{\"changed\": {\"fields\": [\"short\"]}}]', 12, 1),
(117, '2020-05-13 12:56:41.662669', '5', '4. Mengolah, menalar, dan menyaji dalam ranah konkret dan ranah abstrak terkait dengan pengembangan dari yang dipelajarinya di sekolah secara mandiri, bertindak secara efektif dan kreatif, serta mampu', 2, '[{\"changed\": {\"fields\": [\"short\"]}}]', 12, 1),
(118, '2020-05-13 12:56:50.362688', '4', '3. Memahami ,menerapkan, dan menganalisis pengetahuan faktual, konseptual, prosedural, dan metakognitif berdasarkan rasa ingintahunya tentang ilmu pengetahuan, teknologi, seni, budaya, dan humaniora d', 2, '[{\"changed\": {\"fields\": [\"short\"]}}]', 12, 1),
(119, '2020-05-13 12:57:01.370978', '3', '4. Mengolah, menalar, dan menyaji dalam ranah konkret dan ranah abstrak terkait dengan pengembangan dari yang dipelajarinya di sekolah secara mandiri, dan mampu menggunakan metoda sesuai kaidah keilmu', 2, '[{\"changed\": {\"fields\": [\"short\"]}}]', 12, 1),
(120, '2020-05-13 12:57:06.156119', '3', '4. Mengolah, menalar, dan menyaji dalam ranah konkret dan ranah abstrak terkait dengan pengembangan dari yang dipelajarinya di sekolah secara mandiri, dan mampu menggunakan metoda sesuai kaidah keilmu', 2, '[]', 12, 1),
(121, '2020-05-13 12:57:10.533655', '3', '4. Mengolah, menalar, dan menyaji dalam ranah konkret dan ranah abstrak terkait dengan pengembangan dari yang dipelajarinya di sekolah secara mandiri, dan mampu menggunakan metoda sesuai kaidah keilmu', 2, '[]', 12, 1),
(122, '2020-05-13 12:57:20.293650', '2', '3. Memahami, menerapkan, dan menganalisis pengetahuan faktual, konseptual, prosedural berdasarkan rasa ingintahunya tentang ilmu pengetahuan, teknologi, seni, budaya, dan humaniora dengan wawasan kema', 2, '[{\"changed\": {\"fields\": [\"short\"]}}]', 12, 1),
(123, '2020-05-14 13:37:27.720945', '7', 'Keterampilan - Kelas 12', 2, '[]', 12, 1),
(124, '2020-05-17 07:59:26.896499', '1', 'StatusSoal object (1)', 1, '[{\"added\": {}}]', 18, 1),
(125, '2020-05-17 07:59:34.462880', '2', 'StatusSoal object (2)', 1, '[{\"added\": {}}]', 18, 1),
(126, '2020-05-17 07:59:41.202372', '3', 'StatusSoal object (3)', 1, '[{\"added\": {}}]', 18, 1),
(127, '2020-05-17 08:01:17.839528', '1', 'StatusSoal object (1)', 2, '[{\"changed\": {\"fields\": [\"status\"]}}]', 18, 1),
(128, '2020-05-17 08:02:29.717169', '1', 'dasasddas', 1, '[{\"added\": {}}]', 11, 1),
(129, '2020-05-17 08:04:44.936413', '1', 'dasasddas', 2, '[]', 11, 1),
(130, '2020-05-17 08:05:50.385459', '1', 'dasasddas', 2, '[]', 11, 1),
(131, '2020-05-17 09:15:10.001078', '2', 'User2', 1, '[{\"added\": {}}]', 4, 1),
(132, '2020-05-17 14:32:35.508961', '2', '<p>Sebuah deret aritmatika [x], [y], [z], &hellip; , tentukan jumlah [n] suku pertama deret tersebut</p>', 1, '[{\"added\": {}}]', 11, 1),
(133, '2020-05-18 15:26:22.849731', '8', 'Ini Indikatornya yaa', 3, '', 7, 1),
(134, '2020-05-18 15:26:27.286233', '7', 'jjj', 3, '', 7, 1),
(135, '2020-05-18 15:26:32.294487', '6', 'ASDADS', 3, '', 7, 1),
(136, '2020-05-18 15:26:36.474494', '5', 'Ini Indikatornya', 3, '', 7, 1),
(137, '2020-05-18 15:26:43.044466', '4', 'kk', 3, '', 7, 1),
(138, '2020-05-18 15:26:47.464402', '3', 'asdad', 3, '', 7, 1),
(139, '2020-05-18 15:26:52.631619', '1', 'Admin', 3, '', 7, 1),
(140, '2020-05-18 15:26:57.776763', '2', 'asdad', 3, '', 7, 1),
(141, '2020-05-18 15:27:08.974258', '5', '[a]', 3, '', 11, 1),
(142, '2020-05-18 15:27:14.387652', '2', '<p>Sebuah deret aritmatika [x], [y], [z], &hellip; , tentukan jumlah [n] suku pertama deret tersebut</p>', 3, '', 11, 1),
(143, '2020-05-18 15:33:43.292819', '9', 'Siswa dapat menentukan jumlah n suku pertama dari barisan aritmatika', 2, '[{\"changed\": {\"fields\": [\"deskripsi\"]}}]', 7, 1),
(144, '2020-05-18 15:48:33.017818', '6', 'Diketuhi barisan aritmatika [a], [b], [c], ...., Un. Tentukan jumlah 100 suku pertama dari barisan tersebut...', 2, '[{\"changed\": {\"fields\": [\"status\"]}}]', 11, 1),
(145, '2020-05-18 16:04:47.025527', '6', 'Diketuhi barisan aritmatika [a], [b], [c], ...., Un. Tentukan jumlah 100 suku pertama dari barisan tersebut...', 2, '[{\"changed\": {\"fields\": [\"status\"]}}]', 11, 1),
(146, '2020-05-18 16:09:30.877485', '6', 'Diketuhi barisan aritmatika [a], [b], [c], ...., Un. Tentukan jumlah 100 suku pertama dari barisan tersebut...', 2, '[{\"changed\": {\"fields\": [\"status\"]}}]', 11, 1),
(147, '2020-05-18 16:10:17.349212', '6', 'Diketuhi barisan aritmatika [a], [b], [c], ...., Un. Tentukan jumlah 100 suku pertama dari barisan tersebut...', 2, '[{\"changed\": {\"fields\": [\"status\"]}}]', 11, 1),
(148, '2020-05-18 16:12:43.119362', '6', 'Diketuhi barisan aritmatika [a], [b], [c], ...., Un. Tentukan jumlah 100 suku pertama dari barisan tersebut...', 2, '[{\"changed\": {\"fields\": [\"status\"]}}]', 11, 1),
(149, '2020-05-25 14:12:14.964945', '3', 'user1', 1, '[{\"added\": {}}]', 4, 1),
(150, '2020-05-25 14:13:04.432215', '3', 'user1', 2, '[{\"changed\": {\"fields\": [\"first_name\", \"last_name\", \"email\", \"groups\"]}}]', 4, 1),
(151, '2020-05-26 06:46:00.647829', '1', 'admin', 2, '[{\"changed\": {\"fields\": [\"first_name\", \"last_name\"]}}]', 4, 1),
(152, '2020-05-26 06:54:26.186885', '1', 'Profile object (1)', 2, '[{\"changed\": {\"fields\": [\"sekolah\", \"alamat\", \"mapel\"]}}]', 10, 1),
(153, '2020-05-28 16:26:50.251428', '1', 'Soal_PaketSoal object (1)', 1, '[{\"added\": {}}]', 17, 1),
(154, '2020-06-03 03:15:20.125242', '4', 'creator1', 1, '[{\"added\": {}}]', 4, 1),
(155, '2020-06-03 03:16:01.658473', '5', 'reviewer1', 1, '[{\"added\": {}}]', 4, 1),
(156, '2020-06-03 03:16:07.885926', '5', 'reviewer1', 2, '[{\"changed\": {\"fields\": [\"groups\"]}}]', 4, 1),
(157, '2020-06-03 03:16:17.417902', '4', 'creator1', 2, '[{\"changed\": {\"fields\": [\"groups\"]}}]', 4, 1),
(158, '2020-06-03 03:33:22.009376', '5', 'reviewer1', 2, '[{\"changed\": {\"fields\": [\"sekolah\", \"alamat\", \"mapel\", \"nomer_hp\", \"jabatan\", \"nip\", \"golongan\", \"pangkat\"]}}]', 10, 1),
(159, '2020-06-03 04:11:55.199480', '4', 'creator1', 2, '[{\"changed\": {\"fields\": [\"first_name\"]}}]', 4, 1),
(160, '2020-06-03 08:03:04.096165', '13', 'mantab anjay', 3, '', 7, 1),
(161, '2020-06-03 08:03:22.701929', '12', 'Ini indikator', 3, '', 7, 1),
(162, '2020-06-03 08:03:22.705219', '11', 'aaaa', 3, '', 7, 1),
(163, '2020-06-03 08:03:22.707969', '10', 'Siswa dapat menjelaskan makna dari pertidaksamaan', 3, '', 7, 1),
(164, '2020-06-03 08:03:22.710049', '9', 'Siswa dapat menentukan jumlah n suku pertama dari barisan aritmatika', 3, '', 7, 1),
(165, '2020-06-03 08:04:45.768355', '7', 'Apakah [a] sama dengan [c]&nbsp;', 3, '', 11, 1),
(166, '2020-06-03 08:04:45.774042', '6', 'Diketuhi barisan aritmatika [a], [b], [c], ...., Un. Tentukan jumlah 100 suku pertama dari barisan tersebut...', 3, '', 11, 1),
(167, '2020-06-03 08:08:42.226547', '6', 'ahmad_reviewer', 1, '[{\"added\": {}}]', 4, 1),
(168, '2020-06-03 08:09:31.372191', '6', 'ahmad_reviewer', 2, '[{\"changed\": {\"fields\": [\"first_name\", \"last_name\", \"email\", \"groups\"]}}]', 4, 1),
(169, '2020-06-03 08:10:06.223091', '7', 'ahmad_creator', 1, '[{\"added\": {}}]', 4, 1),
(170, '2020-06-03 08:10:38.268600', '7', 'ahmad_creator', 2, '[{\"changed\": {\"fields\": [\"first_name\", \"last_name\", \"email\", \"groups\"]}}]', 4, 1),
(171, '2020-06-03 08:13:01.046104', '7', 'ahmad_creator', 2, '[{\"changed\": {\"fields\": [\"sekolah\", \"alamat\", \"mapel\", \"nomer_hp\", \"jabatan\", \"nip\", \"golongan\", \"pangkat\"]}}]', 10, 1),
(172, '2020-06-03 08:14:18.513297', '6', 'ahmad_reviewer', 2, '[{\"changed\": {\"fields\": [\"sekolah\", \"alamat\", \"mapel\", \"nomer_hp\", \"jabatan\", \"nip\", \"golongan\", \"pangkat\"]}}]', 10, 1),
(173, '2020-06-05 14:55:10.455481', '8', 'bagas_creator', 1, '[{\"added\": {}}]', 4, 1),
(174, '2020-06-05 14:55:19.782475', '8', 'bagas_creator', 2, '[{\"changed\": {\"fields\": [\"groups\"]}}]', 4, 1),
(175, '2020-06-07 00:08:11.656129', '9', 'parker_reviewer', 1, '[{\"added\": {}}]', 4, 1),
(176, '2020-06-07 00:09:01.313036', '9', 'parker_reviewer', 2, '[{\"changed\": {\"fields\": [\"first_name\", \"last_name\", \"email\", \"groups\"]}}]', 4, 1),
(177, '2020-06-07 00:09:46.359845', '10', 'parker_creator', 1, '[{\"added\": {}}]', 4, 1),
(178, '2020-06-07 00:10:30.361108', '10', 'parker_creator', 2, '[{\"changed\": {\"fields\": [\"first_name\", \"last_name\", \"email\", \"groups\"]}}]', 4, 1),
(179, '2020-06-07 00:11:49.746419', '10', 'parker_creator', 2, '[{\"changed\": {\"fields\": [\"sekolah\", \"alamat\", \"mapel\", \"nomer_hp\", \"jabatan\", \"nip\", \"golongan\", \"pangkat\"]}}]', 10, 1),
(180, '2020-06-07 00:12:51.813101', '9', 'parker_reviewer', 2, '[{\"changed\": {\"fields\": [\"sekolah\", \"alamat\", \"mapel\", \"nomer_hp\", \"jabatan\", \"nip\", \"golongan\", \"pangkat\"]}}]', 10, 1),
(181, '2020-06-07 13:16:23.060891', '11', 'bambang_creator', 1, '[{\"added\": {}}]', 4, 1),
(182, '2020-06-07 13:16:50.629260', '11', 'bambang_creator', 2, '[{\"changed\": {\"fields\": [\"first_name\", \"last_name\", \"email\", \"groups\"]}}]', 4, 1),
(183, '2020-06-07 13:17:05.491330', '11', 'bambang_creator', 2, '[{\"changed\": {\"fields\": [\"groups\"]}}]', 4, 1),
(184, '2020-06-07 13:17:41.017148', '12', 'bambang_reviewer', 1, '[{\"added\": {}}]', 4, 1),
(185, '2020-06-07 13:18:28.220469', '12', 'bambang_reviewer', 2, '[{\"changed\": {\"fields\": [\"first_name\", \"last_name\", \"email\", \"groups\"]}}]', 4, 1),
(186, '2020-06-07 13:20:14.084656', '12', 'bambang_reviewer', 2, '[{\"changed\": {\"fields\": [\"sekolah\", \"alamat\", \"mapel\", \"nomer_hp\", \"jabatan\", \"nip\", \"golongan\", \"pangkat\"]}}]', 10, 1),
(187, '2020-06-07 13:21:09.017419', '11', 'bambang_creator', 2, '[{\"changed\": {\"fields\": [\"sekolah\", \"alamat\", \"mapel\", \"nomer_hp\", \"jabatan\", \"nip\", \"golongan\", \"pangkat\"]}}]', 10, 1),
(188, '2020-06-09 04:29:50.314030', '1', 'TemplateSoal object (1)', 1, '[{\"added\": {}}]', 13, 1),
(189, '2020-06-17 15:22:27.538380', '1', 'admin', 2, '[{\"changed\": {\"fields\": [\"groups\"]}}]', 4, 1),
(190, '2020-06-17 15:23:53.298570', '13', 'eka_PJM', 1, '[{\"added\": {}}]', 4, 1),
(191, '2020-06-17 15:24:15.608185', '14', 'eka_penulis', 1, '[{\"added\": {}}]', 4, 1),
(192, '2020-06-17 15:24:38.552183', '15', 'aditya_PJM', 1, '[{\"added\": {}}]', 4, 1),
(193, '2020-06-17 15:24:58.682404', '16', 'aditya_penulis', 1, '[{\"added\": {}}]', 4, 1),
(194, '2020-06-17 15:25:27.387814', '17', 'ardiani_PJM', 1, '[{\"added\": {}}]', 4, 1),
(195, '2020-06-17 15:31:24.277151', '18', 'ardiani_penulis', 1, '[{\"added\": {}}]', 4, 1),
(196, '2020-06-17 15:31:46.935432', '19', 'adi_PJM', 1, '[{\"added\": {}}]', 4, 1),
(197, '2020-06-17 15:32:11.030226', '20', 'adi_penulis', 1, '[{\"added\": {}}]', 4, 1),
(198, '2020-06-17 15:32:38.391421', '21', 'phaksi_PJM', 1, '[{\"added\": {}}]', 4, 1),
(199, '2020-06-17 15:32:53.561199', '22', 'phaksi_penulis', 1, '[{\"added\": {}}]', 4, 1),
(200, '2020-06-17 15:33:14.171795', '23', 'anggoro_PJM', 1, '[{\"added\": {}}]', 4, 1),
(201, '2020-06-17 15:33:30.173537', '24', 'anggoro_penulis', 1, '[{\"added\": {}}]', 4, 1),
(202, '2020-06-17 15:43:43.147599', '16', 'aditya_penulis', 2, '[{\"changed\": {\"fields\": [\"first_name\", \"last_name\", \"email\", \"groups\"]}}]', 4, 1),
(203, '2020-06-17 15:44:17.453583', '15', 'aditya_PJM', 2, '[{\"changed\": {\"fields\": [\"first_name\", \"last_name\", \"email\", \"groups\"]}}]', 4, 1),
(204, '2020-06-17 15:44:56.137369', '20', 'adi_penulis', 2, '[{\"changed\": {\"fields\": [\"first_name\", \"last_name\", \"email\", \"groups\"]}}]', 4, 1),
(205, '2020-06-17 15:45:16.693239', '19', 'adi_PJM', 2, '[{\"changed\": {\"fields\": [\"first_name\", \"last_name\", \"email\", \"groups\"]}}]', 4, 1),
(206, '2020-06-17 15:46:03.658501', '24', 'anggoro_penulis', 2, '[{\"changed\": {\"fields\": [\"first_name\", \"last_name\", \"email\", \"groups\"]}}]', 4, 1),
(207, '2020-06-17 15:46:42.043693', '23', 'anggoro_PJM', 2, '[{\"changed\": {\"fields\": [\"first_name\", \"last_name\", \"email\", \"groups\"]}}]', 4, 1),
(208, '2020-06-17 15:47:22.556026', '18', 'ardiani_penulis', 2, '[{\"changed\": {\"fields\": [\"first_name\", \"last_name\", \"email\", \"groups\"]}}]', 4, 1),
(209, '2020-06-17 15:47:46.740996', '17', 'ardiani_PJM', 2, '[{\"changed\": {\"fields\": [\"first_name\", \"last_name\", \"email\", \"groups\"]}}]', 4, 1),
(210, '2020-06-17 15:48:16.106097', '14', 'eka_penulis', 2, '[{\"changed\": {\"fields\": [\"first_name\", \"last_name\", \"email\", \"groups\"]}}]', 4, 1),
(211, '2020-06-17 15:48:37.802395', '13', 'eka_PJM', 2, '[{\"changed\": {\"fields\": [\"first_name\", \"last_name\", \"email\", \"groups\"]}}]', 4, 1),
(212, '2020-06-17 15:49:08.234803', '22', 'phaksi_penulis', 2, '[{\"changed\": {\"fields\": [\"first_name\", \"last_name\", \"email\", \"groups\"]}}]', 4, 1),
(213, '2020-06-17 15:49:32.748213', '21', 'phaksi_PJM', 2, '[{\"changed\": {\"fields\": [\"first_name\", \"last_name\", \"email\", \"groups\"]}}]', 4, 1),
(214, '2020-06-17 18:22:11.142193', '32', 'Siswa dapat menentukan jumlah n suku pertama dari barisan aritmatika/geometri', 1, '[{\"added\": {}}]', 7, 1),
(215, '2020-06-17 18:22:31.790146', '32', 'Siswa dapat menentukan jumlah n suku pertama dari barisan aritmatika/geometri', 2, '[{\"changed\": {\"fields\": [\"creator\"]}}]', 7, 1),
(216, '2020-06-17 18:22:38.223809', '32', 'Siswa dapat menentukan jumlah n suku pertama dari barisan aritmatika/geometri', 2, '[{\"changed\": {\"fields\": [\"creator\"]}}]', 7, 1),
(217, '2020-06-17 18:22:45.255946', '32', 'Siswa dapat menentukan jumlah n suku pertama dari barisan aritmatika/geometri', 2, '[{\"changed\": {\"fields\": [\"creator\"]}}]', 7, 1),
(218, '2020-06-17 18:22:52.932122', '32', 'Siswa dapat menentukan jumlah n suku pertama dari barisan aritmatika/geometri', 2, '[{\"changed\": {\"fields\": [\"creator\"]}}]', 7, 1),
(219, '2020-06-17 18:22:59.917505', '32', 'Siswa dapat menentukan jumlah n suku pertama dari barisan aritmatika/geometri', 2, '[{\"changed\": {\"fields\": [\"creator\"]}}]', 7, 1),
(220, '2020-06-17 18:23:26.857662', '32', 'Siswa dapat menentukan jumlah n suku pertama dari barisan aritmatika/geometri', 2, '[]', 7, 1),
(221, '2020-06-17 18:23:44.282026', '33', 'Siswa dapat menentukan jumlah n suku pertama dari barisan aritmatika/geometri', 1, '[{\"added\": {}}]', 7, 1),
(222, '2020-06-17 18:24:01.786740', '34', 'Siswa dapat menentukan jumlah n suku pertama dari barisan aritmatika/geometri', 1, '[{\"added\": {}}]', 7, 1),
(223, '2020-06-17 18:24:21.032192', '35', 'Siswa dapat menentukan jumlah n suku pertama dari barisan aritmatika/geometri', 1, '[{\"added\": {}}]', 7, 1),
(224, '2020-06-17 18:24:40.448250', '36', 'Siswa dapat menentukan jumlah n suku pertama dari barisan aritmatika/geometri', 1, '[{\"added\": {}}]', 7, 1),
(225, '2020-06-17 18:24:57.967185', '37', 'Siswa dapat menentukan jumlah n suku pertama dari barisan aritmatika/geometri', 1, '[{\"added\": {}}]', 7, 1),
(226, '2020-06-17 18:26:01.159947', '38', 'Siswa dapat menentukan bentuk paling sederhana dari sebuah pecahan', 1, '[{\"added\": {}}]', 7, 1),
(227, '2020-06-17 18:26:15.889574', '39', 'Siswa dapat menentukan bentuk paling sederhana dari sebuah pecahan', 1, '[{\"added\": {}}]', 7, 1),
(228, '2020-06-17 18:26:32.756604', '40', 'Siswa dapat menentukan bentuk paling sederhana dari sebuah pecahan', 1, '[{\"added\": {}}]', 7, 1),
(229, '2020-06-17 18:26:48.788930', '41', 'Siswa dapat menentukan bentuk paling sederhana dari sebuah pecahan', 1, '[{\"added\": {}}]', 7, 1),
(230, '2020-06-17 18:27:05.885587', '42', 'Siswa dapat menentukan bentuk paling sederhana dari sebuah pecahan', 1, '[{\"added\": {}}]', 7, 1),
(231, '2020-06-17 18:27:23.068949', '43', 'Siswa dapat menentukan bentuk paling sederhana dari sebuah pecahan', 1, '[{\"added\": {}}]', 7, 1),
(232, '2020-06-17 18:28:04.535297', '44', 'Siswa dapat menyebutkan ciri-ciri dari bangun ruang tertentu', 1, '[{\"added\": {}}]', 7, 1),
(233, '2020-06-17 18:28:19.900217', '45', 'Siswa dapat menyebutkan ciri-ciri dari bangun ruang tertentu', 1, '[{\"added\": {}}]', 7, 1),
(234, '2020-06-17 18:28:35.869193', '46', 'Siswa dapat menyebutkan ciri-ciri dari bangun ruang tertentu', 1, '[{\"added\": {}}]', 7, 1),
(235, '2020-06-17 18:28:54.862585', '47', 'Siswa dapat menyebutkan ciri-ciri dari bangun ruang tertentu', 1, '[{\"added\": {}}]', 7, 1),
(236, '2020-06-17 18:29:14.510786', '48', 'Siswa dapat menyebutkan ciri-ciri dari bangun ruang tertentu', 1, '[{\"added\": {}}]', 7, 1),
(237, '2020-06-17 18:29:33.689893', '49', 'Siswa dapat menyebutkan ciri-ciri dari bangun ruang tertentu', 1, '[{\"added\": {}}]', 7, 1),
(238, '2020-06-17 18:31:20.452638', '18', '<strong>Harga tiket kelas I dalam final Piala Presiden 2018 adalah Rp 500.000,00. Panitia menyediakan [x] baris untuk kelas I, dengan rincian pada baris pertama terdapat [a] kursi, baris kedua [a2] ku', 2, '[]', 11, 1),
(239, '2020-06-17 18:50:14.286007', '49', 'Siswa dapat menyebutkan ciri-ciri dari bangun ruang tertentu', 3, '', 7, 1),
(240, '2020-06-17 18:50:14.289768', '48', 'Siswa dapat menyebutkan ciri-ciri dari bangun ruang tertentu', 3, '', 7, 1),
(241, '2020-06-17 18:50:14.296870', '47', 'Siswa dapat menyebutkan ciri-ciri dari bangun ruang tertentu', 3, '', 7, 1),
(242, '2020-06-17 18:50:14.299329', '46', 'Siswa dapat menyebutkan ciri-ciri dari bangun ruang tertentu', 3, '', 7, 1),
(243, '2020-06-17 18:50:14.302704', '45', 'Siswa dapat menyebutkan ciri-ciri dari bangun ruang tertentu', 3, '', 7, 1),
(244, '2020-06-17 18:50:14.305260', '44', 'Siswa dapat menyebutkan ciri-ciri dari bangun ruang tertentu', 3, '', 7, 1),
(245, '2020-06-17 19:13:02.095461', '1', 'TemplateSoal object (1)', 3, '', 13, 1),
(246, '2020-06-22 07:07:03.670682', '25', 'yani_PJM', 1, '[{\"added\": {}}]', 4, 1),
(247, '2020-06-22 07:07:28.687509', '26', 'Yani_penulis', 1, '[{\"added\": {}}]', 4, 1),
(248, '2020-06-22 07:08:16.353145', '26', 'yani_penulis', 2, '[{\"changed\": {\"fields\": [\"username\", \"first_name\", \"last_name\", \"groups\"]}}]', 4, 1),
(249, '2020-06-22 07:08:41.778250', '25', 'yani_PJM', 2, '[{\"changed\": {\"fields\": [\"first_name\", \"last_name\", \"groups\"]}}]', 4, 1),
(250, '2020-06-22 16:42:38.815468', '27', 'joshua_PJM', 1, '[{\"added\": {}}]', 4, 1),
(251, '2020-06-22 16:43:29.096671', '28', 'joshua_penulis', 1, '[{\"added\": {}}]', 4, 1),
(252, '2020-06-22 16:43:46.818422', '29', 'kezia_PJM', 1, '[{\"added\": {}}]', 4, 1),
(253, '2020-06-22 16:44:07.949140', '30', 'kezia_penulis', 1, '[{\"added\": {}}]', 4, 1),
(254, '2020-06-22 16:45:03.632620', '30', 'kezia_penulis', 2, '[{\"changed\": {\"fields\": [\"first_name\", \"last_name\", \"email\", \"groups\"]}}]', 4, 1),
(255, '2020-06-22 16:45:24.684077', '29', 'kezia_PJM', 2, '[{\"changed\": {\"fields\": [\"first_name\", \"last_name\", \"email\", \"groups\"]}}]', 4, 1),
(256, '2020-06-22 16:45:53.295445', '27', 'joshua_PJM', 2, '[{\"changed\": {\"fields\": [\"first_name\", \"last_name\", \"email\", \"groups\"]}}]', 4, 1),
(257, '2020-06-22 16:46:09.481533', '28', 'joshua_penulis', 2, '[{\"changed\": {\"fields\": [\"first_name\", \"last_name\", \"email\"]}}]', 4, 1),
(258, '2020-06-23 13:38:24.708471', '28', 'joshua_penulis', 2, '[{\"changed\": {\"fields\": [\"groups\"]}}]', 4, 1),
(259, '2020-06-25 06:02:10.785433', '31', 'khotimatul_pjm', 1, '[{\"added\": {}}]', 4, 1),
(260, '2020-06-25 06:02:25.234038', '32', 'khotimatul_penulis', 1, '[{\"added\": {}}]', 4, 1),
(261, '2020-06-25 06:03:15.297220', '33', 'Chalimatus_PJM', 1, '[{\"added\": {}}]', 4, 1),
(262, '2020-06-25 06:03:32.803471', '34', 'Chalimatus_penulis', 1, '[{\"added\": {}}]', 4, 1),
(263, '2020-06-25 06:04:48.869243', '35', 'Syarifah_PJM', 1, '[{\"added\": {}}]', 4, 1),
(264, '2020-06-25 06:04:59.636822', '36', 'Syarifah_penulis', 1, '[{\"added\": {}}]', 4, 1),
(265, '2020-06-25 06:05:34.493079', '37', 'Abhallaali_PJM', 1, '[{\"added\": {}}]', 4, 1),
(266, '2020-06-25 06:05:48.420216', '38', 'Abhallaali_penulis', 1, '[{\"added\": {}}]', 4, 1),
(267, '2020-06-25 06:06:08.153126', '39', 'Rizka_PJM', 1, '[{\"added\": {}}]', 4, 1),
(268, '2020-06-25 06:06:19.035041', '40', 'Rizka_penulis', 1, '[{\"added\": {}}]', 4, 1),
(269, '2020-06-25 06:06:47.449424', '41', 'Aulia_PJM', 1, '[{\"added\": {}}]', 4, 1),
(270, '2020-06-25 06:06:57.473410', '42', 'Aulia_penulis', 1, '[{\"added\": {}}]', 4, 1),
(271, '2020-06-25 06:07:29.155936', '43', 'Lutfiyah_PJM', 1, '[{\"added\": {}}]', 4, 1),
(272, '2020-06-25 06:07:42.437613', '44', 'Lutfiyah_Penulis', 1, '[{\"added\": {}}]', 4, 1),
(273, '2020-06-25 06:08:03.977783', '45', 'Nurul_PJM', 1, '[{\"added\": {}}]', 4, 1),
(274, '2020-06-25 06:08:20.487357', '46', 'Nurul_Penulis', 1, '[{\"added\": {}}]', 4, 1),
(275, '2020-06-25 06:08:43.120002', '47', 'UmiFatihah_PJM', 1, '[{\"added\": {}}]', 4, 1),
(276, '2020-06-25 06:09:05.333093', '48', 'UmiFatihah', 1, '[{\"added\": {}}]', 4, 1),
(277, '2020-06-25 06:09:24.118178', '48', 'UmiFatihah_Penulis', 2, '[{\"changed\": {\"fields\": [\"username\", \"groups\"]}}]', 4, 1),
(278, '2020-06-25 06:09:55.023860', '49', 'Umniyyatur_PJM', 1, '[{\"added\": {}}]', 4, 1),
(279, '2020-06-25 06:10:10.670810', '50', 'Umniyyatur_penulis', 1, '[{\"added\": {}}]', 4, 1),
(280, '2020-06-25 06:10:34.686898', '51', 'Esti_PJM', 1, '[{\"added\": {}}]', 4, 1),
(281, '2020-06-25 06:10:46.923257', '52', 'Esti_Penulis', 1, '[{\"added\": {}}]', 4, 1),
(282, '2020-06-25 06:11:11.014377', '53', 'Teny_PJM', 1, '[{\"added\": {}}]', 4, 1),
(283, '2020-06-25 06:11:21.844499', '54', 'Teny_Penulis', 1, '[{\"added\": {}}]', 4, 1),
(284, '2020-06-25 06:11:38.880627', '55', 'UmiLatifah_PJM', 1, '[{\"added\": {}}]', 4, 1),
(285, '2020-06-25 06:11:52.418546', '56', 'UmiLatifah_Penulis', 1, '[{\"added\": {}}]', 4, 1),
(286, '2020-06-25 06:12:20.090414', '57', 'Ririn_PJM', 1, '[{\"added\": {}}]', 4, 1),
(287, '2020-06-25 06:12:33.670280', '58', 'Ririn_Penulis', 1, '[{\"added\": {}}]', 4, 1),
(288, '2020-06-25 06:12:57.967757', '59', 'AyuPusvita_PJM', 1, '[{\"added\": {}}]', 4, 1),
(289, '2020-06-25 06:13:37.547359', '59', 'AyuPusvita_PJM', 2, '[{\"changed\": {\"fields\": [\"password\"]}}]', 4, 1),
(290, '2020-06-25 06:14:13.215794', '60', 'AyuPusvita_Penulis', 1, '[{\"added\": {}}]', 4, 1),
(291, '2020-06-25 06:14:38.331186', '61', 'Febry_PJM', 1, '[{\"added\": {}}]', 4, 1),
(292, '2020-06-25 06:14:56.185760', '62', 'Febry_Penulis', 1, '[{\"added\": {}}]', 4, 1),
(293, '2020-06-25 06:15:24.402947', '32', 'khotimatul_penulis', 2, '[{\"changed\": {\"fields\": [\"password\"]}}]', 4, 1),
(294, '2020-06-25 06:15:46.409296', '31', 'khotimatul_pjm', 2, '[{\"changed\": {\"fields\": [\"password\"]}}]', 4, 1),
(295, '2020-06-25 06:16:14.510781', '34', 'Chalimatus_penulis', 2, '[{\"changed\": {\"fields\": [\"password\"]}}]', 4, 1),
(296, '2020-06-25 06:16:27.396543', '33', 'Chalimatus_PJM', 2, '[{\"changed\": {\"fields\": [\"password\"]}}]', 4, 1),
(297, '2020-06-25 06:18:04.057993', '38', 'Abhallaali_penulis', 2, '[{\"changed\": {\"fields\": [\"first_name\", \"email\", \"groups\"]}}]', 4, 1),
(298, '2020-06-25 06:18:21.129295', '37', 'Abhallaali_PJM', 2, '[{\"changed\": {\"fields\": [\"first_name\", \"email\", \"groups\"]}}]', 4, 1),
(299, '2020-06-25 06:19:05.863481', '42', 'Aulia_penulis', 2, '[{\"changed\": {\"fields\": [\"first_name\", \"last_name\", \"email\", \"groups\"]}}]', 4, 1),
(300, '2020-06-25 06:19:28.688540', '41', 'Aulia_PJM', 2, '[{\"changed\": {\"fields\": [\"first_name\", \"last_name\", \"email\", \"groups\"]}}]', 4, 1),
(301, '2020-06-25 06:20:02.689451', '60', 'AyuPusvita_Penulis', 2, '[{\"changed\": {\"fields\": [\"first_name\", \"last_name\", \"email\", \"groups\"]}}]', 4, 1),
(302, '2020-06-25 06:20:30.660776', '59', 'AyuPusvita_PJM', 2, '[{\"changed\": {\"fields\": [\"first_name\", \"last_name\", \"email\", \"groups\"]}}]', 4, 1),
(303, '2020-06-25 06:21:16.042569', '34', 'Chalimatus_penulis', 2, '[{\"changed\": {\"fields\": [\"first_name\", \"last_name\", \"email\", \"groups\"]}}]', 4, 1),
(304, '2020-06-25 06:21:54.255185', '33', 'Chalimatus_PJM', 2, '[{\"changed\": {\"fields\": [\"first_name\", \"last_name\", \"email\", \"groups\"]}}]', 4, 1),
(305, '2020-06-25 06:22:32.392185', '51', 'Esti_PJM', 2, '[{\"changed\": {\"fields\": [\"first_name\", \"last_name\", \"email\", \"groups\"]}}]', 4, 1),
(306, '2020-06-25 06:22:56.489390', '52', 'Esti_Penulis', 2, '[{\"changed\": {\"fields\": [\"first_name\", \"last_name\", \"email\", \"groups\"]}}]', 4, 1),
(307, '2020-06-25 06:24:00.842226', '62', 'Febry_Penulis', 2, '[{\"changed\": {\"fields\": [\"first_name\", \"last_name\", \"email\", \"groups\"]}}]', 4, 1),
(308, '2020-06-25 06:24:25.122405', '61', 'Febry_PJM', 2, '[{\"changed\": {\"fields\": [\"first_name\", \"last_name\", \"email\", \"groups\"]}}]', 4, 1),
(309, '2020-06-25 06:25:02.960166', '32', 'khotimatul_penulis', 2, '[{\"changed\": {\"fields\": [\"first_name\", \"last_name\", \"email\", \"groups\"]}}]', 4, 1),
(310, '2020-06-25 06:25:23.468348', '31', 'khotimatul_pjm', 2, '[{\"changed\": {\"fields\": [\"first_name\", \"last_name\", \"email\", \"groups\"]}}]', 4, 1),
(311, '2020-06-25 06:26:17.600862', '44', 'Lutfiyah_Penulis', 2, '[{\"changed\": {\"fields\": [\"first_name\", \"last_name\", \"email\", \"groups\"]}}]', 4, 1),
(312, '2020-06-25 06:26:39.835952', '43', 'Lutfiyah_PJM', 2, '[{\"changed\": {\"fields\": [\"first_name\", \"last_name\", \"email\", \"groups\"]}}]', 4, 1),
(313, '2020-06-25 06:27:30.567501', '46', 'Nurul_Penulis', 2, '[{\"changed\": {\"fields\": [\"first_name\", \"last_name\", \"email\", \"groups\"]}}]', 4, 1),
(314, '2020-06-25 06:27:55.572973', '45', 'Nurul_PJM', 2, '[{\"changed\": {\"fields\": [\"first_name\", \"last_name\", \"email\", \"groups\"]}}]', 4, 1),
(315, '2020-06-25 06:28:31.668887', '58', 'Ririn_Penulis', 2, '[{\"changed\": {\"fields\": [\"first_name\", \"last_name\", \"email\", \"groups\"]}}]', 4, 1),
(316, '2020-06-25 06:28:58.678731', '57', 'Ririn_PJM', 2, '[{\"changed\": {\"fields\": [\"first_name\", \"last_name\", \"email\", \"groups\"]}}]', 4, 1),
(317, '2020-06-25 06:29:40.854470', '40', 'Rizka_penulis', 2, '[{\"changed\": {\"fields\": [\"first_name\", \"last_name\", \"email\", \"groups\"]}}]', 4, 1),
(318, '2020-06-25 06:30:22.181625', '39', 'Rizka_PJM', 2, '[{\"changed\": {\"fields\": [\"first_name\", \"last_name\", \"email\", \"groups\"]}}]', 4, 1),
(319, '2020-06-25 06:34:09.856288', '36', 'Syarifah_penulis', 2, '[{\"changed\": {\"fields\": [\"first_name\", \"last_name\", \"email\", \"groups\"]}}]', 4, 1),
(320, '2020-06-25 06:34:48.986679', '35', 'Syarifah_PJM', 2, '[{\"changed\": {\"fields\": [\"first_name\", \"last_name\", \"email\", \"groups\"]}}]', 4, 1),
(321, '2020-06-25 06:36:08.705538', '54', 'Teny_Penulis', 2, '[{\"changed\": {\"fields\": [\"first_name\", \"last_name\", \"email\", \"groups\"]}}]', 4, 1),
(322, '2020-06-25 06:36:26.974733', '53', 'Teny_PJM', 2, '[{\"changed\": {\"fields\": [\"first_name\", \"last_name\", \"email\", \"groups\"]}}]', 4, 1),
(323, '2020-06-25 06:37:10.578510', '48', 'UmiFatihah_Penulis', 2, '[{\"changed\": {\"fields\": [\"first_name\", \"last_name\", \"email\"]}}]', 4, 1),
(324, '2020-06-25 06:37:32.219179', '47', 'UmiFatihah_PJM', 2, '[{\"changed\": {\"fields\": [\"first_name\", \"last_name\", \"email\", \"groups\"]}}]', 4, 1),
(325, '2020-06-25 06:38:10.061664', '56', 'UmiLatifah_Penulis', 2, '[{\"changed\": {\"fields\": [\"first_name\", \"last_name\", \"email\", \"groups\"]}}]', 4, 1),
(326, '2020-06-25 06:38:26.783155', '55', 'UmiLatifah_PJM', 2, '[{\"changed\": {\"fields\": [\"first_name\", \"last_name\", \"email\", \"groups\"]}}]', 4, 1),
(327, '2020-06-25 06:39:15.498653', '50', 'Umniyyatur_penulis', 2, '[{\"changed\": {\"fields\": [\"first_name\", \"last_name\", \"email\", \"groups\"]}}]', 4, 1),
(328, '2020-06-25 06:39:42.063743', '49', 'Umniyyatur_PJM', 2, '[{\"changed\": {\"fields\": [\"first_name\", \"last_name\", \"email\", \"groups\"]}}]', 4, 1),
(329, '2020-07-06 01:10:15.625063', '6', 'ahmad_reviewer', 2, '[{\"changed\": {\"fields\": [\"password\"]}}]', 4, 1);

-- --------------------------------------------------------

--
-- Struktur dari tabel `django_content_type`
--

CREATE TABLE `django_content_type` (
  `id` int(11) NOT NULL,
  `app_label` varchar(100) NOT NULL,
  `model` varchar(100) NOT NULL
) ENGINE=InnoDB DEFAULT CHARSET=latin1;

--
-- Dumping data untuk tabel `django_content_type`
--

INSERT INTO `django_content_type` (`id`, `app_label`, `model`) VALUES
(1, 'admin', 'logentry'),
(3, 'auth', 'group'),
(2, 'auth', 'permission'),
(4, 'auth', 'user'),
(5, 'contenttypes', 'contenttype'),
(14, 'quiz', 'generatedsoal'),
(7, 'quiz', 'indikator'),
(15, 'quiz', 'indikator_user'),
(8, 'quiz', 'kompetensidasar'),
(9, 'quiz', 'materi'),
(16, 'quiz', 'paketsoal'),
(10, 'quiz', 'profile'),
(19, 'quiz', 'revisisoal'),
(11, 'quiz', 'soal'),
(17, 'quiz', 'soal_paketsoal'),
(12, 'quiz', 'standarkompetensi'),
(18, 'quiz', 'statussoal'),
(13, 'quiz', 'templatesoal'),
(6, 'sessions', 'session');

-- --------------------------------------------------------

--
-- Struktur dari tabel `django_migrations`
--

CREATE TABLE `django_migrations` (
  `id` int(11) NOT NULL,
  `app` varchar(255) NOT NULL,
  `name` varchar(255) NOT NULL,
  `applied` datetime(6) NOT NULL
) ENGINE=InnoDB DEFAULT CHARSET=latin1;

--
-- Dumping data untuk tabel `django_migrations`
--

INSERT INTO `django_migrations` (`id`, `app`, `name`, `applied`) VALUES
(1, 'contenttypes', '0001_initial', '2020-05-09 17:42:56.344588'),
(2, 'auth', '0001_initial', '2020-05-09 17:43:02.354627'),
(3, 'admin', '0001_initial', '2020-05-09 17:43:06.150266'),
(4, 'admin', '0002_logentry_remove_auto_add', '2020-05-09 17:43:06.815989'),
(5, 'admin', '0003_logentry_add_action_flag_choices', '2020-05-09 17:43:07.291177'),
(6, 'contenttypes', '0002_remove_content_type_name', '2020-05-09 17:43:10.305945'),
(7, 'auth', '0002_alter_permission_name_max_length', '2020-05-09 17:43:11.642658'),
(8, 'auth', '0003_alter_user_email_max_length', '2020-05-09 17:43:13.350978'),
(9, 'auth', '0004_alter_user_username_opts', '2020-05-09 17:43:13.395211'),
(10, 'auth', '0005_alter_user_last_login_null', '2020-05-09 17:43:15.209438'),
(11, 'auth', '0006_require_contenttypes_0002', '2020-05-09 17:43:15.400299'),
(12, 'auth', '0007_alter_validators_add_error_messages', '2020-05-09 17:43:15.673618'),
(13, 'auth', '0008_alter_user_username_max_length', '2020-05-09 17:43:16.270381'),
(14, 'auth', '0009_alter_user_last_name_max_length', '2020-05-09 17:43:16.626867'),
(15, 'quiz', '0001_initial', '2020-05-09 17:43:25.368740'),
(16, 'quiz', '0002_standarkompetensi_aaasuuu', '2020-05-09 17:43:25.593000'),
(17, 'sessions', '0001_initial', '2020-05-09 17:43:29.410097'),
(18, 'quiz', '0003_remove_standarkompetensi_aaasuuu', '2020-05-09 17:44:22.052605'),
(19, 'quiz', '0004_standarkompetensi_aaasuu', '2020-05-09 17:48:39.956998'),
(20, 'quiz', '0005_remove_standarkompetensi_aaasuu', '2020-05-09 17:48:57.065296'),
(21, 'quiz', '0006_auto_20200510_2344', '2020-05-10 16:45:02.328307'),
(22, 'quiz', '0002_standarkompetensi_short', '2020-05-13 12:53:27.005060'),
(23, 'quiz', '0003_auto_20200516_1702', '2020-05-16 10:03:22.066676'),
(24, 'quiz', '0004_auto_20200517_0941', '2020-05-17 02:42:01.788631'),
(25, 'quiz', '0005_auto_20200517_1501', '2020-05-17 08:01:11.302485'),
(26, 'quiz', '0006_auto_20200517_1504', '2020-05-17 08:04:22.485426'),
(27, 'quiz', '0007_revisisoal', '2020-05-17 17:21:09.203624'),
(28, 'quiz', '0008_paketsoal_generate_date', '2020-05-17 21:53:51.592800'),
(29, 'quiz', '0009_auto_20200518_2105', '2020-05-18 14:05:47.532294'),
(30, 'quiz', '0010_auto_20200518_2242', '2020-05-18 15:42:51.776658'),
(31, 'quiz', '0011_paketsoal_kurikulum', '2020-05-27 05:29:51.597923'),
(32, 'quiz', '0012_auto_20200527_1431', '2020-05-27 07:31:15.556531'),
(33, 'quiz', '0013_auto_20200527_1614', '2020-05-27 09:14:54.446851'),
(34, 'quiz', '0014_auto_20200527_1909', '2020-05-27 12:09:46.544925'),
(35, 'quiz', '0015_auto_20200527_2145', '2020-05-27 14:45:31.176382'),
(36, 'quiz', '0016_soal_variabel_gambar', '2020-05-29 13:03:52.607016'),
(37, 'quiz', '0017_auto_20200530_2128', '2020-05-30 14:28:32.095272'),
(38, 'quiz', '0018_auto_20200602_2054', '2020-06-03 03:14:11.080699');

-- --------------------------------------------------------

--
-- Struktur dari tabel `django_session`
--

CREATE TABLE `django_session` (
  `session_key` varchar(40) NOT NULL,
  `session_data` longtext NOT NULL,
  `expire_date` datetime(6) NOT NULL
) ENGINE=InnoDB DEFAULT CHARSET=latin1;

--
-- Dumping data untuk tabel `django_session`
--

INSERT INTO `django_session` (`session_key`, `session_data`, `expire_date`) VALUES
('1j2o4xgyoyibnhq0rf2jsx5e6yblvogd', 'Mzg2ZTRiYmQ2ZTE3ODI1ZTQzNTZiMTYyYThkMWZjM2MzNTVlM2I2Mzp7Il9hdXRoX3VzZXJfaWQiOiIxIiwiX2F1dGhfdXNlcl9iYWNrZW5kIjoiZGphbmdvLmNvbnRyaWIuYXV0aC5iYWNrZW5kcy5Nb2RlbEJhY2tlbmQiLCJfYXV0aF91c2VyX2hhc2giOiJhNTBiNzQwNWY4MDM0M2Y1YWMwNTRlMTczYTg5Y2Q0N2I2Y2Q4NjNjIn0=', '2020-06-09 13:53:01.930371'),
('2i8to5pm67mk4gnlvut61fkq2iffovkx', 'MDI4ZDBlMDVkOTQ2YjcwNDdlY2JlYmM2M2M4ODlmYzk1NGQwYmU3Mjp7Il9hdXRoX3VzZXJfaWQiOiIzMCIsIl9hdXRoX3VzZXJfYmFja2VuZCI6ImRqYW5nby5jb250cmliLmF1dGguYmFja2VuZHMuTW9kZWxCYWNrZW5kIiwiX2F1dGhfdXNlcl9oYXNoIjoiMDRjNGU2NzkyODkyODI3ZDU0ZmMwNDBlZmU5NjExZmE5MzYyZjViZCIsImludXNfaWQiOiI2MCIsImluZGlrYXRvcl9pZCI6IjU5Iiwic3RlbSI6Ikppa2Egc2luIFt4XSA9IFt5XSAsbWFrYSBuaWxhaSBjb3MgW3pdPS4uLiIsImFtb3VudCI6IjUiLCJhcnJhbmdlIjoibWFwcGluZyIsInZhcl92YWx1ZSI6Ilt4XT0gMCwzMCw0NSw2MCw5MDtcclxuW3ldPSAwLDAuNSwwLjcwNywwLjg2NiwxO1xyXG5bel09IDkwLDYwLDQ1LDMwLDAiLCJmb3JtdWxhIjoiW2JlbmFyXT0oW3ldKTtcclxuW3NhbGFoMV09IChbYmVuYXJdKzEpO1xyXG5bc2FsYWgyXT0gKFtiZW5hcl0tMSk7XHJcbltzYWxhaDNdPSgxLVtiZW5hcl0pO1xyXG5bc2FsYWg0XT0oLVtiZW5hcl0pIiwib3B0aW9uIjoiYS4gW3NhbGFoMV07PGJyIC8+XHJcbmIuIFtzYWxhaDJdOzxiciAvPlxyXG5jLiBbYmVuYXJdOzxiciAvPlxyXG5kLiBbc2FsYWgzXTs8YnIgLz5cclxuZS4gW3NhbGFoNF0iLCJ2YXJfZm9ybV92YWx1ZSI6Ilt4XT1cblt5XT1cblt6XT1cbiIsInF1ZXN0aW9uIjpbIkppa2Egc2luIDAgPSAwICxtYWthIG5pbGFpIGNvcyA5MD0uLi4iLCJKaWthIHNpbiAzMCA9IDAuNSAsbWFrYSBuaWxhaSBjb3MgNjA9Li4uIiwiSmlrYSBzaW4gNDUgPSAwLjcwNyAsbWFrYSBuaWxhaSBjb3MgNDU9Li4uIiwiSmlrYSBzaW4gNjAgPSAwLjg2NiAsbWFrYSBuaWxhaSBjb3MgMzA9Li4uIiwiSmlrYSBzaW4gOTAgPSAxICxtYWthIG5pbGFpIGNvcyAwPS4uLiJdLCJhbnN3ZXIiOltbImEuIDEiLCI8YnIgLz5cclxuYi4gLTEiLCI8YnIgLz5cclxuYy4gMCIsIjxiciAvPlxyXG5kLiAxIiwiPGJyIC8+XHJcbmUuIDAiXSxbImEuIDEuNSIsIjxiciAvPlxyXG5iLiAtMC41IiwiPGJyIC8+XHJcbmMuIDAuNSIsIjxiciAvPlxyXG5kLiAwLjUiLCI8YnIgLz5cclxuZS4gLTAuNSJdLFsiYS4gMS43MDciLCI8YnIgLz5cclxuYi4gLTAuMjkzIiwiPGJyIC8+XHJcbmMuIDAuNzA3IiwiPGJyIC8+XHJcbmQuIDAuMjkzIiwiPGJyIC8+XHJcbmUuIC0wLjcwNyJdLFsiYS4gMS44NjYiLCI8YnIgLz5cclxuYi4gLTAuMTM0IiwiPGJyIC8+XHJcbmMuIDAuODY2IiwiPGJyIC8+XHJcbmQuIDAuMTM0IiwiPGJyIC8+XHJcbmUuIC0wLjg2NiJdLFsiYS4gMiIsIjxiciAvPlxyXG5iLiAwIiwiPGJyIC8+XHJcbmMuIDEiLCI8YnIgLz5cclxuZC4gMCIsIjxiciAvPlxyXG5lLiAtMSJdXSwiaW1nX3ZhciI6Ii0tLSIsInZhcl9uYW1lIjpbIlt4XSIsIlt5XSIsIlt6XSJdfQ==', '2020-07-07 15:12:29.892447'),
('81kagwn1pk81kla6se1xswox9x7o0659', 'YmM2MzM5NDEyN2NmMDI2YzM1YzFmNDk5MjEyMTc0YmM4NmE5Njk5NTp7Il9hdXRoX3VzZXJfaWQiOiIxNiIsIl9hdXRoX3VzZXJfYmFja2VuZCI6ImRqYW5nby5jb250cmliLmF1dGguYmFja2VuZHMuTW9kZWxCYWNrZW5kIiwiX2F1dGhfdXNlcl9oYXNoIjoiNDYzOWM0OWM3NjEyZjBjMGRlOWIxNzYwYWQ5OThhYzMzMTVkZmRmYiIsImludXNfaWQiOiI1NCIsImluZGlrYXRvcl9pZCI6IjUzIiwic3RlbSI6Ik5pbGFpIG1pbmltdW0gZGFyaSBmdW5nc2kmbmJzcDs8c3BhbiBjbGFzcz1cIm1hdGgtdGV4XCI+XFwoZih4KT1bYV14XjIrW2JdeCtbY11cXCk8L3NwYW4+Jm5ic3A7YWRhbGFoLi4uLiIsImFtb3VudCI6IjUiLCJhcnJhbmdlIjoibWFwcGluZyIsInZhcl92YWx1ZSI6IlthXT0xLDI7XHJcbltiXT00LC04O1xyXG5bY109OCwtMTAiLCJmb3JtdWxhIjoiW3RdPS1bYl07XHJcblt5XT0yKlthXSIsIm9wdGlvbiI6ImEuIFxcKHtbdF0gXFxvdmVyIFt5XX1cXCk7PGJyIC8+XHJcbmIuXHUwMGEwIiwidmFyX2Zvcm1fdmFsdWUiOiJbYV09MSwyO1xyXG5bYl09NCwtODtcclxuW2NdPTgsLTEwIiwicXVlc3Rpb24iOlsiTmlsYWkgbWluaW11bSBkYXJpIGZ1bmdzaSZuYnNwOzxzcGFuIGNsYXNzPVwibWF0aC10ZXhcIj5cXChmKHgpPTF4XjIrNHgrOFxcKTwvc3Bhbj4mbmJzcDthZGFsYWguLi4uIiwiTmlsYWkgbWluaW11bSBkYXJpIGZ1bmdzaSZuYnNwOzxzcGFuIGNsYXNzPVwibWF0aC10ZXhcIj5cXChmKHgpPTJ4XjIrLTh4Ky0xMFxcKTwvc3Bhbj4mbmJzcDthZGFsYWguLi4uIl0sImFuc3dlciI6W1siYS4gXFwoey00IFxcb3ZlciAyfVxcKSIsIjxiciAvPlxyXG5iLlx1MDBhMCJdLFsiYS4gXFwoezggXFxvdmVyIDR9XFwpIiwiPGJyIC8+XHJcbmIuXHUwMGEwIl1dLCJpbWdfdmFyIjoiLS0tIiwidmFyX25hbWUiOiJbJ1thXScsICdbYl0nLCAnW2NdJ10ifQ==', '2020-07-04 14:19:40.790817'),
('8g56wxcoszscwahwcx0gs50iyc9mdeqn', 'NDExYWJiZGJiNWIwNDEyNDgyNTgwYThlN2NlMGY1NjdlMjM0NDJkMzp7Il9hdXRoX3VzZXJfaWQiOiIxNSIsIl9hdXRoX3VzZXJfYmFja2VuZCI6ImRqYW5nby5jb250cmliLmF1dGguYmFja2VuZHMuTW9kZWxCYWNrZW5kIiwiX2F1dGhfdXNlcl9oYXNoIjoiMzcwZWI1MzhmOTg0ZGMzYTMwNmE1OTA4MTU3MThjODg0YWQ1MGM2ZCIsImlkIjoiNTQiLCJpZF9zb2FsIjoiMzYiLCJzdGVtIjoiTmlsYWkgZGFyaSA8c3BhbiBjbGFzcz1cIm1hdGgtdGV4XCI+XFwoc2luXFwpPC9zcGFuPiBbeF08c3BhbiBjbGFzcz1cIm1hdGgtdGV4XCI+XFwoXm9cXCk8L3NwYW4+Jm5ic3A7YWRhbGFoIC4uLi4iLCJhbW91bnQiOjUsImFycmFuZ2UiOiJrb21iaW5hc2kiLCJ2YXJfdmFsdWUiOiJbeF09MTIwLCAxNTAiLCJmb3JtdWxhIjoiW2JlbmFyXT1zaW5beF07XHJcbltzYWxhaDFdPWNvc1t4XTtcclxuW3NhbGFoMl09dGFuW3hdO1xyXG5bc2FsYWgzXT0xL3Npblt4XTtcclxuW3NhbGFoNF09MS9jb3NbeF0iLCJ2YXJfbmFtZSI6IlsnW3hdJ10iLCJvcHRpb24iOiJhLiBbYmVuYXJdPGJyIC8+XHJcbmIuXHUwMGEwW3NhbGFoMV08YnIgLz5cclxuYy5cdTAwYTBbc2FsYWgyXTxiciAvPlxyXG5kLiBbc2FsYWgzXTxiciAvPlxyXG5lLiBbc2FsYWg0XSIsInRpdGxlIjoicGFrZXQgYWRpdHlhX1Bha2V0XzEiLCJpbWdfdmFyIjoiLS0tIiwicXVlc3Rpb24iOlsiU2tldHNhIGdyYWZpayB1bnR1ayBmdW5nc2kmbmJzcDs8c3BhbiBjbGFzcz1cIm1hdGgtdGV4XCI+XFwoZih4KT0teF4yLTV4KzZcXCk8L3NwYW4+IGFkYWxhaCAuLi4uIiwiQWdhciBtZW1iZW50dWsgYmFyaXNhbiBhcml0bWV0aWthLCBzdWt1IGJlcmlrdXRueWEgZGFyaSBiYXJpc2FuIDQsIDgsIDEyLCAuLi4uIiwiTmlsYWkgZGFyaSA8c3BhbiBjbGFzcz1cIm1hdGgtdGV4XCI+XFwoc2luXFwpPC9zcGFuPiAxMjA8c3BhbiBjbGFzcz1cIm1hdGgtdGV4XCI+XFwoXm9cXCk8L3NwYW4+Jm5ic3A7YWRhbGFoIC4uLi4iXSwiYW5zd2VyIjpbWyJhLiA8aW1nIHNyYz1cImh0dHBzOi8vZmlyZWJhc2VzdG9yYWdlLmdvb2dsZWFwaXMuY29tL3YwL2IvYWlneXVqaWVtLWltYWdlLmFwcHNwb3QuY29tL28vaW1hZ2VzJTJGMTU5MjY1ODY1My4xMDI2NmQuUE5HP2FsdD1tZWRpYVwiPjxiciAvPlxyXG5iLiA8aW1nIHNyYz1cImh0dHBzOi8vZmlyZWJhc2VzdG9yYWdlLmdvb2dsZWFwaXMuY29tL3YwL2IvYWlneXVqaWVtLWltYWdlLmFwcHNwb3QuY29tL28vaW1hZ2VzJTJGMTU5MjY1ODY5NS45MDUyODJhLlBORz9hbHQ9bWVkaWFcIj48YnIgLz5cclxuYy4gPGltZyBzcmM9XCJodHRwczovL2ZpcmViYXNlc3RvcmFnZS5nb29nbGVhcGlzLmNvbS92MC9iL2FpZ3l1amllbS1pbWFnZS5hcHBzcG90LmNvbS9vL2ltYWdlcyUyRjE1OTI2NTg3MDguMDY1MDA5Yi5QTkc/YWx0PW1lZGlhXCI+PGJyIC8+XHJcbmQuIDxpbWcgc3JjPVwiaHR0cHM6Ly9maXJlYmFzZXN0b3JhZ2UuZ29vZ2xlYXBpcy5jb20vdjAvYi9haWd5dWppZW0taW1hZ2UuYXBwc3BvdC5jb20vby9pbWFnZXMlMkYxNTkyNjU4NzgzLjIyMzc0M2MuUE5HP2FsdD1tZWRpYVwiPjxiciAvPlxyXG5lLiA8aW1nIHNyYz1cImh0dHBzOi8vZmlyZWJhc2VzdG9yYWdlLmdvb2dsZWFwaXMuY29tL3YwL2IvYWlneXVqaWVtLWltYWdlLmFwcHNwb3QuY29tL28vaW1hZ2VzJTJGMTU5MjY1ODc5NS40MjQyNmYuUE5HP2FsdD1tZWRpYVwiPiJdLFsiYS4gMTc8YnIgLz5cclxuYi4gMTg8YnIgLz5cclxuYy4gMjg8YnIgLz5cclxuZC4gMTY8YnIgLz5cclxuZS4gMjAiXSxbImEuIDAuODY2PGJyIC8+XHJcbmIuXHUwMGEwLTAuNTxiciAvPlxyXG5jLlx1MDBhMC0xLjczMjE8YnIgLz5cclxuZC4gMS4xNTQ3PGJyIC8+XHJcbmUuIC0yIl1dLCJwYWtldF9zb2FsX2lkIjoyMiwiaW5kaWthdG9yIjoiNTEiLCJwYXJlbnQiOiIzNiIsIm92ZXJsb2FkIjoiIn0=', '2020-07-04 13:35:49.195198'),
('aidbxd50emx34h3hk4y7510pt8pev29q', 'Njg3ZTU3MDhlMDY3NWZlNGNjMmFlMDhkY2I2MzhlMmU4MDIwZTMzNjp7Il9hdXRoX3VzZXJfaWQiOiIxMiIsIl9hdXRoX3VzZXJfYmFja2VuZCI6ImRqYW5nby5jb250cmliLmF1dGguYmFja2VuZHMuTW9kZWxCYWNrZW5kIiwiX2F1dGhfdXNlcl9oYXNoIjoiYTgyY2MxZTc4NWY5NTYyNjRmNGY2NTU1MjRlZTQwYWZiMWIwOGVhMCJ9', '2020-06-23 04:42:36.742982'),
('ak455y1wpmkhfj1hsb5bxux1ahf90pnz', 'NzZlOTg1NThhMGFiODFlMjM0YzM0YjgzMTI1ZDQzNjViODBlMDRjMDp7Il9hdXRoX3VzZXJfaWQiOiIxIiwiX2F1dGhfdXNlcl9iYWNrZW5kIjoiZGphbmdvLmNvbnRyaWIuYXV0aC5iYWNrZW5kcy5Nb2RlbEJhY2tlbmQiLCJfYXV0aF91c2VyX2hhc2giOiJhNTBiNzQwNWY4MDM0M2Y1YWMwNTRlMTczYTg5Y2Q0N2I2Y2Q4NjNjIiwic3RlbSI6IiIsImFtb3VudCI6IiIsImFycmFuZ2UiOiIiLCJ2YXJfdmFsdWUiOiIiLCJmb3JtdWxhIjoiIiwib3B0aW9uIjoiIiwidmFyX2Zvcm1fdmFsdWUiOiIiLCJxdWVzdGlvbiI6IiIsImFuc3dlciI6IiJ9', '2020-05-27 13:01:04.622264'),
('al7fe3n0az4596whxfgfqy77x3a3pgsy', 'MTdkMGQ4YWFjNjU1MjI2N2NjOGE5NmNjMDkyOTRjYjYxODRmNTI4MDp7Il9hdXRoX3VzZXJfaWQiOiI3IiwiX2F1dGhfdXNlcl9iYWNrZW5kIjoiZGphbmdvLmNvbnRyaWIuYXV0aC5iYWNrZW5kcy5Nb2RlbEJhY2tlbmQiLCJfYXV0aF91c2VyX2hhc2giOiJlYjg4NDBjNDJhODhmNjI5MDcwZDBkYWM2ODU1ZTNmMmEyY2U4MDVhIn0=', '2020-06-17 22:29:08.399809'),
('brwfylenllkl5byxxnf2vsbdhgmwn768', 'MzEwNGMyNWFjZDA1M2UxNDVmMTM0NjViNGFhOGNhNzU1YzZlZjBiNDp7Il9hdXRoX3VzZXJfaWQiOiIxIiwiX2F1dGhfdXNlcl9iYWNrZW5kIjoiZGphbmdvLmNvbnRyaWIuYXV0aC5iYWNrZW5kcy5Nb2RlbEJhY2tlbmQiLCJfYXV0aF91c2VyX2hhc2giOiJhNTBiNzQwNWY4MDM0M2Y1YWMwNTRlMTczYTg5Y2Q0N2I2Y2Q4NjNjIiwiaW51c19pZCI6IjciLCJpbmRpa2F0b3JfaWQiOiIxMCIsInN0ZW0iOiIiLCJhbW91bnQiOiIiLCJhcnJhbmdlIjoiIiwidmFyX3ZhbHVlIjoiIiwiZm9ybXVsYSI6IiIsIm9wdGlvbiI6IiIsInZhcl9mb3JtX3ZhbHVlIjoiIiwicXVlc3Rpb24iOiIiLCJhbnN3ZXIiOiIiLCJ2YXJfbmFtZSI6IlsnW2FdJywgJ1tjXSddIiwidGl0bGUiOiJTb2FsIEtpdGEifQ==', '2020-06-10 13:11:57.315751'),
('cquk83egce956krwnea92l7l6xz1dnds', 'MTdkMGQ4YWFjNjU1MjI2N2NjOGE5NmNjMDkyOTRjYjYxODRmNTI4MDp7Il9hdXRoX3VzZXJfaWQiOiI3IiwiX2F1dGhfdXNlcl9iYWNrZW5kIjoiZGphbmdvLmNvbnRyaWIuYXV0aC5iYWNrZW5kcy5Nb2RlbEJhY2tlbmQiLCJfYXV0aF91c2VyX2hhc2giOiJlYjg4NDBjNDJhODhmNjI5MDcwZDBkYWM2ODU1ZTNmMmEyY2U4MDVhIn0=', '2020-06-29 07:44:58.213220'),
('dp9c39lyk58qwmvebf2xz9hmyrxb2ror', 'ZjUzNTQyYjQwNTQ5MGVmNTYyZDY3ZDgxZGNmOThiYmY2MmE1M2NjNjp7Il9hdXRoX3VzZXJfaWQiOiI2IiwiX2F1dGhfdXNlcl9iYWNrZW5kIjoiZGphbmdvLmNvbnRyaWIuYXV0aC5iYWNrZW5kcy5Nb2RlbEJhY2tlbmQiLCJfYXV0aF91c2VyX2hhc2giOiIyYjU2ZmM4ZGEwZTExMWYxMzQ2M2Y3ZjNhODI2MWU0ZmZjYTIzMmRlIn0=', '2020-06-18 10:41:21.868944'),
('exk686r1mncn0ndcfxdocoue8tibr4ym', 'YTIyNmFhM2FlMzA1ZDdiMWE3ZWZhMzNjMzA5OGUyOWY4MzIxOTIzZjp7Il9hdXRoX3VzZXJfaWQiOiI3IiwiX2F1dGhfdXNlcl9iYWNrZW5kIjoiZGphbmdvLmNvbnRyaWIuYXV0aC5iYWNrZW5kcy5Nb2RlbEJhY2tlbmQiLCJfYXV0aF91c2VyX2hhc2giOiJlYjg4NDBjNDJhODhmNjI5MDcwZDBkYWM2ODU1ZTNmMmEyY2U4MDVhIiwiaW51c19pZCI6IjI5IiwiaW5kaWthdG9yX2lkIjoiMjQiLCJzdGVtIjoiTWFuYWthaCB5YW5nIG1lcnVwYWthbiBqYXJpbmctamFyaW5nIGt1YnVzPyIsImFtb3VudCI6IjUiLCJhcnJhbmdlIjoibWFwcGluZyIsInZhcl92YWx1ZSI6IiIsImZvcm11bGEiOiItLS0iLCJ2YXJfbmFtZSI6IltdIiwib3B0aW9uIjoiYS4gW2t1YnVzXTxiciAvPlxyXG5iLiBbYjFdPGJyIC8+XHJcbmMuIFtiMl08YnIgLz5cclxuZC4gW2IzXSIsInRpdGxlIjoiQmFuZ3VuIHJ1YW5nIDIiLCJpbWdfdmFyIjoiW2t1YnVzXT1odHRwczovL2ZpcmViYXNlc3RvcmFnZS5nb29nbGVhcGlzLmNvbS92MC9iL2FpZ3l1amllbS1pbWFnZS5hcHBzcG90LmNvbS9vL2ltYWdlcyUyRjE1OTE0ODg3MjEuNzQxOTI0MTU5MTQxMzc2NS41ODA2OTZBcnRib2FyZDFfMi5qcGc/YWx0PW1lZGlhLGh0dHBzOi8vZmlyZWJhc2VzdG9yYWdlLmdvb2dsZWFwaXMuY29tL3YwL2IvYWlneXVqaWVtLWltYWdlLmFwcHNwb3QuY29tL28vaW1hZ2VzJTJGMTU5MTQ4ODcyMi40NTExMzYxNTkxNDEzNzY1LjAwNTA1NEFydGJvYXJkMS5qcGc/YWx0PW1lZGlhOyBbYjFdPWh0dHBzOi8vZmlyZWJhc2VzdG9yYWdlLmdvb2dsZWFwaXMuY29tL3YwL2IvYWlneXVqaWVtLWltYWdlLmFwcHNwb3QuY29tL28vaW1hZ2VzJTJGMTU5MTQ4ODczMC43OTA3NzcxNTkxNDEzNzgxLjcwNjk2OUFydGJvYXJkMl8yLmpwZz9hbHQ9bWVkaWEsaHR0cHM6Ly9maXJlYmFzZXN0b3JhZ2UuZ29vZ2xlYXBpcy5jb20vdjAvYi9haWd5dWppZW0taW1hZ2UuYXBwc3BvdC5jb20vby9pbWFnZXMlMkYxNTkxNDg4NzMxLjM4MDA2NTE1OTE0MTM3ODEuMTMwMTU4QXJ0Ym9hcmQyLmpwZz9hbHQ9bWVkaWE7IFtiMl09aHR0cHM6Ly9maXJlYmFzZXN0b3JhZ2UuZ29vZ2xlYXBpcy5jb20vdjAvYi9haWd5dWppZW0taW1hZ2UuYXBwc3BvdC5jb20vby9pbWFnZXMlMkYxNTkxNDg4NzM5LjMzNjQzMzE1OTE0MTM3OTMuNjI0MDgyQXJ0Ym9hcmQyXzUuanBnP2FsdD1tZWRpYSxodHRwczovL2ZpcmViYXNlc3RvcmFnZS5nb29nbGVhcGlzLmNvbS92MC9iL2FpZ3l1amllbS1pbWFnZS5hcHBzcG90LmNvbS9vL2ltYWdlcyUyRjE1OTE0ODg3MzkuODk5MTE1MTU5MTQxMzc5My4wNTg5ODNBcnRib2FyZDJfNC5qcGc/YWx0PW1lZGlhOyBbYjNdPWh0dHBzOi8vZmlyZWJhc2VzdG9yYWdlLmdvb2dsZWFwaXMuY29tL3YwL2IvYWlneXVqaWVtLWltYWdlLmFwcHNwb3QuY29tL28vaW1hZ2VzJTJGMTU5MTQ4ODc0OC40NDEyMzQxNTkxNDEzODAzLjU3NDEyMUFydGJvYXJkMl84LmpwZz9hbHQ9bWVkaWEsaHR0cHM6Ly9maXJlYmFzZXN0b3JhZ2UuZ29vZ2xlYXBpcy5jb20vdjAvYi9haWd5dWppZW0taW1hZ2UuYXBwc3BvdC5jb20vby9pbWFnZXMlMkYxNTkxNDg4NzQ5LjA0NzI1MTU5MTQxMzgwMy4wMzgzNjNBcnRib2FyZDJfNy5qcGc/YWx0PW1lZGlhIiwicXVlc3Rpb24iOlsiTWFuYWthaCB5YW5nIG1lcnVwYWthbiBqYXJpbmctamFyaW5nIGt1YnVzPyIsIk1hbmFrYWggeWFuZyBtZXJ1cGFrYW4gamFyaW5nLWphcmluZyBrdWJ1cz8iXSwiYW5zd2VyIjpbWyJhLiA8aW1nIHNyYz1cImh0dHBzOi8vZmlyZWJhc2VzdG9yYWdlLmdvb2dsZWFwaXMuY29tL3YwL2IvYWlneXVqaWVtLWltYWdlLmFwcHNwb3QuY29tL28vaW1hZ2VzJTJGMTU5MTQ4ODcyMS43NDE5MjQxNTkxNDEzNzY1LjU4MDY5NkFydGJvYXJkMV8yLmpwZz9hbHQ9bWVkaWFcIj48YnIgLz5cclxuYi4gPGltZyBzcmM9XCJodHRwczovL2ZpcmViYXNlc3RvcmFnZS5nb29nbGVhcGlzLmNvbS92MC9iL2FpZ3l1amllbS1pbWFnZS5hcHBzcG90LmNvbS9vL2ltYWdlcyUyRjE1OTE0ODg3MzAuNzkwNzc3MTU5MTQxMzc4MS43MDY5NjlBcnRib2FyZDJfMi5qcGc/YWx0PW1lZGlhXCI+PGJyIC8+XHJcbmMuIDxpbWcgc3JjPVwiaHR0cHM6Ly9maXJlYmFzZXN0b3JhZ2UuZ29vZ2xlYXBpcy5jb20vdjAvYi9haWd5dWppZW0taW1hZ2UuYXBwc3BvdC5jb20vby9pbWFnZXMlMkYxNTkxNDg4NzM5LjMzNjQzMzE1OTE0MTM3OTMuNjI0MDgyQXJ0Ym9hcmQyXzUuanBnP2FsdD1tZWRpYVwiPjxiciAvPlxyXG5kLiA8aW1nIHNyYz1cImh0dHBzOi8vZmlyZWJhc2VzdG9yYWdlLmdvb2dsZWFwaXMuY29tL3YwL2IvYWlneXVqaWVtLWltYWdlLmFwcHNwb3QuY29tL28vaW1hZ2VzJTJGMTU5MTQ4ODc0OC40NDEyMzQxNTkxNDEzODAzLjU3NDEyMUFydGJvYXJkMl84LmpwZz9hbHQ9bWVkaWFcIj4iXSxbImEuIDxpbWcgc3JjPVwiaHR0cHM6Ly9maXJlYmFzZXN0b3JhZ2UuZ29vZ2xlYXBpcy5jb20vdjAvYi9haWd5dWppZW0taW1hZ2UuYXBwc3BvdC5jb20vby9pbWFnZXMlMkYxNTkxNDg4NzIyLjQ1MTEzNjE1OTE0MTM3NjUuMDA1MDU0QXJ0Ym9hcmQxLmpwZz9hbHQ9bWVkaWFcIj48YnIgLz5cclxuYi4gPGltZyBzcmM9XCJodHRwczovL2ZpcmViYXNlc3RvcmFnZS5nb29nbGVhcGlzLmNvbS92MC9iL2FpZ3l1amllbS1pbWFnZS5hcHBzcG90LmNvbS9vL2ltYWdlcyUyRjE1OTE0ODg3MzEuMzgwMDY1MTU5MTQxMzc4MS4xMzAxNThBcnRib2FyZDIuanBnP2FsdD1tZWRpYVwiPjxiciAvPlxyXG5jLiA8aW1nIHNyYz1cImh0dHBzOi8vZmlyZWJhc2VzdG9yYWdlLmdvb2dsZWFwaXMuY29tL3YwL2IvYWlneXVqaWVtLWltYWdlLmFwcHNwb3QuY29tL28vaW1hZ2VzJTJGMTU5MTQ4ODczOS44OTkxMTUxNTkxNDEzNzkzLjA1ODk4M0FydGJvYXJkMl80LmpwZz9hbHQ9bWVkaWFcIj48YnIgLz5cclxuZC4gPGltZyBzcmM9XCJodHRwczovL2ZpcmViYXNlc3RvcmFnZS5nb29nbGVhcGlzLmNvbS92MC9iL2FpZ3l1amllbS1pbWFnZS5hcHBzcG90LmNvbS9vL2ltYWdlcyUyRjE1OTE0ODg3NDkuMDQ3MjUxNTkxNDEzODAzLjAzODM2M0FydGJvYXJkMl83LmpwZz9hbHQ9bWVkaWFcIj4iXV0sInZhcl9mb3JtX3ZhbHVlIjoiIn0=', '2020-06-22 17:46:54.074993'),
('gql3k6ec7b8geynqm68ot7xjqxifzzdw', 'Mzg2ZTRiYmQ2ZTE3ODI1ZTQzNTZiMTYyYThkMWZjM2MzNTVlM2I2Mzp7Il9hdXRoX3VzZXJfaWQiOiIxIiwiX2F1dGhfdXNlcl9iYWNrZW5kIjoiZGphbmdvLmNvbnRyaWIuYXV0aC5iYWNrZW5kcy5Nb2RlbEJhY2tlbmQiLCJfYXV0aF91c2VyX2hhc2giOiJhNTBiNzQwNWY4MDM0M2Y1YWMwNTRlMTczYTg5Y2Q0N2I2Y2Q4NjNjIn0=', '2020-06-21 13:08:58.605912'),
('gwaj7s6kuc1qlzjlgnnbfpyg5j60lx82', 'ZjE2MDQzNjEzMWIzOGIwMjQwNDFmNWM3OTY5YTMyMmI4NmU4ZTQwZTp7Il9hdXRoX3VzZXJfaWQiOiIxMiIsIl9hdXRoX3VzZXJfYmFja2VuZCI6ImRqYW5nby5jb250cmliLmF1dGguYmFja2VuZHMuTW9kZWxCYWNrZW5kIiwiX2F1dGhfdXNlcl9oYXNoIjoiYTgyY2MxZTc4NWY5NTYyNjRmNGY2NTU1MjRlZTQwYWZiMWIwOGVhMCIsImlkIjoiNjEiLCJpZF9zb2FsIjoiNDQiLCJzdGVtIjoiQmVyaWt1dCBpbmkgeWFuZyBtZXJ1cGFrYW4gY2lyaS1jaXJpIGRhcmkgYmFuZ3VuIHJ1YW5nIGxpbWFzIHNlZ2kgW25dIGFkYWxhaD8iLCJhbW91bnQiOjUsImFycmFuZ2UiOiJtYXBwaW5nIiwidmFyX3ZhbHVlIjoiW25dPTMsNCw1LDYsOCw5LDEwIiwiZm9ybXVsYSI6IlttXSA9IFtuXSArIDI7XHJcbltsXSA9IFtuXSAtIDEiLCJ2YXJfbmFtZSI6IlsnW25dJ10iLCJvcHRpb24iOiJhLiBtZW1pbGlraSBbbV0gdGl0aWsgc3VkdXQ8YnIgLz48YnIgLz5cclxuYi4gbWVtaWxpa2kgW2xdIHNpc2k8YnIgLz48YnIgLz5cclxuYy4gbWVtaWxpa2kgW21dIHJ1c3VrPGJyIC8+PGJyIC8+XHJcbmQuIG1lbWlsaWtpIFtuXSBzaXNpIHRlZ2FrIiwidGl0bGUiOiJTb2FsIFVUUyBLZWxhcyAxMl9QYWtldF8yOCIsImltZ192YXIiOiItLS0iLCJxdWVzdGlvbiI6WyJCZXJpa3V0IGluaSB5YW5nIG1lcnVwYWthbiBjaXJpLWNpcmkgZGFyaSBiYW5ndW4gcnVhbmcgbGltYXMgc2VnaSA1IGFkYWxhaD8iLCI8c3Ryb25nPkhhcmdhIHRpa2V0IGtlbGFzIEkgZGFsYW0gZmluYWwgUGlhbGEgUHJlc2lkZW4gMjAxOCBhZGFsYWggUnAgNTAwLjAwMCwwMC4gUGFuaXRpYSBtZW55ZWRpYWthbiA4IGJhcmlzIHVudHVrIGtlbGFzIEksIGRlbmdhbiByaW5jaWFuIHBhZGEgYmFyaXMgcGVydGFtYSB0ZXJkYXBhdCA4IGt1cnNpLCBiYXJpcyBrZWR1YSAxMCBrdXJzaSwgcGFkYSBiYXJpcyBrZXRpZ2EgMTIga3Vyc2kgZGFuIHNldGVydXNueWEuIEppa2Ega3Vyc2kgdGVyaXNpIHNlbXVhIHBhZGEga2VsYXMgdGVyc2VidXQsIG1ha2EgcGVuZGFwYXRhbiB5YW5nIGRpdGVyaW1hIGRhcmkga2VsYXMgSSBhZGFsYWguLi4uPC9zdHJvbmc+Il0sImFuc3dlciI6W1siYS4gbWVtaWxpa2kgNyB0aXRpayBzdWR1dDxiciAvPjxiciAvPlxyXG5iLiBtZW1pbGlraSA0IHNpc2k8YnIgLz48YnIgLz5cclxuYy4gbWVtaWxpa2kgNyBydXN1azxiciAvPjxiciAvPlxyXG5kLiBtZW1pbGlraSA1IHNpc2kgdGVnYWsiXSxbImEuIDYwMDAwMDAwPGJyIC8+XHJcbmIuIDEyMDAwMDAwPGJyIC8+XHJcbmMuIDMwMDAwMDAwPGJyIC8+XHJcbmQuIDEyMDAwMDAwMCJdXSwicGFrZXRfc29hbF9pZCI6IjI3IiwiaW5kaWthdG9yIjoiMjkiLCJwYXJlbnQiOiIxOCIsIm92ZXJsb2FkIjoiIn0=', '2020-07-22 07:38:44.303220'),
('hbhh4yuw21y11212cbkdwu4946qnbblo', 'NzZlOTg1NThhMGFiODFlMjM0YzM0YjgzMTI1ZDQzNjViODBlMDRjMDp7Il9hdXRoX3VzZXJfaWQiOiIxIiwiX2F1dGhfdXNlcl9iYWNrZW5kIjoiZGphbmdvLmNvbnRyaWIuYXV0aC5iYWNrZW5kcy5Nb2RlbEJhY2tlbmQiLCJfYXV0aF91c2VyX2hhc2giOiJhNTBiNzQwNWY4MDM0M2Y1YWMwNTRlMTczYTg5Y2Q0N2I2Y2Q4NjNjIiwic3RlbSI6IiIsImFtb3VudCI6IiIsImFycmFuZ2UiOiIiLCJ2YXJfdmFsdWUiOiIiLCJmb3JtdWxhIjoiIiwib3B0aW9uIjoiIiwidmFyX2Zvcm1fdmFsdWUiOiIiLCJxdWVzdGlvbiI6IiIsImFuc3dlciI6IiJ9', '2020-05-30 16:28:51.836449'),
('ifd6m5xcpf53yvytu8ez2sv01jlugdb2', 'YmIxY2RlNDRkYTFjZmQzM2Q5NTM1ZGQ0NDc3MjNmYzQ4Mjk5MTAwYzp7fQ==', '2020-06-17 03:13:45.028707'),
('ij2dasc53g9ibgnocn3wgt5k0w7v1n5v', 'MzhhOGQyMDNkMzQ5YmRlYzQxY2Q0Mjc4NWFiZTZiYjUzYjRkMDY0YTp7Il9hdXRoX3VzZXJfaWQiOiIyOSIsIl9hdXRoX3VzZXJfYmFja2VuZCI6ImRqYW5nby5jb250cmliLmF1dGguYmFja2VuZHMuTW9kZWxCYWNrZW5kIiwiX2F1dGhfdXNlcl9oYXNoIjoiMWQxZjI2YjAxMGEwYTc3ZTEyODcwOTZkZDBlMTY5MmFmMzYyMzdjNSJ9', '2020-07-07 12:19:10.564685'),
('kgirww0fum1mu6czkedsitivf8ra8dpm', 'Mzg2ZTRiYmQ2ZTE3ODI1ZTQzNTZiMTYyYThkMWZjM2MzNTVlM2I2Mzp7Il9hdXRoX3VzZXJfaWQiOiIxIiwiX2F1dGhfdXNlcl9iYWNrZW5kIjoiZGphbmdvLmNvbnRyaWIuYXV0aC5iYWNrZW5kcy5Nb2RlbEJhY2tlbmQiLCJfYXV0aF91c2VyX2hhc2giOiJhNTBiNzQwNWY4MDM0M2Y1YWMwNTRlMTczYTg5Y2Q0N2I2Y2Q4NjNjIn0=', '2020-07-20 01:10:15.642117'),
('lxwajhhmrjjo6dm907cthizkflo1nr9a', 'MTliYjdjNTA5MGNlODViMzYwZmVhNDNkNTQ4YWE0ZjM4MDlhYmRhNjp7Il9hdXRoX3VzZXJfaWQiOiI1MyIsIl9hdXRoX3VzZXJfYmFja2VuZCI6ImRqYW5nby5jb250cmliLmF1dGguYmFja2VuZHMuTW9kZWxCYWNrZW5kIiwiX2F1dGhfdXNlcl9oYXNoIjoiNWNlNTRiYTQ4MTIwZjI0ZjEyYTFjNDRmOTgzYTRiODdjMmZjMzQ3NSJ9', '2020-07-20 03:28:24.544562'),
('m8aooztcrey80gh61jf5m15pj5e4p3k7', 'MTkyODQyOGRjZGVlYmMwNjU3NmZmYTJiMGQwNTcyMjJmYzg4YTYwYzp7Il9hdXRoX3VzZXJfaWQiOiI3IiwiX2F1dGhfdXNlcl9iYWNrZW5kIjoiZGphbmdvLmNvbnRyaWIuYXV0aC5iYWNrZW5kcy5Nb2RlbEJhY2tlbmQiLCJfYXV0aF91c2VyX2hhc2giOiJlYjg4NDBjNDJhODhmNjI5MDcwZDBkYWM2ODU1ZTNmMmEyY2U4MDVhIiwiaW51c19pZCI6IjYxIiwiaW5kaWthdG9yX2lkIjoiMzAiLCJzdGVtIjoiIiwiYW1vdW50IjoiIiwiYXJyYW5nZSI6IiIsInZhcl92YWx1ZSI6IiIsImZvcm11bGEiOiIiLCJvcHRpb24iOiIiLCJ2YXJfZm9ybV92YWx1ZSI6IiIsInF1ZXN0aW9uIjoiIiwiYW5zd2VyIjoiIiwiaW1nX3ZhciI6IiJ9', '2020-07-08 05:47:08.090855'),
('monika7m9k4rutyqz1eczq89tl6bdtif', 'MDQ2NTFhMDljZjEyNDkyNWQ0N2E1MmY1NGQwN2JiMzAyNjNkM2Y0ZDp7Il9hdXRoX3VzZXJfaWQiOiIzNyIsIl9hdXRoX3VzZXJfYmFja2VuZCI6ImRqYW5nby5jb250cmliLmF1dGguYmFja2VuZHMuTW9kZWxCYWNrZW5kIiwiX2F1dGhfdXNlcl9oYXNoIjoiMmI4OWViZTcyYzE3MDc5ZjQyOTczODRiOWQ5MWIxMGUzZTRjZmFjYyJ9', '2020-07-20 02:54:23.990910'),
('ni1ktgcs73shhuf388yd659jgkapgedy', 'NTgxZDAxNTRiZWVjNGEzMmE5ZjI0MzVjZDg5MTU1YzhjYWZjZjBhMjp7Il9hdXRoX3VzZXJfaWQiOiIxOCIsIl9hdXRoX3VzZXJfYmFja2VuZCI6ImRqYW5nby5jb250cmliLmF1dGguYmFja2VuZHMuTW9kZWxCYWNrZW5kIiwiX2F1dGhfdXNlcl9oYXNoIjoiZDg0NGJlNTc4NTE4ODAwOWI1YTFlN2EzYzIyODliMjRlYjgyN2IzNCIsImludXNfaWQiOiI1NiIsImluZGlrYXRvcl9pZCI6IjU1Iiwic3RlbSI6IkJ1ZGkgbWVtYmVsaSAyIGtnIGFwZWwsIDEga2cgbWFuZ2dhIGRhbiAzIGtnIGplcnVrIGRhbiBtZW1iYXlhciBScCA4Ny41MDAsMDAuIEtlZXNva2FuIGhhcmlueWEsIEFseWEgbWVtYmF5YXIgc2ViZXNhciBScCA5NS4wMDAsMDAgdW50dWsgbWVtYmVsaSAzIGtnIGFwZWwsIDIga2cgbWFuZ2dhIGRhbiAxIGtnIGplcnVrIGRpdG9rbyBidWFoIHlhbmcgc2FtYS4gRHVhIGhhcmkga2VtdWRpYW4sIFJhcmEganVnYSBtZW1iZWxpIDEga2cgYXBlbCwgMiBrZyBtYW5nZ2EgZGFuIDEga2cgamVydWsgZGFuIG1lbWJheWFyIFJwIDYwLjAwMCwwMCBkaSB0b2tvIGJ1YWggdGVyc2VidXQuIE1ha2EgbW9kZWwgbWF0ZW1hdGlrYSBkYXJpIHBlcm1hc2FsYWhhbiB0ZXJzZWJ1dCBhZGFsYWguLi4iLCJhbW91bnQiOiI1IiwiYXJyYW5nZSI6Im1hcHBpbmciLCJ2YXJfdmFsdWUiOiIiLCJmb3JtdWxhIjoiIiwib3B0aW9uIjoiIiwidmFyX2Zvcm1fdmFsdWUiOiIiLCJxdWVzdGlvbiI6IiIsImFuc3dlciI6IiIsImltZ192YXIiOiIiLCJ2YXJfbmFtZSI6W119', '2020-07-07 02:55:59.736118'),
('nyetdcvt87gtnk6gmjgx5p0l3q27ozf0', 'Mzg2ZTRiYmQ2ZTE3ODI1ZTQzNTZiMTYyYThkMWZjM2MzNTVlM2I2Mzp7Il9hdXRoX3VzZXJfaWQiOiIxIiwiX2F1dGhfdXNlcl9iYWNrZW5kIjoiZGphbmdvLmNvbnRyaWIuYXV0aC5iYWNrZW5kcy5Nb2RlbEJhY2tlbmQiLCJfYXV0aF91c2VyX2hhc2giOiJhNTBiNzQwNWY4MDM0M2Y1YWMwNTRlMTczYTg5Y2Q0N2I2Y2Q4NjNjIn0=', '2020-07-22 06:17:35.389674'),
('nytkdint44v1dkk0rnnperaug94h6cb1', 'MWUzNjc2YWJkZjg5NWE0MWM5N2MzOTQ4MTNlOWU3YjQ4MTQxNDdhMDp7Il9hdXRoX3VzZXJfaWQiOiI3IiwiX2F1dGhfdXNlcl9iYWNrZW5kIjoiZGphbmdvLmNvbnRyaWIuYXV0aC5iYWNrZW5kcy5Nb2RlbEJhY2tlbmQiLCJfYXV0aF91c2VyX2hhc2giOiJlYjg4NDBjNDJhODhmNjI5MDcwZDBkYWM2ODU1ZTNmMmEyY2U4MDVhIiwiaW51c19pZCI6IjI1IiwiaW5kaWthdG9yX2lkIjoiMjIiLCJzdGVtIjoiQmVyaWt1dCBpbmkgeWFuZyBtZXJ1cGFrYW4gY2lyaS1jaXJpIGRhcmkgYmFuZ3VuIHJ1YW5nIGxpbWFzIHNlZ2kgW25dIGFkYWxhaD8iLCJhbW91bnQiOjUsImFycmFuZ2UiOiJtYXBwaW5nIiwidmFyX3ZhbHVlIjoiW25dPTMsNCw1LDYsOCw5LDEwIiwiZm9ybXVsYSI6IlttXSA9IFtuXSArIDI7XHJcbltsXSA9IFtuXSAtIDEiLCJvcHRpb24iOiJhLiBtZW1pbGlraSBbbV0gdGl0aWsgc3VkdXQ8YnIgLz5cclxuYi4gbWVtaWxpa2kgW2xdIHNpc2k8YnIgLz5cclxuYy4gbWVtaWxpa2kgW21dIHJ1c3VrPGJyIC8+XHJcbmQuIG1lbWlsaWtpIFtuXSBzaXNpIHRlZ2FrIiwidmFyX2Zvcm1fdmFsdWUiOiJbbl09Myw0LDUsNiIsInF1ZXN0aW9uIjpbIkJlcmlrdXQgaW5pIHlhbmcgbWVydXBha2FuIGNpcmktY2lyaSBkYXJpIGJhbmd1biBydWFuZyBsaW1hcyBzZWdpIDMgYWRhbGFoPyIsIkJlcmlrdXQgaW5pIHlhbmcgbWVydXBha2FuIGNpcmktY2lyaSBkYXJpIGJhbmd1biBydWFuZyBsaW1hcyBzZWdpIDQgYWRhbGFoPyIsIkJlcmlrdXQgaW5pIHlhbmcgbWVydXBha2FuIGNpcmktY2lyaSBkYXJpIGJhbmd1biBydWFuZyBsaW1hcyBzZWdpIDUgYWRhbGFoPyIsIkJlcmlrdXQgaW5pIHlhbmcgbWVydXBha2FuIGNpcmktY2lyaSBkYXJpIGJhbmd1biBydWFuZyBsaW1hcyBzZWdpIDYgYWRhbGFoPyIsIkJlcmlrdXQgaW5pIHlhbmcgbWVydXBha2FuIGNpcmktY2lyaSBkYXJpIGJhbmd1biBydWFuZyBsaW1hcyBzZWdpIDggYWRhbGFoPyIsIkJlcmlrdXQgaW5pIHlhbmcgbWVydXBha2FuIGNpcmktY2lyaSBkYXJpIGJhbmd1biBydWFuZyBsaW1hcyBzZWdpIDkgYWRhbGFoPyIsIkJlcmlrdXQgaW5pIHlhbmcgbWVydXBha2FuIGNpcmktY2lyaSBkYXJpIGJhbmd1biBydWFuZyBsaW1hcyBzZWdpIDEwIGFkYWxhaD8iXSwiYW5zd2VyIjpbWyJhLiBtZW1pbGlraSA1IHRpdGlrIHN1ZHV0PGJyIC8+XHJcbmIuIG1lbWlsaWtpIDIgc2lzaTxiciAvPlxyXG5jLiBtZW1pbGlraSA1IHJ1c3VrPGJyIC8+XHJcbmQuIG1lbWlsaWtpIDMgc2lzaSB0ZWdhayJdLFsiYS4gbWVtaWxpa2kgNiB0aXRpayBzdWR1dDxiciAvPlxyXG5iLiBtZW1pbGlraSAzIHNpc2k8YnIgLz5cclxuYy4gbWVtaWxpa2kgNiBydXN1azxiciAvPlxyXG5kLiBtZW1pbGlraSA0IHNpc2kgdGVnYWsiXSxbImEuIG1lbWlsaWtpIDcgdGl0aWsgc3VkdXQ8YnIgLz5cclxuYi4gbWVtaWxpa2kgNCBzaXNpPGJyIC8+XHJcbmMuIG1lbWlsaWtpIDcgcnVzdWs8YnIgLz5cclxuZC4gbWVtaWxpa2kgNSBzaXNpIHRlZ2FrIl0sWyJhLiBtZW1pbGlraSA4IHRpdGlrIHN1ZHV0PGJyIC8+XHJcbmIuIG1lbWlsaWtpIDUgc2lzaTxiciAvPlxyXG5jLiBtZW1pbGlraSA4IHJ1c3VrPGJyIC8+XHJcbmQuIG1lbWlsaWtpIDYgc2lzaSB0ZWdhayJdLFsiYS4gbWVtaWxpa2kgMTAgdGl0aWsgc3VkdXQ8YnIgLz5cclxuYi4gbWVtaWxpa2kgNyBzaXNpPGJyIC8+XHJcbmMuIG1lbWlsaWtpIDEwIHJ1c3VrPGJyIC8+XHJcbmQuIG1lbWlsaWtpIDggc2lzaSB0ZWdhayJdLFsiYS4gbWVtaWxpa2kgMTEgdGl0aWsgc3VkdXQ8YnIgLz5cclxuYi4gbWVtaWxpa2kgOCBzaXNpPGJyIC8+XHJcbmMuIG1lbWlsaWtpIDExIHJ1c3VrPGJyIC8+XHJcbmQuIG1lbWlsaWtpIDkgc2lzaSB0ZWdhayJdLFsiYS4gbWVtaWxpa2kgMTIgdGl0aWsgc3VkdXQ8YnIgLz5cclxuYi4gbWVtaWxpa2kgOSBzaXNpPGJyIC8+XHJcbmMuIG1lbWlsaWtpIDEyIHJ1c3VrPGJyIC8+XHJcbmQuIG1lbWlsaWtpIDEwIHNpc2kgdGVnYWsiXV0sImltZ192YXIiOiItLS0iLCJ2YXJfbmFtZSI6IlsnW25dJ10iLCJ0aXRsZSI6IkJhbmd1biBydWFuZyJ9', '2020-06-20 03:28:16.893854'),
('obf6esxor5srdbw9h0vho5lksesylz4e', 'Mzg2ZTRiYmQ2ZTE3ODI1ZTQzNTZiMTYyYThkMWZjM2MzNTVlM2I2Mzp7Il9hdXRoX3VzZXJfaWQiOiIxIiwiX2F1dGhfdXNlcl9iYWNrZW5kIjoiZGphbmdvLmNvbnRyaWIuYXV0aC5iYWNrZW5kcy5Nb2RlbEJhY2tlbmQiLCJfYXV0aF91c2VyX2hhc2giOiJhNTBiNzQwNWY4MDM0M2Y1YWMwNTRlMTczYTg5Y2Q0N2I2Y2Q4NjNjIn0=', '2020-06-22 17:28:34.824052'),
('oxim2uolvn2qrzcsq32sthy9b9bkrn5r', 'ZmFkM2YyYjU1NzhjOGE3MWMxZTBkZmE0NmM0ZmI5N2VkNzE5MmIwYTp7Il9hdXRoX3VzZXJfaWQiOiIxMiIsIl9hdXRoX3VzZXJfYmFja2VuZCI6ImRqYW5nby5jb250cmliLmF1dGguYmFja2VuZHMuTW9kZWxCYWNrZW5kIiwiX2F1dGhfdXNlcl9oYXNoIjoiYTgyY2MxZTc4NWY5NTYyNjRmNGY2NTU1MjRlZTQwYWZiMWIwOGVhMCIsImlkIjoiMjYiLCJpZF9zb2FsIjoiMTQiLCJzdGVtIjoiSGFyZ2EgdGlrZXQga2VsYXMgSSBkYWxhbSBmaW5hbCBQaWFsYSBQcmVzaWRlbiAyMDE4IGFkYWxhaCBScCA1MDAuMDAwLDAwLiBQYW5pdGlhIG1lbnllZGlha2FuIFt4XSBiYXJpcyB1bnR1ayBrZWxhcyBJLCBkZW5nYW4gcmluY2lhbiBwYWRhIGJhcmlzIHBlcnRhbWEgdGVyZGFwYXQgW2FdIGt1cnNpLCBiYXJpcyBrZWR1YSBbYl0ga3Vyc2ksIHBhZGEgYmFyaXMga2V0aWdhIFtjXSBrdXJzaSBkYW4gc2V0ZXJ1c255YS4gSmlrYSBrdXJzaSB0ZXJpc2kgc2VtdWEgcGFkYSBrZWxhcyB0ZXJzZWJ1dCwgbWFrYSBwZW5kYXBhdGFuIHlhbmcgZGl0ZXJpbWEgZGFyaSBrZWxhcyBJIGFkYWxhaC4uLi4iLCJhbW91bnQiOjUsImFycmFuZ2UiOiJtYXBwaW5nIiwidmFyX3ZhbHVlIjoiW3hdPSA1LCA4O1xyXG5bYV09IDYsIDg7XHJcbltiXT0gMTAsIDEwO1xyXG5bY109IDE0LCAxMiIsImZvcm11bGEiOiJbYmVkYV0gPSBbYl0tW2FdO1xyXG5bdTFdID0gW2FdO1xyXG5bbl0gPSBbeF0tMTtcclxuW1N4XSA9IChbeF0vMikqKDIqW3UxXStbYmVkYV0qW25dKTtcclxuW2JlbmFyXSA9IFtTeF0qNTAwMDAwO1xyXG5bc2FsYWhdID0gW1N4XSAqIDEwMDAwMCIsInZhcl9uYW1lIjoiWydbeF0nLCAnW2FdJywgJ1tiXScsICdbY10nXSIsIm9wdGlvbiI6ImEuIFJwIFtiZW5hcl08YnIgLz5cclxuYi4gUnAgW3NhbGFoXTxiciAvPlxyXG5cdTAwYTAiLCJ0aXRsZSI6IlNPQUwgVUpJQU4gU01BIDUgR01fUGFrZXRfMSIsImltZ192YXIiOiItLS0iLCJxdWVzdGlvbiI6WyJQZXJzYW1hYW4gZ3JhZmlrIGZ1bmdzaSBwYWRhIGdhbWJhciBkaSBiYXdhaCBhZGFsYWgmaGVsbGlwOy4mbmJzcDsiLCJIYXJnYSB0aWtldCBrZWxhcyBJIGRhbGFtIGZpbmFsIFBpYWxhIFByZXNpZGVuIDIwMTggYWRhbGFoIFJwIDUwMC4wMDAsMDAuIFBhbml0aWEgbWVueWVkaWFrYW4gOCBiYXJpcyB1bnR1ayBrZWxhcyBJLCBkZW5nYW4gcmluY2lhbiBwYWRhIGJhcmlzIHBlcnRhbWEgdGVyZGFwYXQgOCBrdXJzaSwgYmFyaXMga2VkdWEgMTAga3Vyc2ksIHBhZGEgYmFyaXMga2V0aWdhIDEyIGt1cnNpIGRhbiBzZXRlcnVzbnlhLiBKaWthIGt1cnNpIHRlcmlzaSBzZW11YSBwYWRhIGtlbGFzIHRlcnNlYnV0LCBtYWthIHBlbmRhcGF0YW4geWFuZyBkaXRlcmltYSBkYXJpIGtlbGFzIEkgYWRhbGFoLi4uLiJdLCJhbnN3ZXIiOltbIjxpbWcgc3JjPVwiaHR0cHM6Ly9maXJlYmFzZXN0b3JhZ2UuZ29vZ2xlYXBpcy5jb20vdjAvYi9haWd5dWppZW0taW1hZ2UuYXBwc3BvdC5jb20vby9pbWFnZXMlMkYxNTkxNTQwNjIzLjA2NzE0NWU4ZWU1ODhhN2Q4Zi5qcGc/YWx0PW1lZGlhXCI+Il0sWyJhLiBScCA2MDAwMDAwMDxiciAvPlxyXG5iLiBScCAxMjAwMDAwMDxiciAvPlxyXG5cdTAwYTAiXV0sInBha2V0X3NvYWxfaWQiOiIxNyIsImluZGlrYXRvciI6IjI4IiwicGFyZW50IjoiMTciLCJvdmVybG9hZCI6IiIsImJyb3RoZXJfaWQiOiI5NiJ9', '2020-06-21 14:45:44.372736'),
('p0hzvbxvci5guujopub3969222xx2v22', 'Mzg2ZTRiYmQ2ZTE3ODI1ZTQzNTZiMTYyYThkMWZjM2MzNTVlM2I2Mzp7Il9hdXRoX3VzZXJfaWQiOiIxIiwiX2F1dGhfdXNlcl9iYWNrZW5kIjoiZGphbmdvLmNvbnRyaWIuYXV0aC5iYWNrZW5kcy5Nb2RlbEJhY2tlbmQiLCJfYXV0aF91c2VyX2hhc2giOiJhNTBiNzQwNWY4MDM0M2Y1YWMwNTRlMTczYTg5Y2Q0N2I2Y2Q4NjNjIn0=', '2020-07-01 18:48:07.142773'),
('pbahcmhvgtb89tqqgh6fmfnb06d8qnu9', 'YzBjNjg1ODgxN2Q1YzFkYjI4ZmIyZmY3NWYzYWJmNjUzNDgzOTUxZDp7Il9hdXRoX3VzZXJfaWQiOiI5IiwiX2F1dGhfdXNlcl9iYWNrZW5kIjoiZGphbmdvLmNvbnRyaWIuYXV0aC5iYWNrZW5kcy5Nb2RlbEJhY2tlbmQiLCJfYXV0aF91c2VyX2hhc2giOiI2OGQ3N2FlOTA0OGM0Mzc1N2JmODc2ZjI0Y2VmOTdkMmZhN2UyNjA1In0=', '2020-06-23 15:17:39.963693'),
('r7fqkwpcyg6fyohdgeqobgq76ws9yswn', 'MDcwMmY4MzkzNGZkZmNmMWNiOTFjMmRiMDEzYzUxOGI3MDQ1YjZiYzp7Il9hdXRoX3VzZXJfaWQiOiI2MSIsIl9hdXRoX3VzZXJfYmFja2VuZCI6ImRqYW5nby5jb250cmliLmF1dGguYmFja2VuZHMuTW9kZWxCYWNrZW5kIiwiX2F1dGhfdXNlcl9oYXNoIjoiMzUzNzlhYTYwYzk0ZTg1M2U5ZGRmYjBlMmQ5MGI1ZDI1YTIwNmMwMCJ9', '2020-07-20 09:20:19.912037'),
('sbidu9uy9xrfj1y06zfczm8lpsr0izru', 'MDQ4MWM0YTU3NWM2MWU3NDIzZWMxYmQyZTE2ZDhmMGY0YzZiZDZiNzp7Il9hdXRoX3VzZXJfaWQiOiIzIiwiX2F1dGhfdXNlcl9iYWNrZW5kIjoiZGphbmdvLmNvbnRyaWIuYXV0aC5iYWNrZW5kcy5Nb2RlbEJhY2tlbmQiLCJfYXV0aF91c2VyX2hhc2giOiI5ZDc2ZTQ4YTU0MDMxNGUwMmViOTU1OTE2NjhlYmFkNmEwZGJiODNmIiwicGFrZXRfc29hbF9pZCI6IjEyIiwiaW5kaWthdG9yIjoiMTAiLCJwYXJlbnQiOiI3Iiwib3ZlcmxvYWQiOiIiLCJpZCI6IjEwIiwicXVlc3Rpb24iOlsiQXBha2FoIDMgc2FtYSBkZW5nYW4gNCZuYnNwOyIsIkFwYWthaCAzIHNhbWEgZGVuZ2FuIDQmbmJzcDsiLCJBcGFrYWggMyBzYW1hIGRlbmdhbiA0Jm5ic3A7IiwiQXBha2FoIDQgc2FtYSBkZW5nYW4gNyZuYnNwOyJdLCJhbnN3ZXIiOltbInlhIiwiPGJyIC8+XHJcbnRpZGFrIl0sWyJ5YSIsIjxiciAvPlxyXG50aWRhayJdLFsieWEiLCI8YnIgLz5cclxudGlkYWsiXSxbInlhIiwiPGJyIC8+XHJcbnRpZGFrIl1dLCJ0aXRsZSI6IlNvYWwgS2VsYXMgMyBUS19QYWtldF8xIiwiYnJvdGhlcl9pZCI6Ijc2In0=', '2020-06-13 15:30:57.951091'),
('tbal3famp640qqs81avyqqpinwm7own9', 'NGVmYmNiYzM2MjE4ZTNiNTYxOWRmZTU4OGZjYjhkYjE0OGM1ZTgxMDp7Il9hdXRoX3VzZXJfaWQiOiIyNyIsIl9hdXRoX3VzZXJfYmFja2VuZCI6ImRqYW5nby5jb250cmliLmF1dGguYmFja2VuZHMuTW9kZWxCYWNrZW5kIiwiX2F1dGhfdXNlcl9oYXNoIjoiY2NmZWFhMGQ2NTdkMWRjMGZkNWU1NzNhYTcwOWFhNGM5Y2NiMGJjMyIsInBha2V0X3NvYWxfaWQiOiIyMyIsImluZGlrYXRvciI6IjU2IiwicGFyZW50IjoiNDAiLCJvdmVybG9hZCI6IiIsImlkIjoiNTYiLCJpZF9zb2FsIjoiNDAiLCJzdGVtIjoiSmlrYSBuaWxhaSBzaW4gZGFyaSBzZWJ1YWggc2VnaXRpZ2EgeWFpdHUgW3hdL1t5XSwgbWFrYSBuaWxhaSBjb3MgZGFyaSBzZWdpdGlnYSB0ZXJzZWJ1dCBhZGFsYWg/IiwiYW1vdW50Ijo1LCJhcnJhbmdlIjoibWFwcGluZyIsInZhcl92YWx1ZSI6Ilt4XT0zLCA1O1xyXG5beV09NSwgMTMiLCJmb3JtdWxhIjoiW3NhbXBpbmddPXBvdygoKFt5XSpbeV0pLShbeF0qW3hdKSksMC41KSIsInZhcl9uYW1lIjoiWydbeF0nLCAnW3ldJ10iLCJvcHRpb24iOiJBLiBbc2FtcGluZ10vW3ldOzxiciAvPlxyXG5CLiBbeF0vW3NhbXBpbmddOzxiciAvPlxyXG5DLiBbeV0vW3NhbXBpbmddOzxiciAvPlxyXG5ELiBbeF0vW3ldOzxiciAvPlxyXG5FLiAxLzIiLCJ0aXRsZSI6IlBha2V0IFNvYWwgTWF0ZW1hdGlrYSBLZWxhcyAxMF9QYWtldF8xIiwiaW1nX3ZhciI6Ii0tLSIsInF1ZXN0aW9uIjpbIkJlcmFwYWthaCB0aXRpayBwb3RvbmcgZih4KSA9Jm5ic3A7PHNwYW4gY2xhc3M9XCJtYXRoLXRleFwiPlxcKHheMiAtIDZ4ICsgOFxcKTwvc3Bhbj4mbmJzcDtwYWRhIHN1bWJ1IHk/IiwiSmlrYSBuaWxhaSBzaW4gZGFyaSBzZWJ1YWggc2VnaXRpZ2EgeWFpdHUgMy81LCBtYWthIG5pbGFpIGNvcyBkYXJpIHNlZ2l0aWdhIHRlcnNlYnV0IGFkYWxhaD8iXSwiYW5zd2VyIjpbWyJBLiAoOCwwKSIsIjxiciAvPlxyXG5CLiAoLTIsMCkiLCI8YnIgLz5cclxuQy4gKC00LDApIiwiPGJyIC8+XHJcbkQuICgtMiwtNCkiLCI8YnIgLz5cclxuRS4gKDgsLTIpIl0sWyJBLiA0LzUiLCI8YnIgLz5cclxuQi4gMy80IiwiPGJyIC8+XHJcbkMuIDUvNCIsIjxiciAvPlxyXG5ELiAzLzUiLCI8YnIgLz5cclxuRS4gMS8yIl1dfQ==', '2020-07-07 14:37:25.081069'),
('uuuk9qmsg10aq14uub0tftv7olqjl14q', 'MWZhMjY2NDlmMDRhY2MwNDlhNDQ5ZjI5NzA5YTY0NWFlODE4NjRkMDp7Il9hdXRoX3VzZXJfaWQiOiI2IiwiX2F1dGhfdXNlcl9iYWNrZW5kIjoiZGphbmdvLmNvbnRyaWIuYXV0aC5iYWNrZW5kcy5Nb2RlbEJhY2tlbmQiLCJfYXV0aF91c2VyX2hhc2giOiJhYjNhNjg0Yzk5YzNiMWYwNTU4NjgxZDQ5ZDNmNjI4MDc5ZTUwNzYwIiwicGFrZXRfc29hbF9pZCI6MjUsImluZGlrYXRvciI6IjE3IiwicGFyZW50IjoiOCIsIm92ZXJsb2FkIjoiIn0=', '2020-07-08 08:07:36.066270'),
('w0580lweph1nieravyphb1au2335y5ab', 'NGYzOGY3NDM3NTRhMWZhMDg4ODE2YWZlMjE2MzBhODJjZWFkMTQzMzp7Il9hdXRoX3VzZXJfaWQiOiIyNSIsIl9hdXRoX3VzZXJfYmFja2VuZCI6ImRqYW5nby5jb250cmliLmF1dGguYmFja2VuZHMuTW9kZWxCYWNrZW5kIiwiX2F1dGhfdXNlcl9oYXNoIjoiOGZlNDEwNjEwNGE4MjFhM2QzMjY1NGVhNDQ4YjkxZTQwYjI3YTAyMyJ9', '2020-07-10 01:44:55.449707'),
('w1uemuzcrfxosj0natlrbt3oy10wsyeb', 'YzBjNjg1ODgxN2Q1YzFkYjI4ZmIyZmY3NWYzYWJmNjUzNDgzOTUxZDp7Il9hdXRoX3VzZXJfaWQiOiI5IiwiX2F1dGhfdXNlcl9iYWNrZW5kIjoiZGphbmdvLmNvbnRyaWIuYXV0aC5iYWNrZW5kcy5Nb2RlbEJhY2tlbmQiLCJfYXV0aF91c2VyX2hhc2giOiI2OGQ3N2FlOTA0OGM0Mzc1N2JmODc2ZjI0Y2VmOTdkMmZhN2UyNjA1In0=', '2020-06-23 15:07:45.402153'),
('zke09iv1rzn4vzhcpdx34ulemdytbyy2', 'MTU1YjNhNmRmNWY4N2Q2N2I2YjlhY2ZhNjdjNmE3NGVlNDZiY2MyYTp7Il9hdXRoX3VzZXJfaWQiOiI0IiwiX2F1dGhfdXNlcl9iYWNrZW5kIjoiZGphbmdvLmNvbnRyaWIuYXV0aC5iYWNrZW5kcy5Nb2RlbEJhY2tlbmQiLCJfYXV0aF91c2VyX2hhc2giOiIyNjFmYzRhNWUyNzgzNzE0YTI0ZmY1YjFhYzMzZTk2YmM2YWYwMWViIn0=', '2020-06-17 04:04:03.134459');

-- --------------------------------------------------------

--
-- Struktur dari tabel `quiz_generatedsoal`
--

CREATE TABLE `quiz_generatedsoal` (
  `id` int(11) NOT NULL,
  `generated_soal` longtext NOT NULL,
  `generated_option` longtext,
  `parent_id` int(11) DEFAULT NULL
) ENGINE=InnoDB DEFAULT CHARSET=latin1;

--
-- Dumping data untuk tabel `quiz_generatedsoal`
--

INSERT INTO `quiz_generatedsoal` (`id`, `generated_soal`, `generated_option`, `parent_id`) VALUES
(5, 'Bentuk paling sederhana dari&nbsp;<span class=\"math-tex\">\\(18 \\over 24\\)</span>&nbsp;adalah?', '[\'a.\\xa0<span class=\"math-tex\">\\\\(3 \\\\over 4\\\\)</span>\\r\\nb.\\xa0\\\\(4 \\\\over 3\\\\)\\r\\nc.\\xa0\\\\(3 \\\\over 7\\\\)\\r\\nd.\\xa0\\\\(6 \\\\over 7\\\\)\']', 9),
(6, 'Bentuk paling sederhana dari&nbsp;<span class=\"math-tex\">\\(30 \\over 36\\)</span>&nbsp;adalah?', '[\'a.\\xa0<span class=\"math-tex\">\\\\(5 \\\\over 6\\\\)</span>\\r\\nb.\\xa0\\\\(6 \\\\over 5\\\\)\\r\\nc.\\xa0\\\\(5 \\\\over 11\\\\)\\r\\nd.\\xa0\\\\(6 \\\\over 11\\\\)\']', 9),
(7, 'Tentukan jumlah 20 suku pertama dari deret aritmatika 72+80+88+...&nbsp;', '[\'a. 2960<br />\\r\\nb. 3120<br />\\r\\nc. 2980<br />\\r\\nd. 5920\']', 8),
(8, 'Tentukan jumlah 15 suku pertama dari deret aritmatika 70+82+94+...&nbsp;', '[\'a. 2310<br />\\r\\nb. 2490<br />\\r\\nc. 2330<br />\\r\\nd. 4620\']', 8),
(9, 'Tentukan jumlah 23 suku pertama dari deret aritmatika 50+61+72+...&nbsp;', '[\'a. 3933<br />\\r\\nb. 4186<br />\\r\\nc. 3953<br />\\r\\nd. 7866\']', 8),
(10, 'Perbandingan&nbsp;banyak&nbsp;ayam&nbsp;potong&nbsp;dengan&nbsp;ayam&nbsp;petelur&nbsp;4:&nbsp;5.&nbsp;Jika&nbsp;banyak&nbsp;ayam&nbsp;petelur&nbsp;ada&nbsp;40&nbsp;ekor,&nbsp;berapa&nbsp;banyak&nbsp;ayam&nbsp;potong?&nbsp;', '[\'a=32\', \'\\xa0<br />\\r\\nb=50\', \'\\xa0<br />\\r\\nc=25\', \'\\xa0<br />\\r\\nd=16\\xa0\']', 11),
(11, 'Perbandingan&nbsp;banyak&nbsp;ayam&nbsp;potong&nbsp;dengan&nbsp;ayam&nbsp;petelur&nbsp;10:&nbsp;2.&nbsp;Jika&nbsp;banyak&nbsp;ayam&nbsp;petelur&nbsp;ada&nbsp;60&nbsp;ekor,&nbsp;berapa&nbsp;banyak&nbsp;ayam&nbsp;potong?&nbsp;', '[\'a=300\', \'\\xa0<br />\\r\\nb=12\', \'\\xa0<br />\\r\\nc=6\', \'\\xa0<br />\\r\\nd=150\\xa0\']', 11),
(12, 'Berikut ini yang merupakan ciri-ciri dari bangun ruang limas segi 3 adalah?', '[\'a. memiliki 5 titik sudut<br />\\r\\nb. memiliki 2 sisi<br />\\r\\nc. memiliki 5 rusuk<br />\\r\\nd. memiliki 3 sisi tegak\']', 10),
(13, 'Berikut ini yang merupakan ciri-ciri dari bangun ruang limas segi 4 adalah?', '[\'a. memiliki 6 titik sudut<br />\\r\\nb. memiliki 3 sisi<br />\\r\\nc. memiliki 6 rusuk<br />\\r\\nd. memiliki 4 sisi tegak\']', 10),
(14, 'Berikut ini yang merupakan ciri-ciri dari bangun ruang limas segi 5 adalah?', '[\'a. memiliki 7 titik sudut<br />\\r\\nb. memiliki 4 sisi<br />\\r\\nc. memiliki 7 rusuk<br />\\r\\nd. memiliki 5 sisi tegak\']', 10),
(15, 'Berikut ini yang merupakan ciri-ciri dari bangun ruang limas segi 6 adalah?', '[\'a. memiliki 8 titik sudut<br />\\r\\nb. memiliki 5 sisi<br />\\r\\nc. memiliki 8 rusuk<br />\\r\\nd. memiliki 6 sisi tegak\']', 10),
(16, 'Berikut ini yang merupakan ciri-ciri dari bangun ruang limas segi 8 adalah?', '[\'a. memiliki 10 titik sudut<br />\\r\\nb. memiliki 7 sisi<br />\\r\\nc. memiliki 10 rusuk<br />\\r\\nd. memiliki 8 sisi tegak\']', 10),
(17, 'Berikut ini yang merupakan ciri-ciri dari bangun ruang limas segi 9 adalah?', '[\'a. memiliki 11 titik sudut<br />\\r\\nb. memiliki 8 sisi<br />\\r\\nc. memiliki 11 rusuk<br />\\r\\nd. memiliki 9 sisi tegak\']', 10),
(18, 'Berikut ini yang merupakan ciri-ciri dari bangun ruang limas segi 10 adalah?', '[\'a. memiliki 12 titik sudut<br />\\r\\nb. memiliki 9 sisi<br />\\r\\nc. memiliki 12 rusuk<br />\\r\\nd. memiliki 10 sisi tegak\']', 10),
(19, 'Persamaan grafik fungsi pada gambar di bawah adalah&hellip;.&nbsp;', '[\'<img src=\"https://firebasestorage.googleapis.com/v0/b/aigyujiem-image.appspot.com/o/images%2F1591540621.211191-_200409113810-533.jpg?alt=media\">\']', 17),
(20, 'Persamaan grafik fungsi pada gambar di bawah adalah&hellip;.&nbsp;', '[\'<img src=\"https://firebasestorage.googleapis.com/v0/b/aigyujiem-image.appspot.com/o/images%2F1591540623.067145e8ee588a7d8f.jpg?alt=media\">\']', 17),
(21, 'Persamaan grafik fungsi pada gambar di bawah adalah&hellip;.&nbsp;', '[\'<img src=\"https://firebasestorage.googleapis.com/v0/b/aigyujiem-image.appspot.com/o/images%2F1591540623.559612019_11_13-12_54_16_13b6ab39c14f8ae887b5efb9363f5348_960x640_thumb.jpg?alt=media\">\']', 17),
(22, 'Diketahui&nbsp;<span class=\"math-tex\">\\(A = \\begin{pmatrix} 4 &amp; -1 \\\\ 3 &amp; -2 \\end{pmatrix} \\)</span>&nbsp;&nbsp;, nilai k yang&nbsp;<span class=\"math-tex\">\\(k det(A^T) = det(A^{-1})\\)</span> memenuhi adalah&hellip;.', '[\'0.25\']', 16),
(23, 'Diketahui&nbsp;<span class=\"math-tex\">\\(A = \\begin{pmatrix} 2 &amp; -1 \\\\ 4 &amp; 3 \\end{pmatrix} \\)</span>&nbsp;&nbsp;, nilai k yang&nbsp;<span class=\"math-tex\">\\(k det(A^T) = det(A^{-1})\\)</span> memenuhi adalah&hellip;.', '[\'0.0051\']', 16),
(24, 'Harga tiket kelas I dalam final Piala Presiden 2018 adalah Rp 500.000,00. Panitia menyediakan 5 baris untuk kelas I, dengan rincian pada baris pertama terdapat 6 kursi, baris kedua 10 kursi, pada baris ketiga 14 kursi dan seterusnya. Jika kursi terisi semua pada kelas tersebut, maka pendapatan yang diterima dari kelas I adalah....', '[\'a. Rp 35000000<br />\\r\\nb. Rp 7000000<br />\\r\\n\\xa0\']', 14),
(25, 'Harga tiket kelas I dalam final Piala Presiden 2018 adalah Rp 500.000,00. Panitia menyediakan 8 baris untuk kelas I, dengan rincian pada baris pertama terdapat 8 kursi, baris kedua 10 kursi, pada baris ketiga 12 kursi dan seterusnya. Jika kursi terisi semua pada kelas tersebut, maka pendapatan yang diterima dari kelas I adalah....', '[\'a. Rp 60000000<br />\\r\\nb. Rp 12000000<br />\\r\\n\\xa0\']', 14),
(26, '<strong>Harga tiket kelas I dalam final Piala Presiden 2018 adalah Rp 500.000,00. Panitia menyediakan 6 baris untuk kelas I, dengan rincian pada baris pertama terdapat 6 kursi, baris kedua 8 kursi, pada baris ketiga 10 kursi dan seterusnya. Jika kursi terisi semua pada kelas tersebut, maka pendapatan yang diterima dari kelas I adalah....</strong>', '[\'a. 33000000<br />\\r\\nb. 6600000<br />\\r\\nc. 16500000<br />\\r\\nd. 66000000\']', 18),
(27, '<strong>Harga tiket kelas I dalam final Piala Presiden 2018 adalah Rp 500.000,00. Panitia menyediakan 8 baris untuk kelas I, dengan rincian pada baris pertama terdapat 8 kursi, baris kedua 10 kursi, pada baris ketiga 12 kursi dan seterusnya. Jika kursi terisi semua pada kelas tersebut, maka pendapatan yang diterima dari kelas I adalah....</strong>', '[\'a. 60000000<br />\\r\\nb. 12000000<br />\\r\\nc. 30000000<br />\\r\\nd. 120000000\']', 18),
(28, '<strong>Harga tiket kelas I dalam final Piala Presiden 2018 adalah Rp 500.000,00. Panitia menyediakan 10 baris untuk kelas I, dengan rincian pada baris pertama terdapat 10 kursi, baris kedua 12 kursi, pada baris ketiga 14 kursi dan seterusnya. Jika kursi terisi semua pada kelas tersebut, maka pendapatan yang diterima dari kelas I adalah....</strong>', '[\'a. 95000000<br />\\r\\nb. 19000000<br />\\r\\nc. 47500000<br />\\r\\nd. 190000000\']', 18),
(29, 'Harga tiket kelas I dalam final Piala Presiden 2018 adalah Rp 500.000,00. Panitia menyediakan 6 baris untuk kelas I, dengan rincian pada baris pertama terdapat 6 kursi, baris kedua 8 kursi, pada baris ketiga 10 kursi dan seterusnya. Jika kursi terisi semua pada kelas tersebut, maka pendapatan yang diterima dari kelas I adalah....', '[\'a. 33000000<br />\\r\\nb. 6600000<br />\\r\\nc. 16500000<br />\\r\\nd. 66000000\']', 23),
(30, 'Harga tiket kelas I dalam final Piala Presiden 2018 adalah Rp 500.000,00. Panitia menyediakan 8 baris untuk kelas I, dengan rincian pada baris pertama terdapat 8 kursi, baris kedua 10 kursi, pada baris ketiga 12 kursi dan seterusnya. Jika kursi terisi semua pada kelas tersebut, maka pendapatan yang diterima dari kelas I adalah....', '[\'a. 60000000<br />\\r\\nb. 12000000<br />\\r\\nc. 30000000<br />\\r\\nd. 120000000\']', 23),
(31, 'Harga tiket kelas I dalam final Piala Presiden 2018 adalah Rp 500.000,00. Panitia menyediakan 10 baris untuk kelas I, dengan rincian pada baris pertama terdapat 10 kursi, baris kedua 12 kursi, pada baris ketiga 14 kursi dan seterusnya. Jika kursi terisi semua pada kelas tersebut, maka pendapatan yang diterima dari kelas I adalah....', '[\'a. 95000000<br />\\r\\nb. 19000000<br />\\r\\nc. 47500000<br />\\r\\nd. 190000000\']', 23),
(32, 'Bentuk paling sederhana dari \\(18 \\over 24\\) adalah?', '[\'a.\\xa0\\\\(3 \\\\over 4\\\\)<br />\\r\\nb.\\xa0\\\\(4 \\\\over 3\\\\)<br />\\r\\nc.\\xa0 \\\\(3 \\\\over 7\\\\)<br />\\r\\nd. \\\\(6 \\\\over 7\\\\)\']', 24),
(33, 'Bentuk paling sederhana dari \\(30 \\over 36\\) adalah?', '[\'a.\\xa0\\\\(5 \\\\over 6\\\\)<br />\\r\\nb.\\xa0\\\\(6 \\\\over 5\\\\)<br />\\r\\nc.\\xa0 \\\\(5 \\\\over 11\\\\)<br />\\r\\nd. \\\\(6 \\\\over 11\\\\)\']', 24),
(34, 'Bentuk paling sederhana dari \\(18 \\over 24\\) adalah?', '[\'a.\\xa0\\\\(3 \\\\over 4\\\\)<br />\\r\\nb.\\xa0\\\\(4 \\\\over 3\\\\)<br />\\r\\nc.\\xa0 \\\\(3 \\\\over 7\\\\)<br />\\r\\nd. \\\\(6 \\\\over 7\\\\)\']', 26),
(35, 'Bentuk paling sederhana dari \\(30 \\over 36\\) adalah?', '[\'a.\\xa0\\\\(5 \\\\over 6\\\\)<br />\\r\\nb.\\xa0\\\\(6 \\\\over 5\\\\)<br />\\r\\nc.\\xa0 \\\\(5 \\\\over 11\\\\)<br />\\r\\nd. \\\\(6 \\\\over 11\\\\)\']', 26),
(36, 'Harga tiket kelas I dalam final Piala Presiden 2018 adalah Rp 500.000,00. Panitia menyediakan 6 baris untuk kelas I, dengan rincian pada baris pertama terdapat 6 kursi, baris kedua 8 kursi, pada baris ketiga 10 kursi dan seterusnya. Jika kursi terisi semua pada kelas tersebut, maka pendapatan yang diterima dari kelas I adalah....', '[\'a. 33000000<br />\\r\\nb. 6600000<br />\\r\\nc. 16500000<br />\\r\\nd. 66000000\']', 27),
(37, 'Harga tiket kelas I dalam final Piala Presiden 2018 adalah Rp 500.000,00. Panitia menyediakan 8 baris untuk kelas I, dengan rincian pada baris pertama terdapat 8 kursi, baris kedua 10 kursi, pada baris ketiga 12 kursi dan seterusnya. Jika kursi terisi semua pada kelas tersebut, maka pendapatan yang diterima dari kelas I adalah....', '[\'a. 60000000<br />\\r\\nb. 12000000<br />\\r\\nc. 30000000<br />\\r\\nd. 120000000\']', 27),
(38, 'Harga tiket kelas I dalam final Piala Presiden 2018 adalah Rp 500.000,00. Panitia menyediakan 10 baris untuk kelas I, dengan rincian pada baris pertama terdapat 10 kursi, baris kedua 12 kursi, pada baris ketiga 14 kursi dan seterusnya. Jika kursi terisi semua pada kelas tersebut, maka pendapatan yang diterima dari kelas I adalah....', '[\'a. 95000000<br />\\r\\nb. 19000000<br />\\r\\nc. 47500000<br />\\r\\nd. 190000000\']', 27),
(39, 'Bentuk paling sederhana dari \\(18 \\over 24\\) adalah?', '[\'a.\\xa0\\\\(3 \\\\over 4\\\\)<br />\\r\\nb.\\xa0\\\\(4 \\\\over 3\\\\)<br />\\r\\nc.\\xa0 \\\\(3 \\\\over 7\\\\)<br />\\r\\nd. \\\\(6 \\\\over 7\\\\)\']', 28),
(40, 'Bentuk paling sederhana dari \\(30 \\over 36\\) adalah?', '[\'a.\\xa0\\\\(5 \\\\over 6\\\\)<br />\\r\\nb.\\xa0\\\\(6 \\\\over 5\\\\)<br />\\r\\nc.\\xa0 \\\\(5 \\\\over 11\\\\)<br />\\r\\nd. \\\\(6 \\\\over 11\\\\)\']', 28),
(41, 'Harga tiket kelas I dalam final Piala Presiden 2018 adalah Rp 500.000,00. Panitia menyediakan 6 baris untuk kelas I, dengan rincian pada baris pertama terdapat 6 kursi, baris kedua 8 kursi, pada baris ketiga 10 kursi dan seterusnya. Jika kursi terisi semua pada kelas tersebut, maka pendapatan yang diterima dari kelas I adalah....', '[\'a. 33000000<br />\\r\\nb. 6600000<br />\\r\\nc. 16500000<br />\\r\\nd. 66000000\']', 29),
(42, 'Harga tiket kelas I dalam final Piala Presiden 2018 adalah Rp 500.000,00. Panitia menyediakan 8 baris untuk kelas I, dengan rincian pada baris pertama terdapat 8 kursi, baris kedua 10 kursi, pada baris ketiga 12 kursi dan seterusnya. Jika kursi terisi semua pada kelas tersebut, maka pendapatan yang diterima dari kelas I adalah....', '[\'a. 60000000<br />\\r\\nb. 12000000<br />\\r\\nc. 30000000<br />\\r\\nd. 120000000\']', 29),
(43, 'Harga tiket kelas I dalam final Piala Presiden 2018 adalah Rp 500.000,00. Panitia menyediakan 10 baris untuk kelas I, dengan rincian pada baris pertama terdapat 10 kursi, baris kedua 12 kursi, pada baris ketiga 14 kursi dan seterusnya. Jika kursi terisi semua pada kelas tersebut, maka pendapatan yang diterima dari kelas I adalah....', '[\'a. 95000000<br />\\r\\nb. 19000000<br />\\r\\nc. 47500000<br />\\r\\nd. 190000000\']', 29),
(44, 'Bentuk paling sederhana dari \\(18 \\over 24\\) adalah?', '[\'a.\\xa0\\\\(3 \\\\over 4\\\\)<br />\\r\\nb.\\xa0\\\\(4 \\\\over 3\\\\)<br />\\r\\nc.\\xa0 \\\\(3 \\\\over 7\\\\)<br />\\r\\nd. \\\\(6 \\\\over 7\\\\)\']', 33),
(45, 'Bentuk paling sederhana dari \\(30 \\over 36\\) adalah?', '[\'a.\\xa0\\\\(5 \\\\over 6\\\\)<br />\\r\\nb.\\xa0\\\\(6 \\\\over 5\\\\)<br />\\r\\nc.\\xa0 \\\\(5 \\\\over 11\\\\)<br />\\r\\nd. \\\\(6 \\\\over 11\\\\)\']', 33),
(46, 'Harga tiket kelas I dalam final Piala Presiden 2018 adalah Rp 500.000,00. Panitia menyediakan 6 baris untuk kelas I, dengan rincian pada baris pertama terdapat 6 kursi, baris kedua 8 kursi, pada baris ketiga 10 kursi dan seterusnya. Jika kursi terisi semua pada kelas tersebut, maka pendapatan yang diterima dari kelas I adalah....', '[\'a. 33000000<br />\\r\\nb. 6600000<br />\\r\\nc. 16500000<br />\\r\\nd. 66000000\']', 32),
(47, 'Harga tiket kelas I dalam final Piala Presiden 2018 adalah Rp 500.000,00. Panitia menyediakan 8 baris untuk kelas I, dengan rincian pada baris pertama terdapat 8 kursi, baris kedua 10 kursi, pada baris ketiga 12 kursi dan seterusnya. Jika kursi terisi semua pada kelas tersebut, maka pendapatan yang diterima dari kelas I adalah....', '[\'a. 60000000<br />\\r\\nb. 12000000<br />\\r\\nc. 30000000<br />\\r\\nd. 120000000\']', 32),
(48, 'Harga tiket kelas I dalam final Piala Presiden 2018 adalah Rp 500.000,00. Panitia menyediakan 10 baris untuk kelas I, dengan rincian pada baris pertama terdapat 10 kursi, baris kedua 12 kursi, pada baris ketiga 14 kursi dan seterusnya. Jika kursi terisi semua pada kelas tersebut, maka pendapatan yang diterima dari kelas I adalah....', '[\'a. 95000000<br />\\r\\nb. 19000000<br />\\r\\nc. 47500000<br />\\r\\nd. 190000000\']', 32),
(49, 'Bentuk paling sederhana dari \\(18 \\over 24\\) adalah?', '[\'a.\\xa0\\\\(3 \\\\over 4\\\\)<br />\\r\\nb.\\xa0\\\\(4 \\\\over 3\\\\)<br />\\r\\nc.\\xa0 \\\\(3 \\\\over 7\\\\)<br />\\r\\nd. \\\\(6 \\\\over 7\\\\)\']', 30),
(50, 'Bentuk paling sederhana dari \\(30 \\over 36\\) adalah?', '[\'a.\\xa0\\\\(5 \\\\over 6\\\\)<br />\\r\\nb.\\xa0\\\\(6 \\\\over 5\\\\)<br />\\r\\nc.\\xa0 \\\\(5 \\\\over 11\\\\)<br />\\r\\nd. \\\\(6 \\\\over 11\\\\)\']', 30),
(51, 'Harga tiket kelas I dalam final Piala Presiden 2018 adalah Rp 500.000,00. Panitia menyediakan 6 baris untuk kelas I, dengan rincian pada baris pertama terdapat 6 kursi, baris kedua 8 kursi, pada baris ketiga 10 kursi dan seterusnya. Jika kursi terisi semua pada kelas tersebut, maka pendapatan yang diterima dari kelas I adalah....', '[\'a. 33000000<br />\\r\\nb. 6600000<br />\\r\\nc. 16500000<br />\\r\\nd. 66000000\']', 31),
(52, 'Harga tiket kelas I dalam final Piala Presiden 2018 adalah Rp 500.000,00. Panitia menyediakan 8 baris untuk kelas I, dengan rincian pada baris pertama terdapat 8 kursi, baris kedua 10 kursi, pada baris ketiga 12 kursi dan seterusnya. Jika kursi terisi semua pada kelas tersebut, maka pendapatan yang diterima dari kelas I adalah....', '[\'a. 60000000<br />\\r\\nb. 12000000<br />\\r\\nc. 30000000<br />\\r\\nd. 120000000\']', 31),
(53, 'Harga tiket kelas I dalam final Piala Presiden 2018 adalah Rp 500.000,00. Panitia menyediakan 10 baris untuk kelas I, dengan rincian pada baris pertama terdapat 10 kursi, baris kedua 12 kursi, pada baris ketiga 14 kursi dan seterusnya. Jika kursi terisi semua pada kelas tersebut, maka pendapatan yang diterima dari kelas I adalah....', '[\'a. 95000000<br />\\r\\nb. 19000000<br />\\r\\nc. 47500000<br />\\r\\nd. 190000000\']', 31),
(54, 'Bentuk paling sederhana dari \\(18 \\over 24\\) adalah?', '[\'a.\\xa0\\\\(3 \\\\over 4\\\\)<br />\\r\\nb.\\xa0\\\\(4 \\\\over 3\\\\)<br />\\r\\nc.\\xa0 \\\\(3 \\\\over 7\\\\)<br />\\r\\nd. \\\\(6 \\\\over 7\\\\)\']', 34),
(55, 'Bentuk paling sederhana dari \\(30 \\over 36\\) adalah?', '[\'a.\\xa0\\\\(5 \\\\over 6\\\\)<br />\\r\\nb.\\xa0\\\\(6 \\\\over 5\\\\)<br />\\r\\nc.\\xa0 \\\\(5 \\\\over 11\\\\)<br />\\r\\nd. \\\\(6 \\\\over 11\\\\)\']', 34),
(56, 'Harga tiket kelas I dalam final Piala Presiden 2018 adalah Rp 500.000,00. Panitia menyediakan 6 baris untuk kelas I, dengan rincian pada baris pertama terdapat 6 kursi, baris kedua 8 kursi, pada baris ketiga 10 kursi dan seterusnya. Jika kursi terisi semua pada kelas tersebut, maka pendapatan yang diterima dari kelas I adalah....', '[\'a. 33000000<br />\\r\\nb. 6600000<br />\\r\\nc. 16500000<br />\\r\\nd. 66000000\']', 35),
(57, 'Harga tiket kelas I dalam final Piala Presiden 2018 adalah Rp 500.000,00. Panitia menyediakan 8 baris untuk kelas I, dengan rincian pada baris pertama terdapat 8 kursi, baris kedua 10 kursi, pada baris ketiga 12 kursi dan seterusnya. Jika kursi terisi semua pada kelas tersebut, maka pendapatan yang diterima dari kelas I adalah....', '[\'a. 60000000<br />\\r\\nb. 12000000<br />\\r\\nc. 30000000<br />\\r\\nd. 120000000\']', 35),
(58, 'Harga tiket kelas I dalam final Piala Presiden 2018 adalah Rp 500.000,00. Panitia menyediakan 10 baris untuk kelas I, dengan rincian pada baris pertama terdapat 10 kursi, baris kedua 12 kursi, pada baris ketiga 14 kursi dan seterusnya. Jika kursi terisi semua pada kelas tersebut, maka pendapatan yang diterima dari kelas I adalah....', '[\'a. 95000000<br />\\r\\nb. 19000000<br />\\r\\nc. 47500000<br />\\r\\nd. 190000000\']', 35),
(59, 'Nilai dari <span class=\"math-tex\">\\(sin\\)</span> 120<span class=\"math-tex\">\\(^o\\)</span>&nbsp;adalah ....', '[\'a. 0.866<br />\\r\\nb.\\xa0-0.5<br />\\r\\nc.\\xa0-1.7321<br />\\r\\nd. 1.1547<br />\\r\\ne. -2\']', 36),
(60, 'Nilai dari <span class=\"math-tex\">\\(sin\\)</span> 150<span class=\"math-tex\">\\(^o\\)</span>&nbsp;adalah ....', '[\'a. 0.5<br />\\r\\nb.\\xa0-0.866<br />\\r\\nc.\\xa0-0.5774<br />\\r\\nd. 2<br />\\r\\ne. -1.1547\']', 36),
(61, 'Agar membentuk barisan aritmetika, suku berikutnya dari barisan 2, 6, 10, ....', '[\'a. 15<br />\\r\\nb. 16<br />\\r\\nc. 26<br />\\r\\nd. 14<br />\\r\\ne. 18\']', 37),
(62, 'Agar membentuk barisan aritmetika, suku berikutnya dari barisan 4, 8, 12, ....', '[\'a. 17<br />\\r\\nb. 18<br />\\r\\nc. 28<br />\\r\\nd. 16<br />\\r\\ne. 20\']', 37),
(63, 'Sketsa grafik untuk fungsi&nbsp;<span class=\"math-tex\">\\(f(x)=-x^2-5x+6\\)</span> adalah ....', '[\'a. <img src=\"https://firebasestorage.googleapis.com/v0/b/aigyujiem-image.appspot.com/o/images%2F1592658653.10266d.PNG?alt=media\"><br />\\r\\nb. <img src=\"https://firebasestorage.googleapis.com/v0/b/aigyujiem-image.appspot.com/o/images%2F1592658695.905282a.PNG?alt=media\"><br />\\r\\nc. <img src=\"https://firebasestorage.googleapis.com/v0/b/aigyujiem-image.appspot.com/o/images%2F1592658708.065009b.PNG?alt=media\"><br />\\r\\nd. <img src=\"https://firebasestorage.googleapis.com/v0/b/aigyujiem-image.appspot.com/o/images%2F1592658783.223743c.PNG?alt=media\"><br />\\r\\ne. <img src=\"https://firebasestorage.googleapis.com/v0/b/aigyujiem-image.appspot.com/o/images%2F1592658795.42426f.PNG?alt=media\">\']', 38),
(64, 'Berapakah titik potong f(x) =&nbsp;<span class=\"math-tex\">\\(x^2 - 6x + 8\\)</span>&nbsp;pada sumbu y?', '[\'A. (8,0)\', \'<br />\\r\\nB. (-2,0)\', \'<br />\\r\\nC. (-4,0)\', \'<br />\\r\\nD. (-2,-4)\', \'<br />\\r\\nE. (8,-2)\']', 41),
(65, 'Berapakah titik potong f(x) =&nbsp;<span class=\"math-tex\">\\(x^2 - 7x + 12\\)</span>&nbsp;pada sumbu y?', '[\'A. (12,0)\', \'<br />\\r\\nB. (-3,0)\', \'<br />\\r\\nC. (-4,0)\', \'<br />\\r\\nD. (-3,-4)\', \'<br />\\r\\nE. (12,-3)\']', 41),
(66, 'Jika nilai sin dari sebuah segitiga yaitu 3/5, maka nilai cos dari segitiga tersebut adalah?', '[\'A. 4/5\', \'<br />\\r\\nB. 3/4\', \'<br />\\r\\nC. 5/4\', \'<br />\\r\\nD. 3/5\', \'<br />\\r\\nE. 1/2\']', 40),
(67, 'Jika nilai sin dari sebuah segitiga yaitu 5/13, maka nilai cos dari segitiga tersebut adalah?', '[\'A. 12/13\', \'<br />\\r\\nB. 5/12\', \'<br />\\r\\nC. 13/12\', \'<br />\\r\\nD. 5/13\', \'<br />\\r\\nE. 1/2\']', 40),
(68, 'Manakah yang merupakan jaring-jaring kubus?', '[\'a. <img src=\"https://firebasestorage.googleapis.com/v0/b/aigyujiem-image.appspot.com/o/images%2F1591488721.7419241591413765.580696Artboard1_2.jpg?alt=media\"><br />\\r\\nb. <img src=\"https://firebasestorage.googleapis.com/v0/b/aigyujiem-image.appspot.com/o/images%2F1591488730.7907771591413781.706969Artboard2_2.jpg?alt=media\"><br />\\r\\nc. <img src=\"https://firebasestorage.googleapis.com/v0/b/aigyujiem-image.appspot.com/o/images%2F1591488739.3364331591413793.624082Artboard2_5.jpg?alt=media\"><br />\\r\\nd. <img src=\"https://firebasestorage.googleapis.com/v0/b/aigyujiem-image.appspot.com/o/images%2F1591488748.4412341591413803.574121Artboard2_8.jpg?alt=media\">\']', 13),
(69, 'Manakah yang merupakan jaring-jaring kubus?', '[\'a. <img src=\"https://firebasestorage.googleapis.com/v0/b/aigyujiem-image.appspot.com/o/images%2F1591488722.4511361591413765.005054Artboard1.jpg?alt=media\"><br />\\r\\nb. <img src=\"https://firebasestorage.googleapis.com/v0/b/aigyujiem-image.appspot.com/o/images%2F1591488731.3800651591413781.130158Artboard2.jpg?alt=media\"><br />\\r\\nc. <img src=\"https://firebasestorage.googleapis.com/v0/b/aigyujiem-image.appspot.com/o/images%2F1591488739.8991151591413793.058983Artboard2_4.jpg?alt=media\"><br />\\r\\nd. <img src=\"https://firebasestorage.googleapis.com/v0/b/aigyujiem-image.appspot.com/o/images%2F1591488749.047251591413803.038363Artboard2_7.jpg?alt=media\">\']', 13),
(70, 'Berikut ini yang merupakan ciri-ciri dari bangun ruang limas segi 3 adalah?', '[\'a. memiliki 5 titik sudut<br /><br />\\r\\nb. memiliki 2 sisi<br /><br />\\r\\nc. memiliki 5 rusuk<br /><br />\\r\\nd. memiliki 3 sisi tegak\']', 44),
(71, 'Berikut ini yang merupakan ciri-ciri dari bangun ruang limas segi 4 adalah?', '[\'a. memiliki 6 titik sudut<br /><br />\\r\\nb. memiliki 3 sisi<br /><br />\\r\\nc. memiliki 6 rusuk<br /><br />\\r\\nd. memiliki 4 sisi tegak\']', 44),
(72, 'Berikut ini yang merupakan ciri-ciri dari bangun ruang limas segi 5 adalah?', '[\'a. memiliki 7 titik sudut<br /><br />\\r\\nb. memiliki 4 sisi<br /><br />\\r\\nc. memiliki 7 rusuk<br /><br />\\r\\nd. memiliki 5 sisi tegak\']', 44),
(73, 'Berikut ini yang merupakan ciri-ciri dari bangun ruang limas segi 6 adalah?', '[\'a. memiliki 8 titik sudut<br /><br />\\r\\nb. memiliki 5 sisi<br /><br />\\r\\nc. memiliki 8 rusuk<br /><br />\\r\\nd. memiliki 6 sisi tegak\']', 44),
(74, 'Berikut ini yang merupakan ciri-ciri dari bangun ruang limas segi 8 adalah?', '[\'a. memiliki 10 titik sudut<br /><br />\\r\\nb. memiliki 7 sisi<br /><br />\\r\\nc. memiliki 10 rusuk<br /><br />\\r\\nd. memiliki 8 sisi tegak\']', 44),
(75, 'Berikut ini yang merupakan ciri-ciri dari bangun ruang limas segi 9 adalah?', '[\'a. memiliki 11 titik sudut<br /><br />\\r\\nb. memiliki 8 sisi<br /><br />\\r\\nc. memiliki 11 rusuk<br /><br />\\r\\nd. memiliki 9 sisi tegak\']', 44),
(76, 'Berikut ini yang merupakan ciri-ciri dari bangun ruang limas segi 10 adalah?', '[\'a. memiliki 12 titik sudut<br /><br />\\r\\nb. memiliki 9 sisi<br /><br />\\r\\nc. memiliki 12 rusuk<br /><br />\\r\\nd. memiliki 10 sisi tegak\']', 44);

-- --------------------------------------------------------

--
-- Struktur dari tabel `quiz_indikator`
--

CREATE TABLE `quiz_indikator` (
  `id` int(11) NOT NULL,
  `created_date` datetime(6) NOT NULL,
  `deskripsi` longtext NOT NULL,
  `level_kognitif` varchar(20) NOT NULL,
  `creator_id` int(11) NOT NULL,
  `kompetensi_dasar_id` int(11) NOT NULL
) ENGINE=InnoDB DEFAULT CHARSET=latin1;

--
-- Dumping data untuk tabel `quiz_indikator`
--

INSERT INTO `quiz_indikator` (`id`, `created_date`, `deskripsi`, `level_kognitif`, `creator_id`, `kompetensi_dasar_id`) VALUES
(14, '2020-06-03 08:21:08.080780', 'Peserta didik dapat menggunakan aturan pangkat, akar, dan logaritma.', 'Pengetahuan', 6, 10),
(17, '2020-06-03 13:16:09.103319', 'Siswa dapat menentukan jumlah N suku pertama dari barisan aritmatika', 'Pengetahuan', 6, 40),
(18, '2020-06-03 13:53:35.842827', 'Siswa dapat menentukan bentuk paling sederhana dari sebuah pecahan', 'Pengetahuan', 6, 12),
(19, '2020-06-03 22:33:37.126787', 'wkwkwk lur', 'Pengetahuan', 5, 14),
(20, '2020-06-04 11:12:00.599501', 'Siswa dapat menghitung gradien dari sebuah grafik persamaan garis', 'Pengetahuan', 6, 32),
(21, '2020-06-05 05:45:32.054816', 'aaa', 'Pengetahuan', 3, 10),
(22, '2020-06-05 06:42:08.972043', 'Siswa dapat menyebutkan ciri-ciri dari bangun ruang tertentu', 'Pengetahuan', 6, 1),
(23, '2020-06-05 14:50:03.468039', 'Peserta didik dapat menentukan jumlah N suku pertama dari barisan aritmatika', 'Pengetahuan', 6, 40),
(24, '2020-06-06 02:47:05.717217', 'Siswa dapat menyebutkan ciri-ciri dari bangun ruang tertentu', 'Aplikasi', 6, 1),
(26, '2020-06-07 13:26:48.761622', 'Siswa mampu menenetukan nilai suku ke - n dari barisan aritmatika', 'Pengetahuan', 12, 40),
(27, '2020-06-07 13:33:35.463593', 'Peserta didik mampu menentukan hasil operasi/determinan/invers matriks', 'Pengetahuan', 12, 35),
(28, '2020-06-07 13:37:34.824187', 'Peserta didik dapat memodelkan konsep geometri dan trigonometri dalam masalah kontekstual pada topik fungsi trigonometri dan grafiknya', 'Pengetahuan', 12, 22),
(29, '2020-06-07 16:54:39.467642', 'Siswa dapat menentukan jumlah n suku pertama dari barisan aritmatika/geometri', 'Aplikasi', 12, 40),
(30, '2020-06-08 05:39:05.909811', 'ddd', 'Aplikasi', 6, 11),
(31, '2020-06-14 17:08:05.205189', 'asd', 'Pengetahuan', 12, 14),
(32, '2020-06-17 18:21:55.000000', 'Siswa dapat menentukan jumlah n suku pertama dari barisan aritmatika/geometri', 'Aplikasi', 21, 19),
(33, '2020-06-17 18:23:37.000000', 'Siswa dapat menentukan jumlah n suku pertama dari barisan aritmatika/geometri', 'Aplikasi', 15, 19),
(34, '2020-06-17 18:23:54.000000', 'Siswa dapat menentukan jumlah n suku pertama dari barisan aritmatika/geometri', 'Aplikasi', 19, 19),
(35, '2020-06-17 18:24:12.000000', 'Siswa dapat menentukan jumlah n suku pertama dari barisan aritmatika/geometri', 'Aplikasi', 23, 19),
(36, '2020-06-17 18:24:33.000000', 'Siswa dapat menentukan jumlah n suku pertama dari barisan aritmatika/geometri', 'Aplikasi', 17, 19),
(37, '2020-06-17 18:24:50.000000', 'Siswa dapat menentukan jumlah n suku pertama dari barisan aritmatika/geometri', 'Aplikasi', 13, 19),
(38, '2020-06-17 18:25:51.000000', 'Siswa dapat menentukan bentuk paling sederhana dari sebuah pecahan', 'Pengetahuan', 15, 2),
(39, '2020-06-17 18:26:08.000000', 'Siswa dapat menentukan bentuk paling sederhana dari sebuah pecahan', 'Pengetahuan', 19, 2),
(40, '2020-06-17 18:26:26.000000', 'Siswa dapat menentukan bentuk paling sederhana dari sebuah pecahan', 'Pengetahuan', 23, 2),
(41, '2020-06-17 18:26:41.000000', 'Siswa dapat menentukan bentuk paling sederhana dari sebuah pecahan', 'Pengetahuan', 17, 2),
(42, '2020-06-17 18:26:57.000000', 'Siswa dapat menentukan bentuk paling sederhana dari sebuah pecahan', 'Pengetahuan', 13, 2),
(43, '2020-06-17 18:27:15.000000', 'Siswa dapat menentukan bentuk paling sederhana dari sebuah pecahan', 'Pengetahuan', 21, 2),
(50, '2020-06-19 20:18:11.396705', 'das', 'Pengetahuan', 12, 14),
(51, '2020-06-20 11:26:38.009348', 'Mengidentifikasi dan menentukan nilai suatu rasio perbandingan trigonometri di berbagai kuadran', 'Pengetahuan', 15, 24),
(52, '2020-06-20 11:53:33.678239', 'Siswa dapat mengidentifikasi barisan aritmatika atau barisan geometri', 'Pengetahuan', 15, 40),
(53, '2020-06-20 13:06:12.192272', 'Siswa dapat mengidentifikasi bentuk grafik fungsi melalui sketsa', 'Pengetahuan', 15, 18),
(54, '2020-06-20 13:35:36.878441', 'Siswa dapat menentukan nilai optimum suatu fungsi', 'Pengetahuan', 15, 46),
(55, '2020-06-23 02:28:33.580917', 'siswa dapat menyusun suatu model matematika dari suatu permasalahan', 'Pengetahuan', 17, 14),
(56, '2020-06-23 13:27:59.042913', 'Siswa dapat menentukan nilai dari trigonometri pada sebuah segitiga tertentu', 'Pengetahuan', 27, 22),
(57, '2020-06-23 13:27:59.543042', 'Siswa dapat menentukan nilai dari trigonometri pada sebuah segitiga tertentu', 'Pengetahuan', 27, 22),
(58, '2020-06-23 13:29:40.747668', 'Siswa dapat menentukan nilai dari titik potong pada fungsi kuadrat tertentu', 'Pengetahuan', 27, 18),
(59, '2020-06-23 14:06:02.529973', '3.8.1. Menentukan nilai perbandingan trigonometri dari sudut yang berelasi', 'Pengetahuan', 29, 24),
(60, '2020-07-08 06:30:58.373403', 'Peserta Didik Dapat menentukan ciri ciri dimensi 3', 'Pengetahuan', 9, 1),
(61, '2020-07-08 06:36:41.827062', 'Peserta Dapat Menentukan ciri-ciri sebuah bangun 3', 'Pengetahuan', 12, 1);

-- --------------------------------------------------------

--
-- Struktur dari tabel `quiz_indikator_user`
--

CREATE TABLE `quiz_indikator_user` (
  `id` int(11) NOT NULL,
  `indikator_id` int(11) NOT NULL,
  `user_id` int(11) NOT NULL,
  `is_done` tinyint(1) NOT NULL
) ENGINE=InnoDB DEFAULT CHARSET=latin1;

--
-- Dumping data untuk tabel `quiz_indikator_user`
--

INSERT INTO `quiz_indikator_user` (`id`, `indikator_id`, `user_id`, `is_done`) VALUES
(18, 19, 4, 0),
(19, 18, 7, 1),
(20, 20, 7, 1),
(21, 17, 7, 1),
(22, 21, 7, 1),
(23, 21, 1, 0),
(24, 21, 4, 0),
(25, 22, 7, 1),
(26, 23, 7, 1),
(27, 17, 8, 1),
(28, 14, 8, 1),
(29, 24, 7, 1),
(30, 24, 8, 0),
(31, 24, 1, 0),
(32, 24, 4, 0),
(33, 26, 11, 1),
(34, 27, 11, 1),
(35, 28, 11, 1),
(36, 29, 11, 1),
(37, 30, 10, 0),
(38, 30, 1, 0),
(40, 39, 20, 1),
(41, 34, 20, 1),
(42, 42, 14, 1),
(43, 37, 14, 1),
(44, 43, 22, 1),
(45, 32, 22, 1),
(46, 40, 24, 1),
(47, 35, 24, 1),
(48, 41, 18, 1),
(49, 36, 18, 1),
(50, 38, 16, 1),
(51, 33, 16, 1),
(52, 51, 16, 1),
(53, 52, 16, 1),
(54, 53, 16, 1),
(55, 54, 16, 1),
(56, 55, 18, 0),
(57, 58, 28, 1),
(58, 57, 28, 0),
(59, 56, 28, 1),
(60, 59, 30, 1),
(61, 30, 7, 1),
(62, 61, 10, 1);

-- --------------------------------------------------------

--
-- Struktur dari tabel `quiz_kompetensidasar`
--

CREATE TABLE `quiz_kompetensidasar` (
  `id` int(11) NOT NULL,
  `deskripsi` longtext NOT NULL,
  `materi_id` int(11) NOT NULL,
  `StandarKompetensi_id` int(11) NOT NULL
) ENGINE=InnoDB DEFAULT CHARSET=latin1;

--
-- Dumping data untuk tabel `quiz_kompetensidasar`
--

INSERT INTO `quiz_kompetensidasar` (`id`, `deskripsi`, `materi_id`, `StandarKompetensi_id`) VALUES
(1, '3.1 Mendeskripsikan jarak dalam ruang (antar titik, titik ke garis, dan titik ke bidang)', 1, 6),
(2, '3.2 Menentukan dan menganalisis ukuran pemusatan dan penyebaran data yang disajikan dalam bentuk tabel distribusi frekuensi dan histogram', 3, 6),
(3, '3.3 Menganalisis aturan pencacahan (aturan penjumlahan, aturan perkalian, permutasi, dan kombinasi) melalui masalah kontekstual', 2, 6),
(4, '3.4 Mendeskripsikan dan menentukan peluang kejadian majemuk (peluang kejadian-kejadian saling bebas, saling lepas, dan kejadian bersyarat) dari suatu percobaan acak', 2, 6),
(6, '4.1 Menentukan jarak dalam ruang (antar titik, titik ke garis, dan titik ke bidang)', 1, 7),
(7, '4.2 Menyelesaikan masalah yang berkaitan dengan penyajian data hasil pengukuran dan pencacahan dalam tabel distribusi frekuensi dan histogram', 3, 7),
(8, '4.3 Menyelesaikan masalah kontekstual yang berkaitan dengan kaidah pencacahan (aturan penjumlahan, aturan perkalian, permutasi, dan kombinasi)', 2, 7),
(9, '4.4 Menyelesaikan masalah yang berkaitan dengan peluang kejadian majemuk (peluang, kejadian-kejadian saling bebas, saling lepas, dan kejadian bersyarat)', 2, 7),
(10, '3.1 Mengintepretasi persamaan dan pertidaksamaan nilai mutlak dari bentuk linear satu variabel dengan persamaan dan pertidaksamaan linear Aljabar lainnya', 4, 2),
(11, '4.1 Menyelesaikan masalah yang berkaitan dengan persamaan dan pertidaksamaan nilai mutlak dari bentuk linear satu variabel', 4, 3),
(12, '3.2 Menjelaskan dan menentukan penyelesaian pertidaksamaan rasional dan irasional satu variabel', 4, 2),
(13, '4.2 Menyelesaikan masalah yang berkaitan dengan pertidaksamaan rasional dan irasional satu variabel', 4, 3),
(14, '3.3 Menyusun sistem persamaan linear tiga variabel dari masalah kontekstual', 5, 2),
(15, '4.3 Menyelesaikan masalah kontekstual yang berkaitan dengan sistem persamaan linear tiga variable', 5, 3),
(16, '3.4 Menjelaskan dan menentukan penyelesaian sistem pertidaksamaan dua variabel (linear-kuadrat dan kuadrat-kuadrat)', 5, 2),
(17, '4.4 Menyajikan dan menyelesaikan masalah yang berkaitan dengan sistem pertidaksamaan dua variabel (linear-kuadrat dan kuadrat-kuadrat)', 5, 3),
(18, '3.5 Menjelaskan dan menentukan fungsi (terutama fungsi linear, fungsi kuadrat, dan fungsi rasional) secara formal yang meliputi notasi, daerah asal, daerah hasil, dan ekspresi simbolik, serta sketsa grafiknya', 6, 2),
(19, '3.6 Menjelaskan operasi komposisi pada fungsi dan operasi invers pada fungsi invers serta sifat-sifatnya serta menentukan eksistensinya', 6, 2),
(20, '4.5 Menganalisa karakteristik masing-masing grafik (titik potong dengan sumbu, titik puncak, asimtot) dan perubahan grafik fungsinya akibat transformasi f^2(x), 1/f(x), |f(x)| dsb', 6, 3),
(21, '4.6 Menyelesaikan masalah yang berkaitan dengan operasi komposisi dan operasi invers suatu fungsi', 6, 3),
(22, '3.7 Menjelaskan rasio trigonometri (sinus, cosinus, tangen, cosecan, secan, dan cotangen) pada segitiga siku-siku', 7, 2),
(23, '4.7 Menyelesaikan masalah kontekstual yang berkaitan dengan rasio trigonometri (sinus, cosinus, tangen, cosecan, secan, dan cotangen) pada segitiga siku-siku', 7, 3),
(24, '3.8 Menggeneralisasi rasio trigonometri untuk sudut-sudut di berbagai kuadran dan sudut-sudut berelasi', 7, 2),
(25, '4.8 Menyelesaikan masalah kontekstual yang berkaitan dengan rasio trigonometri sudut-sudut di berbagai kuadran dan sudut-sudut berelasi', 7, 3),
(26, '3.9 Menjelaskan aturan sinus dan cosinus', 7, 2),
(27, '4.9 Menyelesaikan masalah yang berkaitan dengan aturan sinus dan cosinus', 7, 3),
(28, '3.10 Menjelaskan fungsi trigonometri dengan menggunakan lingkaran satuan', 7, 2),
(29, '4.10 Menganalisa perubahan grafik fungsi trigonometri akibat perubahan pada konstanta pada fungsi y = a sin b(x + c) + d.', 7, 3),
(30, '3.1 Menjelaskan metode pembuktian Pernyataan matematis berupa barisan, ketidaksamaan, keterbagiaan dengan induksi matematika', 8, 4),
(31, '4.1 Menggunakan metode pembuktian induksi matematika untuk menguji pernyataan matematis berupa barisan, ketidaksamaan, keterbagiaan', 8, 3),
(32, '3.2 Menjelaskan program linear dua variabel dan metode penyelesaiannya dengan menggunakan masalah kontekstual', 9, 4),
(33, '4.2 Menyelesaikan masalah kontekstual yang berkaitan dengan program linear dua variabel', 9, 5),
(34, '3.3 Menjelaskan matriks dan kesamaan matriks dengan menggunakan masalah kontekstual dan melakukan operasi pada matriks yang meliputi penjumlahan, pengurangan, perkalian skalar, dan perkalian, serta transpose', 10, 4),
(35, '4.3 Menyelesaikan masalah kontekstual yang berkaitan dengan matriks dan operasinya', 10, 5),
(36, '3.4 Menganalisis sifat-sifat determinan dan invers matriks berordo 2×2 dan 3×3', 10, 4),
(37, '4.4 Menyelesaikan masalah yang berkaitan dengan determinan dan invers matriks berordo 2×2 dan 3×3', 10, 5),
(38, '3.5 Menganalisis dan membandingkan transformasi dan komposisi transformasi dengan menggunakan matriks', 11, 4),
(39, '4.5 Menyelesaikan masalah yang berkaitan dengan matriks transformasi geometri (translasi, refleksi, dilatasi dan rotasi)', 11, 5),
(40, '3.6 Menggeneralisasi pola bilangan dan jumlah pada barisan Aritmetika dan Geometri', 12, 4),
(41, '4.6 Menggunakan pola barisan aritmetika atau geometri untuk menyajikan dan menyelesaikan masalah kontekstual (termasuk pertumbuhan, peluruhan, bunga majemuk, dan anuitas)', 12, 5),
(42, '3.7 Menjelaskan limit fungsi aljabar (fungsi polinom dan fungsi rasional) secara intuitif dan sifat-sifatnya, serta menentukan eksistensinya', 13, 4),
(43, '4.7 Menyelesaikan masalah yang berkaitan dengan limit fungsi aljabar', 13, 5),
(44, '3.8 Menjelaskan sifat-sifat turunan fungsi aljabar dan menentukan turunan fungsi aljabar menggunakan definisi atau sifatsifat turunan fungsi', 14, 4),
(45, '4.8 Menyelesaikan masalah yang berkaitan dengan turunan fungsi aljabar', 14, 5),
(46, '3.9 Menganalisis keberkaitanan turunan pertama fungsi dengan nilai maksimum, nilai minimum, dan selang kemonotonan fungsi, serta kemiringan garis singgung kurva', 14, 4),
(47, '4.9 Menggunakan turunan pertama fungsi untuk menentukan titik maksimum, titik minimum, dan selang kemonotonan fungsi, serta kemiringan garis singgung kurva, persamaan garis singgung, dan garis normal kurva berkaitan dengan masalah kontekstual', 14, 5),
(48, '3.10 Mendeskripsikan integral tak tentu (anti turunan) fungsi aljabar dan menganalisis sifatsifatnya berdasarkan sifat-sifat turunan fungsi', 15, 4),
(49, '4.10 Menyelesaikan masalah yang berkaitan dengan integral tak tentu (anti turunan) fungsi aljabar', 15, 5);

-- --------------------------------------------------------

--
-- Struktur dari tabel `quiz_materi`
--

CREATE TABLE `quiz_materi` (
  `id` int(11) NOT NULL,
  `deskripsi` varchar(100) NOT NULL,
  `kelas` int(11) NOT NULL
) ENGINE=InnoDB DEFAULT CHARSET=latin1;

--
-- Dumping data untuk tabel `quiz_materi`
--

INSERT INTO `quiz_materi` (`id`, `deskripsi`, `kelas`) VALUES
(1, 'Dimensi Tiga', 12),
(2, 'Peluang', 12),
(3, 'Statistika', 12),
(4, 'Persamaan dan Pertidaksamaan Nilai Mutlak Linear Satu Variabel', 10),
(5, 'Sistem Persamaan Linear Tiga Variabel', 10),
(6, 'Fungsi', 10),
(7, 'Trigonometri', 10),
(8, 'Induksi Matematis', 11),
(9, 'Program Linear', 11),
(10, 'Matriks', 11),
(11, 'Transformasi', 11),
(12, 'Barisan', 11),
(13, 'Limit Fungsi', 11),
(14, 'Turunan', 11),
(15, 'Integral', 11);

-- --------------------------------------------------------

--
-- Struktur dari tabel `quiz_paketsoal`
--

CREATE TABLE `quiz_paketsoal` (
  `id` int(11) NOT NULL,
  `created_date` datetime(6) NOT NULL,
  `judul` longtext NOT NULL,
  `jumlah_paket` int(11) NOT NULL,
  `creator_id` int(11) DEFAULT NULL,
  `kurikulum` int(11) DEFAULT NULL,
  `generated_date` datetime(6) DEFAULT NULL,
  `is_generated` tinyint(1) DEFAULT NULL
) ENGINE=InnoDB DEFAULT CHARSET=latin1;

--
-- Dumping data untuk tabel `quiz_paketsoal`
--

INSERT INTO `quiz_paketsoal` (`id`, `created_date`, `judul`, `jumlah_paket`, `creator_id`, `kurikulum`, `generated_date`, `is_generated`) VALUES
(13, '2020-06-03 13:55:55.041913', 'Soal Ujian Sekolah SMA Gadjah Mada', 5, 6, 2013, '2020-06-05 16:27:33.127969', 1),
(14, '2020-06-05 15:15:28.536311', 'Soal Ujian Sekolah SMA Gadjah Mada', 3, 6, 2013, '2020-06-05 15:16:41.449779', 1),
(15, '2020-06-07 14:41:33.784562', 'SOAL UJIAN SMA 5 GM', 3, 12, 2013, '2020-06-07 14:42:07.467772', 1),
(17, '2020-06-07 14:43:49.684167', 'SOAL', 5, 12, 2013, '2020-06-07 14:45:52.383061', 1),
(18, '2020-06-07 16:37:28.854918', 'SOAL UJIAN SEKOLAH', 4, 12, 2013, '2020-06-21 20:41:24.493333', 1),
(19, '2020-06-07 17:31:30.133975', 'Soal Ujian Akhir Semester SMA GM', 3, 12, 2013, '2020-06-07 17:35:45.974931', 1),
(21, '2020-06-08 05:53:52.349295', 'test', 2, 6, 2013, '2020-06-08 05:55:32.749544', 1),
(22, '2020-06-20 13:20:57.106498', 'paket aditya', 3, 15, 2013, '2020-06-20 13:22:17.881104', 1),
(23, '2020-06-23 14:23:58.902735', 'Paket Soal Matematika Kelas 10', 2, 27, 2013, '2020-06-23 14:37:17.381019', 1),
(24, '2020-06-24 08:02:20.220722', 'Muntub anjay', 100, 6, 2013, '2020-06-24 08:06:22.661149', 1),
(25, '2020-06-24 08:07:17.240415', 'TEs', 40, 6, 2013, '2020-06-24 08:15:29.337366', 1),
(26, '2020-07-08 06:19:47.913481', 'Soal Ujian', 20, 12, 2013, NULL, 0),
(27, '2020-07-08 06:42:02.635267', 'Soal UTS Kelas 12', 32, 12, 2013, '2020-07-08 06:43:08.411192', 1);

-- --------------------------------------------------------

--
-- Struktur dari tabel `quiz_profile`
--

CREATE TABLE `quiz_profile` (
  `id` int(11) NOT NULL,
  `sekolah` varchar(100) NOT NULL,
  `alamat` varchar(200) NOT NULL,
  `mapel` varchar(20) NOT NULL,
  `user_id` int(11) NOT NULL,
  `golongan` varchar(4) NOT NULL,
  `jabatan` varchar(100) NOT NULL,
  `nip` varchar(30) NOT NULL,
  `nomer_hp` varchar(20) NOT NULL,
  `pangkat` varchar(20) NOT NULL
) ENGINE=InnoDB DEFAULT CHARSET=latin1;

--
-- Dumping data untuk tabel `quiz_profile`
--

INSERT INTO `quiz_profile` (`id`, `sekolah`, `alamat`, `mapel`, `user_id`, `golongan`, `jabatan`, `nip`, `nomer_hp`, `pangkat`) VALUES
(1, 'SMA N 1 Padjajaran', 'Bandung', 'Matematika', 1, '', '', '', '', ''),
(2, '', '', '', 2, '', '', '', '', ''),
(3, '', '', '', 3, '', '', '', '', ''),
(4, '', '', '', 4, '', '', '', '', ''),
(5, 'sekolah tenan', 'sss', 'abcd', 5, '123', 'RI-0', '999999', '089999999', 'emperor'),
(6, 'SMA N 3 Gadjah Mada', 'Semarang', 'Matematika', 6, 'IVa', 'Guru', '1973100819960301001', '087893882913', 'Pembina'),
(7, 'SMA N 1 Gadjah Mada', 'Yogyakarta', 'Matematika', 7, 'IVa', 'Guru', '1975080319980904001', '0823678910029', 'Pembina'),
(8, '', '', '', 8, '', '', '', '', ''),
(9, 'SMA Gaj Ahmada', 'Sleman', 'Matematika', 9, 'IIId', 'Guru', '197708271993083101', '083735673879', 'Penata Muda'),
(10, 'SMA GM', 'Yogyakarta', 'Matematika', 10, 'IVa', 'Guru', '199208192013091001', '0832290139882', 'Pembina'),
(11, 'SMA 5 GM', 'Bantul', 'Matematika', 11, 'IIIb', 'Guru', '19288039288910', '0822201930188', 'Penata Madya'),
(12, 'SMA 1 Gajah Mada', 'Sleman', 'Matematika', 12, 'IIIa', 'Guru', '1993892901100', '087839201212', 'Penata Muda'),
(13, '', '', '', 13, '', '', '', '', ''),
(14, '', '', '', 14, '', '', '', '', ''),
(15, '', '', '', 15, '', '', '', '', ''),
(16, '', '', '', 16, '', '', '', '', ''),
(17, '', '', '', 17, '', '', '', '', ''),
(18, '', '', '', 18, '', '', '', '', ''),
(19, '', '', '', 19, '', '', '', '', ''),
(20, '', '', '', 20, '', '', '', '', ''),
(21, '', '', '', 21, '', '', '', '', ''),
(22, '', '', '', 22, '', '', '', '', ''),
(23, '', '', '', 23, '', '', '', '', ''),
(24, '', '', '', 24, '', '', '', '', ''),
(25, '', '', '', 25, '', '', '', '', ''),
(26, '', '', '', 26, '', '', '', '', ''),
(27, '', '', '', 27, '', '', '', '', ''),
(28, '', '', '', 28, '', '', '', '', ''),
(29, '', '', '', 29, '', '', '', '', ''),
(30, '', '', '', 30, '', '', '', '', ''),
(31, '', '', '', 31, '', '', '', '', ''),
(32, '', '', '', 32, '', '', '', '', ''),
(33, '', '', '', 33, '', '', '', '', ''),
(34, '', '', '', 34, '', '', '', '', ''),
(35, '', '', '', 35, '', '', '', '', ''),
(36, '', '', '', 36, '', '', '', '', ''),
(37, '', '', '', 37, '', '', '', '', ''),
(38, '', '', '', 38, '', '', '', '', ''),
(39, '', '', '', 39, '', '', '', '', ''),
(40, '', '', '', 40, '', '', '', '', ''),
(41, '', '', '', 41, '', '', '', '', ''),
(42, '', '', '', 42, '', '', '', '', ''),
(43, '', '', '', 43, '', '', '', '', ''),
(44, '', '', '', 44, '', '', '', '', ''),
(45, '', '', '', 45, '', '', '', '', ''),
(46, '', '', '', 46, '', '', '', '', ''),
(47, '', '', '', 47, '', '', '', '', ''),
(48, '', '', '', 48, '', '', '', '', ''),
(49, '', '', '', 49, '', '', '', '', ''),
(50, '', '', '', 50, '', '', '', '', ''),
(51, '', '', '', 51, '', '', '', '', ''),
(52, '', '', '', 52, '', '', '', '', ''),
(53, '', '', '', 53, '', '', '', '', ''),
(54, '', '', '', 54, '', '', '', '', ''),
(55, '', '', '', 55, '', '', '', '', ''),
(56, '', '', '', 56, '', '', '', '', ''),
(57, '', '', '', 57, '', '', '', '', ''),
(58, '', '', '', 58, '', '', '', '', ''),
(59, '', '', '', 59, '', '', '', '', ''),
(60, '', '', '', 60, '', '', '', '', ''),
(61, '', '', '', 61, '', '', '', '', ''),
(62, '', '', '', 62, '', '', '', '', '');

-- --------------------------------------------------------

--
-- Struktur dari tabel `quiz_revisisoal`
--

CREATE TABLE `quiz_revisisoal` (
  `id` int(11) NOT NULL,
  `pesan` longtext NOT NULL,
  `soal_id` int(11) NOT NULL
) ENGINE=InnoDB DEFAULT CHARSET=latin1;

--
-- Dumping data untuk tabel `quiz_revisisoal`
--

INSERT INTO `quiz_revisisoal` (`id`, `pesan`, `soal_id`) VALUES
(7, 'Belum mencapai level kognitif yang diharapkan', 10),
(8, 'kurang sedikit', 13),
(9, 'Soal kurang banyak', 18),
(10, 'not gud', 13),
(11, 'perbaiki tulisan', 36),
(12, 'soal tidak muncul', 37),
(13, 'Perbaiki kata-kata soal', 40),
(14, 'Perbaiki kata-kata soal', 40);

-- --------------------------------------------------------

--
-- Struktur dari tabel `quiz_soal`
--

CREATE TABLE `quiz_soal` (
  `id` int(11) NOT NULL,
  `id_creator_id` int(11) DEFAULT NULL,
  `judul` longtext NOT NULL,
  `soal` longtext NOT NULL,
  `variasi` int(11) NOT NULL,
  `pengacakan` varchar(20) NOT NULL,
  `var1` varchar(100) NOT NULL,
  `variabel` longtext NOT NULL,
  `rumus` longtext NOT NULL,
  `jawaban` longtext NOT NULL,
  `created_date` datetime(6) NOT NULL,
  `indikator_id` int(11) DEFAULT NULL,
  `status_id` int(11) DEFAULT NULL,
  `variabel_gambar` longtext NOT NULL
) ENGINE=InnoDB DEFAULT CHARSET=latin1;

--
-- Dumping data untuk tabel `quiz_soal`
--

INSERT INTO `quiz_soal` (`id`, `id_creator_id`, `judul`, `soal`, `variasi`, `pengacakan`, `var1`, `variabel`, `rumus`, `jawaban`, `created_date`, `indikator_id`, `status_id`, `variabel_gambar`) VALUES
(8, 7, 'Soal deret aritmatika', 'Tentukan jumlah [n] suku pertama dari deret aritmatika [u1]+[u2]+[u3]+...&nbsp;', 5, 'mapping', '[\'[n]\', \'[u1]\', \'[u2]\', \'[u3]\']', '[n]=20, 15, 23;\r\n[u1]=72, 70, 50;\r\n[u2]=80, 82, 61;\r\n[u3]=88, 94, 72', '[b] = [u2]-[u1];\r\n[benar] = ([n]/2) * ((2*[u1]) + ([n]-1)*[b]);\r\n[salah1] = ([n]/2) * ((2*[u1]) + ([n]+1)*[b]);\r\n[salah2] = [benar] + 20;\r\n[salah3] = [benar]  * 2', 'a. [benar]<br />\r\nb. [salah1]<br />\r\nc. [salah2]<br />\r\nd. [salah3]', '2020-06-05 01:39:05.291371', 17, 3, '---'),
(9, 7, 'Menyederhanakan pecahan', 'Bentuk paling sederhana dari&nbsp;<span class=\"math-tex\">\\([x] \\over [y]\\)</span>&nbsp;adalah?', 5, 'mapping', '[\'[x]\', \'[y]\']', '[x]=18, 30;\r\n[y]= 24, 36', '[a]=fpb([x], [y]);\r\n[b]=[x]/[a];\r\n[c]=[y]/[a];\r\n[d]=[b]+[c]', 'a. <span class=\"math-tex\">\\([b] \\over [c]\\)</span><br />\r\nb. <span class=\"math-tex\">\\([c] \\over [b]\\)</span><br />\r\nc. <span class=\"math-tex\">\\([b] \\over [d]\\)</span><br />\r\nd. <span class=\"math-tex\">\\([a] \\over [d]\\)</span>', '2020-06-05 08:17:30.877688', 18, 3, '---'),
(10, 7, 'Bangun ruang', 'Berikut ini yang merupakan ciri-ciri dari bangun ruang limas segi [n] adalah?', 5, 'mapping', '[\'[n]\']', '[n]=3,4,5,6,8,9,10', '[m] = [n] + 2;\r\n[l] = [n] - 1', 'a. memiliki [m] titik sudut<br />\r\nb. memiliki [l] sisi<br />\r\nc. memiliki [m] rusuk<br />\r\nd. memiliki [n] sisi tegak', '2020-06-06 03:28:07.676748', 22, 3, '---'),
(11, 8, 'Soal Perbandingan', 'Perbandingan&nbsp;banyak&nbsp;ayam&nbsp;potong&nbsp;dengan&nbsp;ayam&nbsp;petelur&nbsp;[x]:&nbsp;[y].&nbsp;Jika&nbsp;banyak&nbsp;ayam&nbsp;petelur&nbsp;ada&nbsp;[z]&nbsp;ekor,&nbsp;berapa&nbsp;banyak&nbsp;ayam&nbsp;potong?&nbsp;', 5, 'mapping', '[\'[x]\', \'[y]\', \'[z]\']', '[x]=4,10;\r\n[y]=5,2;\r\n[z]=40,60', '[benar] = [x]*([z]/[y]); \r\n[salah1] = [y]*([z]/[x]); \r\n[salah2] = [y]*([z]/([x]*2)); \r\n[salah3] = [x]*([z]/([y]*2))', 'a=[benar]; <br />\r\nb=[salah1]; <br />\r\nc=[salah2]; <br />\r\nd=[salah3] ', '2020-06-05 15:14:07.086689', 14, 3, '---'),
(12, 8, 'Cekk', '[a]', 5, 'mapping', '[\'[a]\']', '[a]=2', '---', 'a', '2020-06-05 16:39:19.113911', 17, 1, '---'),
(13, 7, 'Bangun ruang 2', 'Manakah yang merupakan jaring-jaring kubus?', 5, 'mapping', '[]', '', '---', 'a. [kubus]<br />\r\nb. [b1]<br />\r\nc. [b2]<br />\r\nd. [b3]', '2020-06-07 00:12:33.032318', 24, 3, '[kubus]=https://firebasestorage.googleapis.com/v0/b/aigyujiem-image.appspot.com/o/images%2F1591488721.7419241591413765.580696Artboard1_2.jpg?alt=media,https://firebasestorage.googleapis.com/v0/b/aigyujiem-image.appspot.com/o/images%2F1591488722.4511361591413765.005054Artboard1.jpg?alt=media; [b1]=https://firebasestorage.googleapis.com/v0/b/aigyujiem-image.appspot.com/o/images%2F1591488730.7907771591413781.706969Artboard2_2.jpg?alt=media,https://firebasestorage.googleapis.com/v0/b/aigyujiem-image.appspot.com/o/images%2F1591488731.3800651591413781.130158Artboard2.jpg?alt=media; [b2]=https://firebasestorage.googleapis.com/v0/b/aigyujiem-image.appspot.com/o/images%2F1591488739.3364331591413793.624082Artboard2_5.jpg?alt=media,https://firebasestorage.googleapis.com/v0/b/aigyujiem-image.appspot.com/o/images%2F1591488739.8991151591413793.058983Artboard2_4.jpg?alt=media; [b3]=https://firebasestorage.googleapis.com/v0/b/aigyujiem-image.appspot.com/o/images%2F1591488748.4412341591413803.574121Artboard2_8.jpg?alt=media,https://firebasestorage.googleapis.com/v0/b/aigyujiem-image.appspot.com/o/images%2F1591488749.047251591413803.038363Artboard2_7.jpg?alt=media'),
(14, 11, 'Keuntungan Penjualan Tiket', 'Harga tiket kelas I dalam final Piala Presiden 2018 adalah Rp 500.000,00. Panitia menyediakan [x] baris untuk kelas I, dengan rincian pada baris pertama terdapat [a] kursi, baris kedua [b] kursi, pada baris ketiga [c] kursi dan seterusnya. Jika kursi terisi semua pada kelas tersebut, maka pendapatan yang diterima dari kelas I adalah....', 5, 'mapping', '[\'[x]\', \'[a]\', \'[b]\', \'[c]\']', '[x]= 5, 8;\r\n[a]= 6, 8;\r\n[b]= 10, 10;\r\n[c]= 14, 12', '[beda] = [b]-[a];\r\n[u1] = [a];\r\n[n] = [x]-1;\r\n[Sx] = ([x]/2)*(2*[u1]+[beda]*[n]);\r\n[benar] = [Sx]*500000;\r\n[salah] = [Sx] * 100000', 'a. Rp [benar]<br />\r\nb. Rp [salah]<br />\r\n ', '2020-06-07 13:51:07.590815', 26, 3, '---'),
(16, 11, 'Nilai K', 'Diketahui&nbsp;<span class=\"math-tex\">\\(A = \\begin{pmatrix} [a1] &amp; [a2] \\\\ [a3] &amp; [a4] \\end{pmatrix} \\)</span>&nbsp;&nbsp;, nilai k yang&nbsp;<span class=\"math-tex\">\\(k det(A^T) = det(A^{-1})\\)</span> memenuhi adalah&hellip;.', 5, 'mapping', '[\'[a1]\', \'[a2]\', \'[a3]\', \'[a4]\']', '[a1]= 4, 2;\r\n[a2]= -1, -1;\r\n[a3]= 3, 4;\r\n[a4]= -2, 3', '[detA] = [a1]*[a2]-[a3]*[a4];\r\n[detAinv] = 1/[detA];\r\n[k] = [detAinv] / [detA]', '[k]', '2020-06-07 14:03:27.727071', 27, 3, '---'),
(17, 11, 'Soal Gambar', 'Persamaan grafik fungsi pada gambar di bawah adalah&hellip;.&nbsp;', 5, 'mapping', '[]', '', '---', '[a]', '2020-06-07 14:37:27.877526', 28, 3, '[a]=https://firebasestorage.googleapis.com/v0/b/aigyujiem-image.appspot.com/o/images%2F1591540621.211191-_200409113810-533.jpg?alt=media,https://firebasestorage.googleapis.com/v0/b/aigyujiem-image.appspot.com/o/images%2F1591540623.067145e8ee588a7d8f.jpg?alt=media,https://firebasestorage.googleapis.com/v0/b/aigyujiem-image.appspot.com/o/images%2F1591540623.559612019_11_13-12_54_16_13b6ab39c14f8ae887b5efb9363f5348_960x640_thumb.jpg?alt=media'),
(18, 11, 'Soal Aritmatika', '<strong>Harga tiket kelas I dalam final Piala Presiden 2018 adalah Rp 500.000,00. Panitia menyediakan [x] baris untuk kelas I, dengan rincian pada baris pertama terdapat [a] kursi, baris kedua [a2] kursi, pada baris ketiga [a3] kursi dan seterusnya. Jika kursi terisi semua pada kelas tersebut, maka pendapatan yang diterima dari kelas I adalah....</strong>', 5, 'mapping', '[\'[x]\', \'[a]\', \'[a2]\', \'[a3]\']', '[x]= 6,8, 10;\r\n[a]= 6,8, 10;\r\n[a2]= 8, 10, 12;\r\n[a3]= 10, 12, 14', '[b] = [a2]-[a];\r\n[n1] = [x]-1;\r\n[Sn] = ([x]/2)*(2*[a]+[n1]*[b]);\r\n[benar] = [Sn]*500000;\r\n[salah] = [Sn]*100000;\r\n[salah2] = [Sn]*250000;\r\n[salah3] = [Sn]*1000000', 'a. [benar]<br />\r\nb. [salah]<br />\r\nc. [salah2]<br />\r\nd. [salah3]', '2020-06-07 17:17:59.000000', 29, 3, '---'),
(20, 7, 'ehehe', '[a]', 5, 'mapping', '[\'[a]\']', '[a]=1,2', '---', '[a]', '2020-06-08 16:49:26.873124', 21, 1, '---'),
(22, 7, 'soal deret', 'Tentukan jumlah [n] suku pertama dari deret aritmatika [u1]+[u2]+[u3]+...', 5, 'mapping', '[\'[n]\', \'[u1]\', \'[u2]\', \'[u3]\']', '[n]=20, 15, 23;\r\n[u1]=72, 70, 50;\r\n[u2]=80, 82, 61;\r\n[u3]=88, 94, 72', '[b] = [u2]-[u1];\r\n[benar] = ([n]/2) * ((2*[u1]) + ([n]-1)*[b]);\r\n[salah1] = ([n]/2) * ((2*[u1]) + ([n]+1)*[b]);\r\n[salah2] = [benar] + 20;\r\n[salah3] = [benar]  * 2', 'a. [benar];<br />\r\nb. [salah1];<br />\r\nc. [salah2];<br />\r\nd. [salah3]', '2020-06-09 02:01:25.396335', 23, 1, '---'),
(23, 20, 'Pendapatan Penjualan Tiket', 'Harga tiket kelas I dalam final Piala Presiden 2018 adalah Rp 500.000,00. Panitia menyediakan [x] baris untuk kelas I, dengan rincian pada baris pertama terdapat [a] kursi, baris kedua [a2] kursi, pada baris ketiga [a3] kursi dan seterusnya. Jika kursi terisi semua pada kelas tersebut, maka pendapatan yang diterima dari kelas I adalah....', 5, 'mapping', '[\'[x]\', \'[a]\', \'[a2]\', \'[a3]\']', '[x]= 6,8, 10;\r\n[a]= 6,8, 10;\r\n[a2]= 8, 10, 12;\r\n[a3]= 10, 12, 14', '[b] = [a2]-[a];\r\n[n1] = [x]-1;\r\n[Sn] = ([x]/2)*(2*[a]+[n1]*[b]);\r\n[benar] = [Sn]*500000;\r\n[salah] = [Sn]*100000;\r\n[salah2] = [Sn]*250000;\r\n[salah3] = [Sn]*1000000', 'a. [benar]<br />\r\nb. [salah]<br />\r\nc. [salah2]<br />\r\nd. [salah3]', '2020-06-17 18:40:48.029095', 34, 3, '---'),
(24, 20, 'Menyederhanakan Pecahan', 'Bentuk paling sederhana dari \\([x] \\over [y]\\) adalah?', 5, 'mapping', '[\'[x]\', \'[y]\']', '[x]=18, 30;\r\n[y]= 24, 36', '[a]=fpb([x], [y]);\r\n[b]=[x]/[a];\r\n[c]=[y]/[a];\r\n[d]=[b]+[c]', 'a. \\([b] \\over [c]\\)<br />\r\nb. \\([c] \\over [b]\\)<br />\r\nc.  \\([b] \\over [d]\\)<br />\r\nd. \\([a] \\over [d]\\)', '2020-06-17 18:44:34.539445', 39, 3, '---'),
(26, 14, 'Penyederhanaan Pecahan', 'Bentuk paling sederhana dari \\([x] \\over [y]\\) adalah?', 5, 'mapping', '[\'[x]\', \'[y]\']', '[x]=18, 30;\r\n[y]= 24, 36', '[a]=fpb([x], [y]);\r\n[b]=[x]/[a];\r\n[c]=[y]/[a];\r\n[d]=[b]+[c]', 'a. \\([b] \\over [c]\\)<br />\r\nb. \\([c] \\over [b]\\)<br />\r\nc.  \\([b] \\over [d]\\)<br />\r\nd. \\([a] \\over [d]\\)', '2020-06-17 18:52:59.975962', 42, 3, '---'),
(27, 14, 'Pendapatan Penjualan Tiken', 'Harga tiket kelas I dalam final Piala Presiden 2018 adalah Rp 500.000,00. Panitia menyediakan [x] baris untuk kelas I, dengan rincian pada baris pertama terdapat [a] kursi, baris kedua [a2] kursi, pada baris ketiga [a3] kursi dan seterusnya. Jika kursi terisi semua pada kelas tersebut, maka pendapatan yang diterima dari kelas I adalah....', 5, 'mapping', '[\'[x]\', \'[a]\', \'[a2]\', \'[a3]\']', '[x]= 6,8, 10;\r\n[a]= 6,8, 10;\r\n[a2]= 8, 10, 12;\r\n[a3]= 10, 12, 14', '[b] = [a2]-[a];\r\n[n1] = [x]-1;\r\n[Sn] = ([x]/2)*(2*[a]+[n1]*[b]);\r\n[benar] = [Sn]*500000;\r\n[salah] = [Sn]*100000;\r\n[salah2] = [Sn]*250000;\r\n[salah3] = [Sn]*1000000', 'a. [benar]<br />\r\nb. [salah]<br />\r\nc. [salah2]<br />\r\nd. [salah3]', '2020-06-17 18:54:39.446404', 37, 3, '---'),
(28, 16, 'Penyederhanaan Pecahan', 'Bentuk paling sederhana dari \\([x] \\over [y]\\) adalah?', 5, 'mapping', '[\'[x]\', \'[y]\']', '[x]=18, 30;\r\n[y]= 24, 36', '[a]=fpb([x], [y]);\r\n[b]=[x]/[a];\r\n[c]=[y]/[a];\r\n[d]=[b]+[c]', 'a. \\([b] \\over [c]\\)<br />\r\nb. \\([c] \\over [b]\\)<br />\r\nc.  \\([b] \\over [d]\\)<br />\r\nd. \\([a] \\over [d]\\)', '2020-06-17 19:00:15.806246', 38, 3, '---'),
(29, 16, 'Pendapatan Penjualan Tiket', 'Harga tiket kelas I dalam final Piala Presiden 2018 adalah Rp 500.000,00. Panitia menyediakan [x] baris untuk kelas I, dengan rincian pada baris pertama terdapat [a] kursi, baris kedua [a2] kursi, pada baris ketiga [a3] kursi dan seterusnya. Jika kursi terisi semua pada kelas tersebut, maka pendapatan yang diterima dari kelas I adalah....', 5, 'mapping', '[\'[x]\', \'[a]\', \'[a2]\', \'[a3]\']', '[x]= 6,8, 10;\r\n[a]= 6,8, 10;\r\n[a2]= 8, 10, 12;\r\n[a3]= 10, 12, 14', '[b] = [a2]-[a];\r\n[n1] = [x]-1;\r\n[Sn] = ([x]/2)*(2*[a]+[n1]*[b]);\r\n[benar] = [Sn]*500000;\r\n[salah] = [Sn]*100000;\r\n[salah2] = [Sn]*250000;\r\n[salah3] = [Sn]*1000000', 'a. [benar]<br />\r\nb. [salah]<br />\r\nc. [salah2]<br />\r\nd. [salah3]', '2020-06-17 19:01:25.280222', 33, 3, '---'),
(30, 24, 'Penyederhanaan Pecahan', 'Bentuk paling sederhana dari \\([x] \\over [y]\\) adalah?', 5, 'mapping', '[\'[x]\', \'[y]\']', '[x]=18, 30;\r\n[y]= 24, 36', '[a]=fpb([x], [y]);\r\n[b]=[x]/[a];\r\n[c]=[y]/[a];\r\n[d]=[b]+[c]', 'a. \\([b] \\over [c]\\)<br />\r\nb. \\([c] \\over [b]\\)<br />\r\nc.  \\([b] \\over [d]\\)<br />\r\nd. \\([a] \\over [d]\\)', '2020-06-17 19:03:52.641159', 40, 3, '---'),
(31, 24, 'Pendapatan Penjualan Tiket', 'Harga tiket kelas I dalam final Piala Presiden 2018 adalah Rp 500.000,00. Panitia menyediakan [x] baris untuk kelas I, dengan rincian pada baris pertama terdapat [a] kursi, baris kedua [a2] kursi, pada baris ketiga [a3] kursi dan seterusnya. Jika kursi terisi semua pada kelas tersebut, maka pendapatan yang diterima dari kelas I adalah....', 5, 'mapping', '[\'[x]\', \'[a]\', \'[a2]\', \'[a3]\']', '[x]= 6,8, 10;\r\n[a]= 6,8, 10;\r\n[a2]= 8, 10, 12;\r\n[a3]= 10, 12, 14', '[b] = [a2]-[a];\r\n[n1] = [x]-1;\r\n[Sn] = ([x]/2)*(2*[a]+[n1]*[b]);\r\n[benar] = [Sn]*500000;\r\n[salah] = [Sn]*100000;\r\n[salah2] = [Sn]*250000;\r\n[salah3] = [Sn]*1000000', 'a. [benar]<br />\r\nb. [salah]<br />\r\nc. [salah2]<br />\r\nd. [salah3]', '2020-06-17 19:05:21.493310', 35, 3, '---'),
(32, 18, 'Pendapatan Penjualan Tiket', 'Harga tiket kelas I dalam final Piala Presiden 2018 adalah Rp 500.000,00. Panitia menyediakan [x] baris untuk kelas I, dengan rincian pada baris pertama terdapat [a] kursi, baris kedua [a2] kursi, pada baris ketiga [a3] kursi dan seterusnya. Jika kursi terisi semua pada kelas tersebut, maka pendapatan yang diterima dari kelas I adalah....', 5, 'mapping', '[\'[x]\', \'[a]\', \'[a2]\', \'[a3]\']', '[x]= 6,8, 10;\r\n[a]= 6,8, 10;\r\n[a2]= 8, 10, 12;\r\n[a3]= 10, 12, 14', '[b] = [a2]-[a];\r\n[n1] = [x]-1;\r\n[Sn] = ([x]/2)*(2*[a]+[n1]*[b]);\r\n[benar] = [Sn]*500000;\r\n[salah] = [Sn]*100000;\r\n[salah2] = [Sn]*250000;\r\n[salah3] = [Sn]*1000000', 'a. [benar]<br />\r\nb. [salah]<br />\r\nc. [salah2]<br />\r\nd. [salah3]', '2020-06-17 19:06:34.199368', 36, 3, '---'),
(33, 18, 'Penyederhanaan Pecahan', 'Bentuk paling sederhana dari \\([x] \\over [y]\\) adalah?', 5, 'mapping', '[\'[x]\', \'[y]\']', '[x]=18, 30;\r\n[y]= 24, 36', '[a]=fpb([x], [y]);\r\n[b]=[x]/[a];\r\n[c]=[y]/[a];\r\n[d]=[b]+[c]', 'a. \\([b] \\over [c]\\)<br />\r\nb. \\([c] \\over [b]\\)<br />\r\nc.  \\([b] \\over [d]\\)<br />\r\nd. \\([a] \\over [d]\\)', '2020-06-17 19:07:46.983244', 41, 3, '---'),
(34, 22, 'Penyederhanaan Pecahan', 'Bentuk paling sederhana dari \\([x] \\over [y]\\) adalah?', 5, 'mapping', '[\'[x]\', \'[y]\']', '[x]=18, 30;\r\n[y]= 24, 36', '[a]=fpb([x], [y]);\r\n[b]=[x]/[a];\r\n[c]=[y]/[a];\r\n[d]=[b]+[c]', 'a. \\([b] \\over [c]\\)<br />\r\nb. \\([c] \\over [b]\\)<br />\r\nc.  \\([b] \\over [d]\\)<br />\r\nd. \\([a] \\over [d]\\)', '2020-06-17 19:10:43.480955', 43, 3, '---'),
(35, 22, 'Pendapatan Penjualan Tiket', 'Harga tiket kelas I dalam final Piala Presiden 2018 adalah Rp 500.000,00. Panitia menyediakan [x] baris untuk kelas I, dengan rincian pada baris pertama terdapat [a] kursi, baris kedua [a2] kursi, pada baris ketiga [a3] kursi dan seterusnya. Jika kursi terisi semua pada kelas tersebut, maka pendapatan yang diterima dari kelas I adalah....', 5, 'mapping', '[\'[x]\', \'[a]\', \'[a2]\', \'[a3]\']', '[x]= 6,8, 10;\r\n[a]= 6,8, 10;\r\n[a2]= 8, 10, 12;\r\n[a3]= 10, 12, 14', '[b] = [a2]-[a];\r\n[n1] = [x]-1;\r\n[Sn] = ([x]/2)*(2*[a]+[n1]*[b]);\r\n[benar] = [Sn]*500000;\r\n[salah] = [Sn]*100000;\r\n[salah2] = [Sn]*250000;\r\n[salah3] = [Sn]*1000000', 'a. [benar]<br />\r\nb. [salah]<br />\r\nc. [salah2]<br />\r\nd. [salah3]', '2020-06-17 19:11:52.792022', 32, 3, '---'),
(36, 16, 'nilai sin kuadran II', 'Nilai dari <span class=\"math-tex\">\\(sin\\)</span> [x]<span class=\"math-tex\">\\(^o\\)</span>&nbsp;adalah ....', 5, 'kombinasi', '[\'[x]\']', '[x]=120, 150', '[benar]=sin[x];\r\n[salah1]=cos[x];\r\n[salah2]=tan[x];\r\n[salah3]=1/sin[x];\r\n[salah4]=1/cos[x]', 'a. [benar]<br />\r\nb. [salah1]<br />\r\nc. [salah2]<br />\r\nd. [salah3]<br />\r\ne. [salah4]', '2020-06-20 11:49:19.902384', 51, 3, '---'),
(37, 16, 'barisan geometri', 'Agar membentuk barisan aritmetika, suku berikutnya dari barisan [u1], [u2], [u3], ....', 5, 'mapping', '[\'[u1]\', \'[u2]\', \'[u3]\']', '[u1]=2, 4;\r\n[u2]=6, 8;\r\n[u3]=10, 12', '[b]=[u2]-[u1];\r\n[benar]=[u1]+(3*[b]);\r\n[salah1]=[u1]+(3*[b])+1;\r\n[salah2]=[u1]+(3*[b])+2;\r\n[salah3]=[u1]+(3*[b])*2;\r\n[salah4]=[u1]+(3*[b])+4', 'a. [salah1]<br />\r\nb. [salah2]<br />\r\nc. [salah3]<br />\r\nd. [benar]<br />\r\ne. [salah4]', '2020-06-20 12:44:07.444192', 52, 3, '---'),
(38, 16, 'sketsa grafik fungsi kuadrat', 'Sketsa grafik untuk fungsi&nbsp;<span class=\"math-tex\">\\(f(x)=-x^2-5x+6\\)</span> adalah ....', 5, 'mapping', '[]', '', '---', 'a. [grafik]<br />\r\nb. [salah1]<br />\r\nc. [salah2]<br />\r\nd. [salah3]<br />\r\ne. [salah4]', '2020-06-20 13:15:01.087717', 53, 3, '[grafik]=https://firebasestorage.googleapis.com/v0/b/aigyujiem-image.appspot.com/o/images%2F1592658653.10266d.PNG?alt=media; [salah1]=https://firebasestorage.googleapis.com/v0/b/aigyujiem-image.appspot.com/o/images%2F1592658695.905282a.PNG?alt=media; [salah2]=https://firebasestorage.googleapis.com/v0/b/aigyujiem-image.appspot.com/o/images%2F1592658708.065009b.PNG?alt=media; [salah3]=https://firebasestorage.googleapis.com/v0/b/aigyujiem-image.appspot.com/o/images%2F1592658783.223743c.PNG?alt=media; [salah4]=https://firebasestorage.googleapis.com/v0/b/aigyujiem-image.appspot.com/o/images%2F1592658795.42426f.PNG?alt=media'),
(39, 16, 'nilai optimum', 'Nilai minimum dari fungsi&nbsp;<span class=\"math-tex\">\\(f(x)=[a]x^2+[b]x+[c]\\)</span>&nbsp;adalah....', 5, 'mapping', '[\'[a]\', \'[b]\', \'[c]\']', '[a]=1,2;\r\n[b]=4,-8;\r\n[c]=8,-10', '[t]=-[b];\r\n[y]=2*[a]', 'a. \\({[t] \\over [y]}\\);<br />\r\nb. ', '2020-06-20 14:04:49.394558', 54, 1, '---'),
(40, 28, 'Soal trigonometri', 'Jika nilai sin dari sebuah segitiga yaitu [x]/[y], maka nilai cos dari segitiga tersebut adalah?', 5, 'mapping', '[\'[x]\', \'[y]\']', '[x]=3, 5;\r\n[y]=5, 13', '[samping]=pow((([y]*[y])-([x]*[x])),0.5)', 'A. [samping]/[y];<br />\r\nB. [x]/[samping];<br />\r\nC. [y]/[samping];<br />\r\nD. [x]/[y];<br />\r\nE. 1/2', '2020-06-23 14:25:24.054287', 56, 3, '---'),
(41, 28, 'Titik Potong Sumbu Y', 'Berapakah titik potong f(x) =&nbsp;<span class=\"math-tex\">\\(x^2 - [a]x + [b]\\)</span>&nbsp;pada sumbu y?', 5, 'mapping', '[\'[a]\', \'[b]\']', '[a]=6,7;\r\n[b]=8,12', '[x1]= (-[a]+pow((([a]*[a])-(4*[b])),0.5))/2;\r\n[x2]= (-[a]-pow((([a]*[a])-(4*[b])),0.5))/2;\r\n[y]=[b]', 'A. ([y],0);<br />\r\nB. ([x1],0);<br />\r\nC. ([x2],0);<br />\r\nD. ([x1],[x2]);<br />\r\nE. ([y],[x1])', '2020-06-23 14:22:49.533774', 58, 3, '---'),
(42, 30, 'Soal Latihan Bab Trigonometri', 'Jika sin [x] = [y] ,maka nilai cos [z]=...', 5, 'mapping', '[\'[x]\', \'[y]\', \'[z]\']', '[x]= 0,30,45,60,90;\r\n[y]= 0,0.5,0.707,0.866,1;\r\n[z]= 90,60,45,30,0', '[benar]=([y]);\r\n[salah1]= ([benar]+1);\r\n[salah2]= ([benar]-1);\r\n[salah3]=(1-[benar]);\r\n[salah4]=(-[benar])', 'a. [salah1];<br />\r\nb. [salah2];<br />\r\nc. [benar];<br />\r\nd. [salah3];<br />\r\ne. [salah4]', '2020-06-23 15:12:25.423821', 59, 1, '---'),
(43, 7, 'muntub anjaysss', 'Hasil dari \\({[w] \\over [x]} - {[y] \\over [z]}\\) adalah ....', 5, 'kombinasi', '[\'[w]\', \'[x]\', \'[y]\', \'[z]\']', '[w]=11,12,13,14;\r\n[x]=21,22,23,24;\r\n[y]=31,32,33,34;\r\n[z]=41,42,43,44', '[a] = kpk([x],[z]);\r\n[b] = ([a]/[x]) * ([w]);\r\n[c] = ([a]/[z]) * ([y]);\r\n[d] = [b]-[c];\r\n[e] =[b]+[c]', 'A. <span class=\"math-tex\">\\([d] \\over [a]\\)</span><br />\r\nB. <span class=\"math-tex\">\\([c] \\over [a]\\)</span><br />\r\nC. <span class=\"math-tex\">\\([b] \\over [a]\\)</span><br />\r\nD. <span class=\"math-tex\">\\([e] \\over [a]\\)</span>', '2020-06-24 08:01:54.172060', 30, 1, '---'),
(44, 10, 'Ciri-ciri limas segi n', 'Berikut ini yang merupakan ciri-ciri dari bangun ruang limas segi [n] adalah?', 5, 'mapping', '[\'[n]\']', '[n]=3,4,5,6,8,9,10', '[m] = [n] + 2;\r\n[l] = [n] - 1', 'a. memiliki [m] titik sudut<br /><br />\r\nb. memiliki [l] sisi<br /><br />\r\nc. memiliki [m] rusuk<br /><br />\r\nd. memiliki [n] sisi tegak', '2020-07-08 06:40:17.204959', 61, 3, '---');

-- --------------------------------------------------------

--
-- Struktur dari tabel `quiz_soal_paketsoal`
--

CREATE TABLE `quiz_soal_paketsoal` (
  `id` int(11) NOT NULL,
  `generated_soal_id` int(11) DEFAULT NULL,
  `paket_soal_id` int(11) DEFAULT NULL,
  `nomer_paket` int(11) DEFAULT NULL,
  `nomer_urut` int(11) DEFAULT NULL
) ENGINE=InnoDB DEFAULT CHARSET=latin1;

--
-- Dumping data untuk tabel `quiz_soal_paketsoal`
--

INSERT INTO `quiz_soal_paketsoal` (`id`, `generated_soal_id`, `paket_soal_id`, `nomer_paket`, `nomer_urut`) VALUES
(81, 9, 14, 1, 1),
(82, 8, 14, 2, 1),
(84, 9, 14, 3, 1),
(85, 5, 13, 3, 1),
(86, 5, 13, 2, 1),
(87, 5, 13, 5, 1),
(88, 5, 13, 4, 1),
(89, 5, 13, 1, 1),
(90, 21, 15, 2, 1),
(91, 20, 15, 1, 1),
(92, 19, 15, 3, 1),
(93, 25, 15, 2, 2),
(94, 25, 15, 3, 2),
(95, 25, 15, 1, 2),
(97, 28, 19, 2, 1),
(98, 26, 19, 1, 1),
(99, 26, 19, 3, 1),
(106, 11, 21, 1, 2),
(107, 10, 21, 2, 2),
(108, 63, 22, 2, 1),
(109, 62, 22, 2, 2),
(110, 60, 22, 2, 3),
(111, 59, 22, 1, 3),
(112, 63, 22, 1, 1),
(113, 63, 22, 3, 1),
(114, 62, 22, 3, 2),
(115, 62, 22, 1, 2),
(116, 60, 22, 3, 3),
(117, 28, 18, 1, 1),
(118, 27, 18, 3, 1),
(119, 27, 18, 2, 1),
(120, 28, 18, 4, 1),
(121, 65, 23, 2, 1),
(122, 64, 23, 1, 1),
(123, 67, 23, 2, 2),
(124, 66, 23, 1, 2),
(125, 18, 24, 50, 1),
(126, 17, 24, 60, 1),
(127, 16, 24, 26, 1),
(128, 15, 24, 25, 1),
(129, 14, 24, 86, 1),
(130, 13, 24, 70, 1),
(131, 12, 24, 84, 1),
(132, 12, 24, 69, 1),
(133, 16, 24, 75, 1),
(134, 14, 24, 19, 1),
(135, 13, 24, 27, 1),
(136, 15, 24, 34, 1),
(137, 13, 24, 49, 1),
(138, 17, 24, 97, 1),
(139, 17, 24, 16, 1),
(140, 12, 24, 2, 1),
(141, 12, 24, 85, 1),
(142, 12, 24, 48, 1),
(143, 12, 24, 12, 1),
(144, 15, 24, 28, 1),
(145, 16, 24, 32, 1),
(146, 16, 24, 66, 1),
(147, 13, 24, 90, 1),
(148, 17, 24, 21, 1),
(149, 13, 24, 79, 1),
(150, 13, 24, 76, 1),
(151, 17, 24, 31, 1),
(152, 16, 24, 55, 1),
(153, 18, 24, 4, 1),
(154, 13, 24, 13, 1),
(155, 16, 24, 15, 1),
(156, 12, 24, 72, 1),
(157, 16, 24, 83, 1),
(158, 12, 24, 73, 1),
(159, 16, 24, 63, 1),
(160, 15, 24, 68, 1),
(161, 12, 24, 9, 1),
(162, 16, 24, 38, 1),
(163, 17, 24, 74, 1),
(164, 12, 24, 54, 1),
(165, 13, 24, 33, 1),
(166, 15, 24, 17, 1),
(167, 18, 24, 45, 1),
(168, 14, 24, 1, 1),
(169, 14, 24, 98, 1),
(170, 17, 24, 39, 1),
(171, 12, 24, 36, 1),
(172, 18, 24, 23, 1),
(173, 15, 24, 24, 1),
(174, 17, 24, 14, 1),
(175, 14, 24, 100, 1),
(176, 13, 24, 5, 1),
(177, 13, 24, 99, 1),
(178, 17, 24, 89, 1),
(179, 17, 24, 77, 1),
(180, 16, 24, 51, 1),
(181, 17, 24, 82, 1),
(182, 13, 24, 41, 1),
(183, 18, 24, 87, 1),
(184, 18, 24, 92, 1),
(185, 14, 24, 6, 1),
(186, 17, 24, 64, 1),
(187, 14, 24, 20, 1),
(188, 15, 24, 44, 1),
(189, 13, 24, 7, 1),
(190, 18, 24, 93, 1),
(191, 16, 24, 35, 1),
(192, 16, 24, 78, 1),
(193, 14, 24, 29, 1),
(194, 13, 24, 43, 1),
(195, 16, 24, 46, 1),
(196, 16, 24, 30, 1),
(197, 14, 24, 47, 1),
(198, 14, 24, 22, 1),
(199, 14, 24, 37, 1),
(200, 15, 24, 18, 1),
(201, 18, 24, 94, 1),
(202, 12, 24, 52, 1),
(203, 18, 24, 65, 1),
(204, 14, 24, 3, 1),
(205, 18, 24, 53, 1),
(206, 12, 24, 61, 1),
(207, 14, 24, 58, 1),
(208, 17, 24, 10, 1),
(209, 14, 24, 42, 1),
(210, 16, 24, 88, 1),
(211, 13, 24, 11, 1),
(212, 18, 24, 56, 1),
(213, 15, 24, 40, 1),
(214, 15, 24, 8, 1),
(215, 12, 24, 80, 1),
(216, 14, 24, 95, 1),
(217, 16, 24, 67, 1),
(218, 16, 24, 96, 1),
(219, 14, 24, 81, 1),
(220, 16, 24, 71, 1),
(221, 15, 24, 59, 1),
(222, 15, 24, 91, 1),
(223, 15, 24, 62, 1),
(224, 15, 24, 57, 1),
(225, 11, 24, 47, 2),
(226, 10, 24, 69, 2),
(227, 11, 24, 92, 3),
(228, 10, 24, 7, 3),
(229, 11, 24, 78, 4),
(230, 10, 24, 3, 4),
(231, 11, 24, 31, 5),
(232, 10, 24, 75, 5),
(233, 11, 24, 82, 6),
(234, 10, 24, 21, 6),
(235, 11, 24, 48, 7),
(236, 10, 24, 62, 7),
(237, 11, 24, 88, 8),
(238, 10, 24, 99, 8),
(239, 11, 24, 42, 9),
(240, 10, 24, 60, 9),
(241, 11, 24, 56, 10),
(242, 10, 24, 29, 10),
(243, 11, 24, 31, 11),
(244, 10, 24, 68, 11),
(245, 11, 24, 31, 12),
(246, 10, 24, 79, 12),
(247, 11, 24, 21, 13),
(248, 10, 24, 79, 13),
(249, 11, 24, 94, 14),
(250, 10, 24, 66, 14),
(251, 11, 24, 8, 15),
(252, 10, 24, 61, 15),
(253, 11, 24, 46, 16),
(254, 10, 24, 5, 16),
(255, 11, 24, 100, 17),
(256, 10, 24, 6, 17),
(257, 11, 24, 99, 18),
(258, 10, 24, 18, 18),
(259, 11, 24, 87, 19),
(260, 10, 24, 17, 19),
(261, 11, 24, 13, 20),
(262, 10, 24, 98, 20),
(263, 11, 24, 48, 21),
(264, 10, 24, 33, 21),
(265, 11, 24, 2, 22),
(266, 10, 24, 46, 22),
(267, 11, 24, 70, 23),
(268, 10, 24, 94, 23),
(269, 11, 24, 8, 24),
(270, 10, 24, 87, 24),
(271, 11, 24, 56, 25),
(272, 10, 24, 79, 25),
(273, 11, 24, 93, 26),
(274, 10, 24, 59, 26),
(275, 11, 24, 1, 27),
(276, 10, 24, 93, 27),
(277, 11, 24, 95, 28),
(278, 10, 24, 44, 28),
(279, 11, 24, 13, 29),
(280, 10, 24, 51, 29),
(281, 11, 24, 71, 30),
(282, 10, 24, 98, 30),
(283, 11, 24, 69, 31),
(284, 10, 24, 18, 31),
(285, 11, 24, 35, 32),
(286, 10, 24, 95, 32),
(287, 11, 24, 97, 33),
(288, 10, 24, 7, 33),
(289, 11, 24, 60, 34),
(290, 10, 24, 55, 34),
(291, 11, 24, 7, 35),
(292, 10, 24, 98, 35),
(293, 11, 24, 79, 36),
(294, 10, 24, 36, 36),
(295, 11, 24, 45, 37),
(296, 10, 24, 34, 37),
(297, 11, 24, 99, 38),
(298, 10, 24, 96, 38),
(299, 11, 24, 53, 39),
(300, 10, 24, 82, 39),
(301, 11, 24, 8, 40),
(302, 10, 24, 74, 40),
(303, 11, 24, 57, 2),
(304, 11, 24, 33, 2),
(305, 11, 24, 50, 2),
(306, 11, 24, 5, 2),
(307, 10, 24, 67, 2),
(308, 11, 24, 34, 2),
(309, 11, 24, 41, 2),
(310, 11, 24, 77, 2),
(311, 11, 24, 91, 2),
(312, 10, 24, 86, 2),
(313, 11, 24, 12, 2),
(314, 11, 24, 13, 2),
(315, 11, 24, 83, 2),
(316, 10, 24, 89, 2),
(317, 10, 24, 61, 2),
(318, 10, 24, 80, 2),
(319, 11, 24, 71, 2),
(320, 10, 24, 46, 2),
(321, 11, 24, 48, 2),
(322, 10, 24, 3, 2),
(323, 11, 24, 73, 2),
(324, 11, 24, 7, 2),
(325, 11, 24, 21, 2),
(326, 10, 24, 4, 2),
(327, 11, 24, 75, 2),
(328, 10, 24, 20, 2),
(329, 11, 24, 63, 2),
(330, 10, 24, 43, 2),
(331, 10, 24, 19, 2),
(332, 11, 24, 76, 2),
(333, 11, 24, 14, 2),
(334, 10, 24, 9, 2),
(335, 11, 24, 81, 2),
(336, 11, 24, 22, 2),
(337, 11, 24, 11, 2),
(338, 11, 24, 51, 2),
(339, 11, 24, 56, 2),
(340, 11, 24, 39, 2),
(341, 10, 24, 97, 2),
(342, 11, 24, 65, 2),
(343, 10, 24, 29, 2),
(344, 11, 24, 53, 2),
(345, 10, 24, 17, 2),
(346, 11, 24, 15, 2),
(347, 10, 24, 26, 2),
(348, 10, 24, 85, 2),
(349, 11, 24, 84, 2),
(350, 11, 24, 92, 2),
(351, 10, 24, 66, 2),
(352, 11, 24, 74, 2),
(353, 11, 24, 16, 2),
(354, 11, 24, 8, 2),
(355, 10, 24, 55, 2),
(356, 10, 24, 64, 2),
(357, 10, 24, 88, 2),
(358, 10, 24, 44, 2),
(359, 11, 24, 32, 2),
(360, 10, 24, 37, 2),
(361, 10, 24, 70, 2),
(362, 10, 24, 90, 2),
(363, 11, 24, 94, 2),
(364, 11, 24, 72, 2),
(365, 10, 24, 25, 2),
(366, 10, 24, 2, 2),
(367, 11, 24, 35, 2),
(368, 10, 24, 62, 2),
(369, 11, 24, 96, 2),
(370, 11, 24, 58, 2),
(371, 10, 24, 36, 2),
(372, 10, 24, 31, 2),
(373, 11, 24, 87, 2),
(374, 10, 24, 54, 2),
(375, 10, 24, 95, 2),
(376, 10, 24, 1, 2),
(377, 11, 24, 68, 2),
(378, 10, 24, 27, 2),
(379, 11, 24, 28, 2),
(380, 10, 24, 42, 2),
(381, 11, 24, 93, 2),
(382, 11, 24, 40, 2),
(383, 11, 24, 45, 2),
(384, 11, 24, 18, 2),
(385, 10, 24, 59, 2),
(386, 11, 24, 78, 2),
(387, 10, 24, 30, 2),
(388, 11, 24, 82, 2),
(389, 10, 24, 24, 2),
(390, 10, 24, 60, 2),
(391, 11, 24, 99, 2),
(392, 10, 24, 10, 2),
(393, 11, 24, 79, 2),
(394, 11, 24, 52, 2),
(395, 11, 24, 100, 2),
(396, 10, 24, 49, 2),
(397, 11, 24, 6, 2),
(398, 10, 24, 23, 2),
(399, 11, 24, 98, 2),
(400, 11, 24, 38, 2),
(401, 10, 24, 10, 3),
(402, 10, 24, 39, 3),
(403, 11, 24, 63, 3),
(404, 10, 24, 55, 3),
(405, 10, 24, 82, 3),
(406, 10, 24, 24, 3),
(407, 10, 24, 53, 3),
(408, 11, 24, 46, 3),
(409, 11, 24, 30, 3),
(410, 10, 24, 81, 3),
(411, 10, 24, 25, 3),
(412, 11, 24, 85, 3),
(413, 11, 24, 87, 3),
(414, 10, 24, 14, 3),
(415, 11, 24, 74, 3),
(416, 11, 24, 22, 3),
(417, 11, 24, 91, 3),
(418, 11, 24, 38, 3),
(419, 11, 24, 58, 3),
(420, 11, 24, 61, 3),
(421, 10, 24, 77, 3),
(422, 11, 24, 32, 3),
(423, 10, 24, 94, 3),
(424, 10, 24, 56, 3),
(425, 10, 24, 88, 3),
(426, 10, 24, 42, 3),
(427, 11, 24, 2, 3),
(428, 10, 24, 96, 3),
(429, 10, 24, 43, 3),
(430, 10, 24, 16, 3),
(431, 11, 24, 34, 3),
(432, 10, 24, 9, 3),
(433, 10, 24, 44, 3),
(434, 11, 24, 13, 3),
(435, 10, 24, 27, 3),
(436, 11, 24, 97, 3),
(437, 10, 24, 48, 3),
(438, 10, 24, 89, 3),
(439, 10, 24, 78, 3),
(440, 11, 24, 66, 3),
(441, 10, 24, 11, 3),
(442, 10, 24, 100, 3),
(443, 11, 24, 40, 3),
(444, 10, 24, 99, 3),
(445, 11, 24, 37, 3),
(446, 11, 24, 93, 3),
(447, 10, 24, 67, 3),
(448, 11, 24, 1, 3),
(449, 10, 24, 51, 3),
(450, 11, 24, 8, 3),
(451, 10, 24, 70, 3),
(452, 11, 24, 23, 3),
(453, 11, 24, 75, 3),
(454, 11, 24, 79, 3),
(455, 11, 24, 86, 3),
(456, 10, 24, 15, 3),
(457, 11, 24, 68, 3),
(458, 10, 24, 20, 3),
(459, 11, 24, 83, 3),
(460, 11, 24, 3, 3),
(461, 11, 24, 6, 3),
(462, 11, 24, 72, 3),
(463, 10, 24, 36, 3),
(464, 10, 24, 49, 3),
(465, 10, 24, 41, 3),
(466, 10, 24, 90, 3),
(467, 11, 24, 73, 3),
(468, 11, 24, 31, 3),
(469, 11, 24, 17, 3),
(470, 10, 24, 33, 3),
(471, 11, 24, 64, 3),
(472, 11, 24, 12, 3),
(473, 11, 24, 71, 3),
(474, 10, 24, 80, 3),
(475, 11, 24, 57, 3),
(476, 11, 24, 59, 3),
(477, 11, 24, 52, 3),
(478, 10, 24, 19, 3),
(479, 10, 24, 54, 3),
(480, 11, 24, 65, 3),
(481, 11, 24, 69, 3),
(482, 11, 24, 84, 3),
(483, 11, 24, 50, 3),
(484, 11, 24, 98, 3),
(485, 10, 24, 29, 3),
(486, 11, 24, 35, 3),
(487, 11, 24, 28, 3),
(488, 11, 24, 47, 3),
(489, 10, 24, 4, 3),
(490, 11, 24, 18, 3),
(491, 10, 24, 76, 3),
(492, 10, 24, 62, 3),
(493, 10, 24, 95, 3),
(494, 11, 24, 26, 3),
(495, 11, 24, 21, 3),
(496, 11, 24, 5, 3),
(497, 10, 24, 45, 3),
(498, 10, 24, 60, 3),
(499, 11, 24, 97, 4),
(500, 11, 24, 79, 4),
(501, 11, 24, 73, 4),
(502, 10, 24, 27, 4),
(503, 10, 24, 52, 4),
(504, 10, 24, 87, 4),
(505, 11, 24, 72, 4),
(506, 11, 24, 41, 4),
(507, 11, 24, 29, 4),
(508, 11, 24, 84, 4),
(509, 11, 24, 7, 4),
(510, 10, 24, 92, 4),
(511, 10, 24, 45, 4),
(512, 10, 24, 49, 4),
(513, 10, 24, 80, 4),
(514, 11, 24, 53, 4),
(515, 11, 24, 31, 4),
(516, 11, 24, 83, 4),
(517, 10, 24, 42, 4),
(518, 10, 24, 65, 4),
(519, 10, 24, 64, 4),
(520, 10, 24, 76, 4),
(521, 10, 24, 37, 4),
(522, 11, 24, 11, 4),
(523, 10, 24, 30, 4),
(524, 11, 24, 96, 4),
(525, 11, 24, 25, 4),
(526, 10, 24, 85, 4),
(527, 10, 24, 4, 4),
(528, 10, 24, 12, 4),
(529, 10, 24, 33, 4),
(530, 10, 24, 46, 4),
(531, 11, 24, 66, 4),
(532, 10, 24, 48, 4),
(533, 10, 24, 89, 4),
(534, 11, 24, 55, 4),
(535, 10, 24, 17, 4),
(536, 10, 24, 81, 4),
(537, 11, 24, 39, 4),
(538, 11, 24, 98, 4),
(539, 10, 24, 8, 4),
(540, 11, 24, 38, 4),
(541, 10, 24, 82, 4),
(542, 11, 24, 68, 4),
(543, 11, 24, 26, 4),
(544, 11, 24, 23, 4),
(545, 11, 24, 63, 4),
(546, 11, 24, 6, 4),
(547, 10, 24, 18, 4),
(548, 11, 24, 47, 4),
(549, 10, 24, 15, 4),
(550, 11, 24, 86, 4),
(551, 11, 24, 34, 4),
(552, 11, 24, 1, 4),
(553, 11, 24, 58, 4),
(554, 11, 24, 51, 4),
(555, 11, 24, 60, 4),
(556, 10, 24, 71, 4),
(557, 11, 24, 40, 4),
(558, 10, 24, 32, 4),
(559, 11, 24, 75, 4),
(560, 11, 24, 16, 4),
(561, 10, 24, 77, 4),
(562, 10, 24, 43, 4),
(563, 11, 24, 61, 4),
(564, 11, 24, 14, 4),
(565, 11, 24, 62, 4),
(566, 10, 24, 70, 4),
(567, 10, 24, 35, 4),
(568, 10, 24, 24, 4),
(569, 11, 24, 74, 4),
(570, 10, 24, 5, 4),
(571, 10, 24, 95, 4),
(572, 10, 24, 100, 4),
(573, 10, 24, 69, 4),
(574, 10, 24, 67, 4),
(575, 10, 24, 44, 4),
(576, 10, 24, 93, 4),
(577, 11, 24, 91, 4),
(578, 10, 24, 56, 4),
(579, 10, 24, 94, 4),
(580, 10, 24, 50, 4),
(581, 11, 24, 19, 4),
(582, 11, 24, 2, 4),
(583, 10, 24, 59, 4),
(584, 10, 24, 13, 4),
(585, 10, 24, 90, 4),
(586, 10, 24, 88, 4),
(587, 11, 24, 57, 4),
(588, 11, 24, 20, 4),
(589, 10, 24, 21, 4),
(590, 10, 24, 99, 4),
(591, 10, 24, 36, 4),
(592, 11, 24, 22, 4),
(593, 11, 24, 10, 4),
(594, 10, 24, 54, 4),
(595, 10, 24, 9, 4),
(596, 10, 24, 28, 4),
(597, 10, 24, 3, 5),
(598, 11, 24, 48, 5),
(599, 11, 24, 41, 5),
(600, 11, 24, 86, 5),
(601, 11, 24, 36, 5),
(602, 11, 24, 11, 5),
(603, 10, 24, 76, 5),
(604, 11, 24, 62, 5),
(605, 11, 24, 1, 5),
(606, 10, 24, 44, 5),
(607, 10, 24, 20, 5),
(608, 11, 24, 42, 5),
(609, 10, 24, 59, 5),
(610, 11, 24, 77, 5),
(611, 11, 24, 63, 5),
(612, 10, 24, 99, 5),
(613, 11, 24, 92, 5),
(614, 11, 24, 14, 5),
(615, 11, 24, 60, 5),
(616, 11, 24, 79, 5),
(617, 10, 24, 97, 5),
(618, 11, 24, 23, 5),
(619, 10, 24, 43, 5),
(620, 10, 24, 29, 5),
(621, 11, 24, 37, 5),
(622, 10, 24, 15, 5),
(623, 11, 24, 96, 5),
(624, 10, 24, 74, 5),
(625, 11, 24, 82, 5),
(626, 10, 24, 98, 5),
(627, 11, 24, 67, 5),
(628, 11, 24, 49, 5),
(629, 10, 24, 33, 5),
(630, 10, 24, 16, 5),
(631, 10, 24, 35, 5),
(632, 10, 24, 30, 5),
(633, 10, 24, 4, 5),
(634, 11, 24, 69, 5),
(635, 10, 24, 47, 5),
(636, 11, 24, 85, 5),
(637, 10, 24, 72, 5),
(638, 11, 24, 21, 5),
(639, 11, 24, 13, 5),
(640, 10, 24, 12, 5),
(641, 10, 24, 54, 5),
(642, 11, 24, 95, 5),
(643, 10, 24, 34, 5),
(644, 10, 24, 52, 5),
(645, 11, 24, 66, 5),
(646, 10, 24, 53, 5),
(647, 10, 24, 24, 5),
(648, 10, 24, 28, 5),
(649, 10, 24, 25, 5),
(650, 10, 24, 93, 5),
(651, 10, 24, 50, 5),
(652, 10, 24, 19, 5),
(653, 11, 24, 57, 5),
(654, 11, 24, 61, 5),
(655, 11, 24, 55, 5),
(656, 10, 24, 87, 5),
(657, 10, 24, 46, 5),
(658, 11, 24, 71, 5),
(659, 11, 24, 88, 5),
(660, 11, 24, 81, 5),
(661, 10, 24, 18, 5),
(662, 11, 24, 68, 5),
(663, 10, 24, 39, 5),
(664, 10, 24, 22, 5),
(665, 10, 24, 83, 5),
(666, 11, 24, 26, 5),
(667, 11, 24, 40, 5),
(668, 10, 24, 58, 5),
(669, 11, 24, 27, 5),
(670, 11, 24, 94, 5),
(671, 10, 24, 17, 5),
(672, 11, 24, 73, 5),
(673, 11, 24, 56, 5),
(674, 10, 24, 64, 5),
(675, 10, 24, 90, 5),
(676, 10, 24, 38, 5),
(677, 11, 24, 91, 5),
(678, 10, 24, 6, 5),
(679, 11, 24, 32, 5),
(680, 11, 24, 78, 5),
(681, 10, 24, 51, 5),
(682, 11, 24, 10, 5),
(683, 11, 24, 65, 5),
(684, 11, 24, 84, 5),
(685, 10, 24, 100, 5),
(686, 11, 24, 7, 5),
(687, 11, 24, 80, 5),
(688, 10, 24, 5, 5),
(689, 10, 24, 8, 5),
(690, 10, 24, 2, 5),
(691, 11, 24, 70, 5),
(692, 10, 24, 45, 5),
(693, 10, 24, 89, 5),
(694, 10, 24, 9, 5),
(695, 10, 24, 40, 6),
(696, 10, 24, 16, 6),
(697, 10, 24, 12, 6),
(698, 10, 24, 29, 6),
(699, 11, 24, 83, 6),
(700, 11, 24, 14, 6),
(701, 11, 24, 35, 6),
(702, 11, 24, 97, 6),
(703, 10, 24, 22, 6),
(704, 11, 24, 33, 6),
(705, 11, 24, 58, 6),
(706, 11, 24, 41, 6),
(707, 11, 24, 63, 6),
(708, 10, 24, 8, 6),
(709, 11, 24, 66, 6),
(710, 11, 24, 71, 6),
(711, 11, 24, 2, 6),
(712, 10, 24, 28, 6),
(713, 11, 24, 26, 6),
(714, 10, 24, 70, 6),
(715, 11, 24, 37, 6),
(716, 10, 24, 54, 6),
(717, 11, 24, 84, 6),
(718, 11, 24, 31, 6),
(719, 10, 24, 80, 6),
(720, 10, 24, 65, 6),
(721, 11, 24, 89, 6),
(722, 11, 24, 25, 6),
(723, 11, 24, 51, 6),
(724, 11, 24, 43, 6),
(725, 11, 24, 50, 6),
(726, 10, 24, 94, 6),
(727, 11, 24, 45, 6),
(728, 10, 24, 72, 6),
(729, 10, 24, 53, 6),
(730, 11, 24, 49, 6),
(731, 11, 24, 11, 6),
(732, 10, 24, 38, 6),
(733, 10, 24, 30, 6),
(734, 10, 24, 55, 6),
(735, 10, 24, 64, 6),
(736, 11, 24, 75, 6),
(737, 11, 24, 59, 6),
(738, 11, 24, 17, 6),
(739, 10, 24, 36, 6),
(740, 10, 24, 77, 6),
(741, 11, 24, 9, 6),
(742, 11, 24, 61, 6),
(743, 10, 24, 18, 6),
(744, 11, 24, 4, 6),
(745, 10, 24, 1, 6),
(746, 10, 24, 39, 6),
(747, 10, 24, 100, 6),
(748, 10, 24, 69, 6),
(749, 11, 24, 68, 6),
(750, 10, 24, 52, 6),
(751, 10, 24, 87, 6),
(752, 10, 24, 92, 6),
(753, 10, 24, 62, 6),
(754, 11, 24, 57, 6),
(755, 11, 24, 78, 6),
(756, 11, 24, 20, 6),
(757, 11, 24, 56, 6),
(758, 10, 24, 86, 6),
(759, 11, 24, 85, 6),
(760, 11, 24, 19, 6),
(761, 10, 24, 81, 6),
(762, 11, 24, 76, 6),
(763, 10, 24, 99, 6),
(764, 10, 24, 7, 6),
(765, 11, 24, 13, 6),
(766, 11, 24, 95, 6),
(767, 10, 24, 34, 6),
(768, 10, 24, 96, 6),
(769, 10, 24, 98, 6),
(770, 11, 24, 93, 6),
(771, 11, 24, 60, 6),
(772, 11, 24, 74, 6),
(773, 10, 24, 67, 6),
(774, 11, 24, 10, 6),
(775, 11, 24, 79, 6),
(776, 10, 24, 27, 6),
(777, 11, 24, 24, 6),
(778, 11, 24, 5, 6),
(779, 10, 24, 48, 6),
(780, 10, 24, 44, 6),
(781, 11, 24, 15, 6),
(782, 10, 24, 32, 6),
(783, 10, 24, 42, 6),
(784, 10, 24, 46, 6),
(785, 10, 24, 88, 6),
(786, 10, 24, 3, 6),
(787, 11, 24, 90, 6),
(788, 11, 24, 23, 6),
(789, 11, 24, 73, 6),
(790, 10, 24, 47, 6),
(791, 10, 24, 6, 6),
(792, 10, 24, 91, 6),
(793, 11, 24, 9, 7),
(794, 11, 24, 22, 7),
(795, 11, 24, 90, 7),
(796, 11, 24, 7, 7),
(797, 10, 24, 65, 7),
(798, 11, 24, 6, 7),
(799, 10, 24, 39, 7),
(800, 11, 24, 76, 7),
(801, 10, 24, 5, 7),
(802, 11, 24, 27, 7),
(803, 11, 24, 45, 7),
(804, 10, 24, 63, 7),
(805, 10, 24, 16, 7),
(806, 11, 24, 82, 7),
(807, 10, 24, 55, 7),
(808, 11, 24, 60, 7),
(809, 10, 24, 11, 7),
(810, 11, 24, 18, 7),
(811, 11, 24, 29, 7),
(812, 10, 24, 79, 7),
(813, 11, 24, 74, 7),
(814, 10, 24, 8, 7),
(815, 11, 24, 42, 7),
(816, 10, 24, 52, 7),
(817, 10, 24, 51, 7),
(818, 10, 24, 91, 7),
(819, 10, 24, 44, 7),
(820, 10, 24, 80, 7),
(821, 10, 24, 83, 7),
(822, 11, 24, 61, 7),
(823, 11, 24, 88, 7),
(824, 10, 24, 3, 7),
(825, 10, 24, 43, 7),
(826, 10, 24, 87, 7),
(827, 10, 24, 72, 7),
(828, 10, 24, 100, 7),
(829, 11, 24, 95, 7),
(830, 11, 24, 17, 7),
(831, 10, 24, 54, 7),
(832, 11, 24, 86, 7),
(833, 11, 24, 26, 7),
(834, 10, 24, 41, 7),
(835, 10, 24, 53, 7),
(836, 10, 24, 1, 7),
(837, 10, 24, 31, 7),
(838, 10, 24, 59, 7),
(839, 10, 24, 13, 7),
(840, 11, 24, 85, 7),
(841, 11, 24, 50, 7),
(842, 10, 24, 40, 7),
(843, 10, 24, 4, 7),
(844, 10, 24, 97, 7),
(845, 10, 24, 19, 7),
(846, 11, 24, 34, 7),
(847, 10, 24, 94, 7),
(848, 11, 24, 21, 7),
(849, 10, 24, 37, 7),
(850, 10, 24, 70, 7),
(851, 11, 24, 15, 7),
(852, 10, 24, 36, 7),
(853, 10, 24, 66, 7),
(854, 10, 24, 99, 7),
(855, 11, 24, 46, 7),
(856, 10, 24, 57, 7),
(857, 11, 24, 10, 7),
(858, 11, 24, 28, 7),
(859, 11, 24, 89, 7),
(860, 11, 24, 92, 7),
(861, 10, 24, 47, 7),
(862, 10, 24, 24, 7),
(863, 10, 24, 81, 7),
(864, 10, 24, 93, 7),
(865, 10, 24, 71, 7),
(866, 11, 24, 84, 7),
(867, 10, 24, 77, 7),
(868, 10, 24, 14, 7),
(869, 10, 24, 68, 7),
(870, 10, 24, 38, 7),
(871, 11, 24, 30, 7),
(872, 11, 24, 23, 7),
(873, 11, 24, 56, 7),
(874, 11, 24, 96, 7),
(875, 11, 24, 20, 7),
(876, 10, 24, 78, 7),
(877, 10, 24, 35, 7),
(878, 10, 24, 12, 7),
(879, 11, 24, 75, 7),
(880, 11, 24, 32, 7),
(881, 10, 24, 49, 7),
(882, 11, 24, 64, 7),
(883, 10, 24, 67, 7),
(884, 10, 24, 25, 7),
(885, 11, 24, 58, 7),
(886, 10, 24, 69, 7),
(887, 10, 24, 2, 7),
(888, 10, 24, 33, 7),
(889, 11, 24, 98, 7),
(890, 11, 24, 73, 7),
(891, 11, 24, 94, 8),
(892, 10, 24, 98, 8),
(893, 10, 24, 26, 8),
(894, 10, 24, 62, 8),
(895, 10, 24, 77, 8),
(896, 11, 24, 1, 8),
(897, 11, 24, 61, 8),
(898, 10, 24, 78, 8),
(899, 10, 24, 89, 8),
(900, 10, 24, 54, 8),
(901, 10, 24, 45, 8),
(902, 10, 24, 31, 8),
(903, 10, 24, 33, 8),
(904, 10, 24, 44, 8),
(905, 10, 24, 49, 8),
(906, 11, 24, 32, 8),
(907, 10, 24, 28, 8),
(908, 10, 24, 46, 8),
(909, 11, 24, 18, 8),
(910, 10, 24, 92, 8),
(911, 10, 24, 87, 8),
(912, 10, 24, 57, 8),
(913, 11, 24, 64, 8),
(914, 10, 24, 27, 8),
(915, 10, 24, 22, 8),
(916, 11, 24, 9, 8),
(917, 11, 24, 16, 8),
(918, 11, 24, 14, 8),
(919, 11, 24, 43, 8),
(920, 10, 24, 10, 8),
(921, 11, 24, 79, 8),
(922, 10, 24, 58, 8),
(923, 11, 24, 74, 8),
(924, 11, 24, 90, 8),
(925, 10, 24, 5, 8),
(926, 10, 24, 8, 8),
(927, 11, 24, 39, 8),
(928, 10, 24, 83, 8),
(929, 10, 24, 96, 8),
(930, 11, 24, 56, 8),
(931, 10, 24, 84, 8),
(932, 11, 24, 7, 8),
(933, 11, 24, 69, 8),
(934, 10, 24, 59, 8),
(935, 11, 24, 15, 8),
(936, 10, 24, 2, 8),
(937, 11, 24, 68, 8),
(938, 11, 24, 41, 8),
(939, 11, 24, 34, 8),
(940, 10, 24, 55, 8),
(941, 10, 24, 85, 8),
(942, 11, 24, 86, 8),
(943, 11, 24, 24, 8),
(944, 10, 24, 63, 8),
(945, 11, 24, 67, 8),
(946, 10, 24, 25, 8),
(947, 10, 24, 17, 8),
(948, 10, 24, 12, 8),
(949, 10, 24, 19, 8),
(950, 10, 24, 38, 8),
(951, 10, 24, 75, 8),
(952, 11, 24, 47, 8),
(953, 11, 24, 35, 8),
(954, 11, 24, 36, 8),
(955, 11, 24, 52, 8),
(956, 10, 24, 3, 8),
(957, 11, 24, 65, 8),
(958, 10, 24, 80, 8),
(959, 10, 24, 91, 8),
(960, 11, 24, 81, 8),
(961, 10, 24, 76, 8),
(962, 10, 24, 13, 8),
(963, 10, 24, 50, 8),
(964, 11, 24, 30, 8),
(965, 10, 24, 11, 8),
(966, 10, 24, 95, 8),
(967, 10, 24, 51, 8),
(968, 10, 24, 23, 8),
(969, 10, 24, 29, 8),
(970, 11, 24, 21, 8),
(971, 11, 24, 40, 8),
(972, 11, 24, 72, 8),
(973, 11, 24, 53, 8),
(974, 10, 24, 20, 8),
(975, 11, 24, 42, 8),
(976, 11, 24, 66, 8),
(977, 11, 24, 48, 8),
(978, 10, 24, 93, 8),
(979, 11, 24, 6, 8),
(980, 11, 24, 37, 8),
(981, 10, 24, 60, 8),
(982, 11, 24, 97, 8),
(983, 10, 24, 4, 8),
(984, 10, 24, 73, 8),
(985, 10, 24, 82, 8),
(986, 10, 24, 71, 8),
(987, 11, 24, 100, 8),
(988, 10, 24, 70, 8),
(989, 10, 24, 97, 9),
(990, 10, 24, 15, 9),
(991, 11, 24, 19, 9),
(992, 11, 24, 4, 9),
(993, 11, 24, 91, 9),
(994, 10, 24, 16, 9),
(995, 11, 24, 57, 9),
(996, 10, 24, 54, 9),
(997, 11, 24, 3, 9),
(998, 11, 24, 50, 9),
(999, 10, 24, 34, 9),
(1000, 10, 24, 27, 9),
(1001, 10, 24, 8, 9),
(1002, 10, 24, 61, 9),
(1003, 10, 24, 52, 9),
(1004, 10, 24, 17, 9),
(1005, 10, 24, 84, 9),
(1006, 10, 24, 40, 9),
(1007, 10, 24, 20, 9),
(1008, 10, 24, 81, 9),
(1009, 11, 24, 80, 9),
(1010, 10, 24, 85, 9),
(1011, 11, 24, 14, 9),
(1012, 10, 24, 74, 9),
(1013, 11, 24, 88, 9),
(1014, 10, 24, 77, 9),
(1015, 10, 24, 13, 9),
(1016, 11, 24, 11, 9),
(1017, 10, 24, 51, 9),
(1018, 11, 24, 64, 9),
(1019, 11, 24, 75, 9),
(1020, 10, 24, 22, 9),
(1021, 11, 24, 9, 9),
(1022, 10, 24, 48, 9),
(1023, 10, 24, 98, 9),
(1024, 11, 24, 99, 9),
(1025, 11, 24, 86, 9),
(1026, 10, 24, 55, 9),
(1027, 10, 24, 62, 9),
(1028, 11, 24, 30, 9),
(1029, 11, 24, 58, 9),
(1030, 11, 24, 47, 9),
(1031, 11, 24, 82, 9),
(1032, 11, 24, 31, 9),
(1033, 10, 24, 79, 9),
(1034, 11, 24, 63, 9),
(1035, 11, 24, 12, 9),
(1036, 11, 24, 45, 9),
(1037, 10, 24, 67, 9),
(1038, 10, 24, 1, 9),
(1039, 10, 24, 41, 9),
(1040, 10, 24, 33, 9),
(1041, 10, 24, 23, 9),
(1042, 10, 24, 32, 9),
(1043, 10, 24, 46, 9),
(1044, 11, 24, 56, 9),
(1045, 10, 24, 18, 9),
(1046, 10, 24, 65, 9),
(1047, 10, 24, 28, 9),
(1048, 11, 24, 38, 9),
(1049, 10, 24, 37, 9),
(1050, 11, 24, 96, 9),
(1051, 11, 24, 6, 9),
(1052, 10, 24, 78, 9),
(1053, 10, 24, 95, 9),
(1054, 11, 24, 92, 9),
(1055, 11, 24, 29, 9),
(1056, 10, 24, 71, 9),
(1057, 10, 24, 69, 9),
(1058, 10, 24, 24, 9),
(1059, 10, 24, 87, 9),
(1060, 11, 24, 21, 9),
(1061, 10, 24, 43, 9),
(1062, 10, 24, 76, 9),
(1063, 10, 24, 70, 9),
(1064, 10, 24, 25, 9),
(1065, 10, 24, 39, 9),
(1066, 10, 24, 5, 9),
(1067, 11, 24, 72, 9),
(1068, 11, 24, 68, 9),
(1069, 11, 24, 53, 9),
(1070, 11, 24, 44, 9),
(1071, 10, 24, 83, 9),
(1072, 11, 24, 59, 9),
(1073, 11, 24, 66, 9),
(1074, 10, 24, 36, 9),
(1075, 10, 24, 89, 9),
(1076, 11, 24, 100, 9),
(1077, 11, 24, 73, 9),
(1078, 11, 24, 2, 9),
(1079, 11, 24, 93, 9),
(1080, 11, 24, 94, 9),
(1081, 11, 24, 7, 9),
(1082, 11, 24, 49, 9),
(1083, 11, 24, 26, 9),
(1084, 10, 24, 10, 9),
(1085, 10, 24, 35, 9),
(1086, 10, 24, 90, 9),
(1087, 10, 24, 84, 10),
(1088, 11, 24, 25, 10),
(1089, 10, 24, 33, 10),
(1090, 11, 24, 52, 10),
(1091, 10, 24, 69, 10),
(1092, 11, 24, 37, 10),
(1093, 10, 24, 58, 10),
(1094, 11, 24, 54, 10),
(1095, 11, 24, 94, 10),
(1096, 11, 24, 81, 10),
(1097, 10, 24, 7, 10),
(1098, 10, 24, 13, 10),
(1099, 10, 24, 8, 10),
(1100, 11, 24, 60, 10),
(1101, 10, 24, 82, 10),
(1102, 11, 24, 95, 10),
(1103, 11, 24, 75, 10),
(1104, 10, 24, 99, 10),
(1105, 11, 24, 80, 10),
(1106, 11, 24, 66, 10),
(1107, 11, 24, 11, 10),
(1108, 11, 24, 62, 10),
(1109, 11, 24, 98, 10),
(1110, 11, 24, 43, 10),
(1111, 10, 24, 10, 10),
(1112, 11, 24, 72, 10),
(1113, 11, 24, 14, 10),
(1114, 10, 24, 83, 10),
(1115, 11, 24, 35, 10),
(1116, 10, 24, 78, 10),
(1117, 11, 24, 41, 10),
(1118, 10, 24, 28, 10),
(1119, 10, 24, 20, 10),
(1120, 11, 24, 68, 10),
(1121, 10, 24, 96, 10),
(1122, 11, 24, 12, 10),
(1123, 11, 24, 31, 10),
(1124, 10, 24, 21, 10),
(1125, 10, 24, 57, 10),
(1126, 10, 24, 90, 10),
(1127, 10, 24, 65, 10),
(1128, 11, 24, 91, 10),
(1129, 11, 24, 63, 10),
(1130, 11, 24, 92, 10),
(1131, 10, 24, 50, 10),
(1132, 11, 24, 59, 10),
(1133, 10, 24, 30, 10),
(1134, 10, 24, 87, 10),
(1135, 10, 24, 17, 10),
(1136, 10, 24, 39, 10),
(1137, 11, 24, 85, 10),
(1138, 11, 24, 36, 10),
(1139, 10, 24, 45, 10),
(1140, 11, 24, 32, 10),
(1141, 11, 24, 97, 10),
(1142, 10, 24, 74, 10),
(1143, 10, 24, 42, 10),
(1144, 10, 24, 27, 10),
(1145, 11, 24, 9, 10),
(1146, 11, 24, 88, 10),
(1147, 11, 24, 1, 10),
(1148, 11, 24, 55, 10),
(1149, 10, 24, 24, 10),
(1150, 11, 24, 61, 10),
(1151, 11, 24, 64, 10),
(1152, 10, 24, 53, 10),
(1153, 11, 24, 23, 10),
(1154, 11, 24, 93, 10),
(1155, 10, 24, 79, 10),
(1156, 11, 24, 67, 10),
(1157, 10, 24, 86, 10),
(1158, 10, 24, 5, 10),
(1159, 10, 24, 19, 10),
(1160, 11, 24, 89, 10),
(1161, 10, 24, 34, 10),
(1162, 10, 24, 18, 10),
(1163, 10, 24, 3, 10),
(1164, 10, 24, 76, 10),
(1165, 10, 24, 6, 10),
(1166, 11, 24, 2, 10),
(1167, 11, 24, 40, 10),
(1168, 11, 24, 49, 10),
(1169, 11, 24, 15, 10),
(1170, 11, 24, 47, 10),
(1171, 10, 24, 38, 10),
(1172, 11, 24, 70, 10),
(1173, 10, 24, 22, 10),
(1174, 11, 24, 51, 10),
(1175, 10, 24, 44, 10),
(1176, 11, 24, 71, 10),
(1177, 10, 24, 73, 10),
(1178, 10, 24, 77, 10),
(1179, 10, 24, 46, 10),
(1180, 11, 24, 100, 10),
(1181, 10, 24, 16, 10),
(1182, 11, 24, 48, 10),
(1183, 10, 24, 26, 10),
(1184, 11, 24, 4, 10),
(1185, 11, 24, 29, 11),
(1186, 11, 24, 99, 11),
(1187, 10, 24, 39, 11),
(1188, 10, 24, 58, 11),
(1189, 11, 24, 80, 11),
(1190, 11, 24, 9, 11),
(1191, 10, 24, 71, 11),
(1192, 11, 24, 25, 11),
(1193, 11, 24, 32, 11),
(1194, 10, 24, 47, 11),
(1195, 11, 24, 96, 11),
(1196, 10, 24, 16, 11),
(1197, 10, 24, 6, 11),
(1198, 11, 24, 73, 11),
(1199, 10, 24, 65, 11),
(1200, 11, 24, 23, 11),
(1201, 11, 24, 79, 11),
(1202, 10, 24, 59, 11),
(1203, 10, 24, 74, 11),
(1204, 10, 24, 45, 11),
(1205, 10, 24, 66, 11),
(1206, 11, 24, 94, 11),
(1207, 10, 24, 5, 11),
(1208, 11, 24, 97, 11),
(1209, 11, 24, 13, 11),
(1210, 10, 24, 18, 11),
(1211, 11, 24, 30, 11),
(1212, 11, 24, 24, 11),
(1213, 10, 24, 21, 11),
(1214, 11, 24, 77, 11),
(1215, 10, 24, 46, 11),
(1216, 10, 24, 91, 11),
(1217, 11, 24, 22, 11),
(1218, 10, 24, 100, 11),
(1219, 11, 24, 28, 11),
(1220, 11, 24, 3, 11),
(1221, 10, 24, 50, 11),
(1222, 11, 24, 92, 11),
(1223, 10, 24, 53, 11),
(1224, 10, 24, 38, 11),
(1225, 11, 24, 55, 11),
(1226, 10, 24, 36, 11),
(1227, 10, 24, 83, 11),
(1228, 11, 24, 52, 11),
(1229, 10, 24, 49, 11),
(1230, 10, 24, 69, 11),
(1231, 11, 24, 48, 11),
(1232, 10, 24, 76, 11),
(1233, 11, 24, 85, 11),
(1234, 11, 24, 17, 11),
(1235, 11, 24, 86, 11),
(1236, 11, 24, 64, 11),
(1237, 10, 24, 34, 11),
(1238, 11, 24, 2, 11),
(1239, 10, 24, 51, 11),
(1240, 11, 24, 8, 11),
(1241, 11, 24, 67, 11),
(1242, 10, 24, 98, 11),
(1243, 11, 24, 78, 11),
(1244, 10, 24, 35, 11),
(1245, 11, 24, 63, 11),
(1246, 11, 24, 40, 11),
(1247, 10, 24, 14, 11),
(1248, 11, 24, 90, 11),
(1249, 11, 24, 88, 11),
(1250, 10, 24, 27, 11),
(1251, 10, 24, 62, 11),
(1252, 10, 24, 72, 11),
(1253, 11, 24, 1, 11),
(1254, 10, 24, 61, 11),
(1255, 10, 24, 81, 11),
(1256, 10, 24, 10, 11),
(1257, 10, 24, 33, 11),
(1258, 10, 24, 87, 11),
(1259, 11, 24, 42, 11),
(1260, 10, 24, 93, 11),
(1261, 10, 24, 82, 11),
(1262, 10, 24, 43, 11),
(1263, 11, 24, 84, 11),
(1264, 11, 24, 54, 11),
(1265, 11, 24, 20, 11),
(1266, 10, 24, 56, 11),
(1267, 11, 24, 70, 11),
(1268, 10, 24, 19, 11),
(1269, 11, 24, 60, 11),
(1270, 10, 24, 26, 11),
(1271, 10, 24, 75, 11),
(1272, 11, 24, 44, 11),
(1273, 11, 24, 57, 11),
(1274, 11, 24, 37, 11),
(1275, 11, 24, 7, 11),
(1276, 11, 24, 89, 11),
(1277, 11, 24, 11, 11),
(1278, 11, 24, 95, 11),
(1279, 11, 24, 15, 11),
(1280, 10, 24, 4, 11),
(1281, 10, 24, 12, 11),
(1282, 11, 24, 41, 11),
(1283, 11, 24, 60, 12),
(1284, 11, 24, 68, 12),
(1285, 11, 24, 44, 12),
(1286, 11, 24, 75, 12),
(1287, 11, 24, 20, 12),
(1288, 11, 24, 35, 12),
(1289, 11, 24, 34, 12),
(1290, 11, 24, 29, 12),
(1291, 10, 24, 58, 12),
(1292, 10, 24, 96, 12),
(1293, 10, 24, 42, 12),
(1294, 11, 24, 81, 12),
(1295, 10, 24, 94, 12),
(1296, 11, 24, 15, 12),
(1297, 10, 24, 17, 12),
(1298, 11, 24, 1, 12),
(1299, 10, 24, 71, 12),
(1300, 11, 24, 52, 12),
(1301, 10, 24, 50, 12),
(1302, 10, 24, 53, 12),
(1303, 10, 24, 57, 12),
(1304, 11, 24, 72, 12),
(1305, 11, 24, 82, 12),
(1306, 10, 24, 45, 12),
(1307, 10, 24, 19, 12),
(1308, 10, 24, 54, 12),
(1309, 10, 24, 3, 12),
(1310, 10, 24, 97, 12),
(1311, 11, 24, 37, 12),
(1312, 11, 24, 80, 12),
(1313, 11, 24, 8, 12),
(1314, 10, 24, 12, 12),
(1315, 11, 24, 14, 12),
(1316, 10, 24, 28, 12),
(1317, 10, 24, 64, 12),
(1318, 11, 24, 55, 12),
(1319, 11, 24, 70, 12),
(1320, 10, 24, 16, 12),
(1321, 10, 24, 88, 12),
(1322, 10, 24, 87, 12),
(1323, 10, 24, 67, 12),
(1324, 10, 24, 38, 12),
(1325, 11, 24, 73, 12),
(1326, 10, 24, 26, 12),
(1327, 11, 24, 46, 12),
(1328, 10, 24, 40, 12),
(1329, 11, 24, 18, 12),
(1330, 11, 24, 21, 12),
(1331, 11, 24, 47, 12),
(1332, 11, 24, 77, 12),
(1333, 11, 24, 6, 12),
(1334, 10, 24, 89, 12),
(1335, 10, 24, 78, 12),
(1336, 11, 24, 48, 12),
(1337, 10, 24, 69, 12),
(1338, 10, 24, 51, 12),
(1339, 10, 24, 84, 12),
(1340, 11, 24, 5, 12),
(1341, 10, 24, 33, 12),
(1342, 11, 24, 32, 12),
(1343, 11, 24, 41, 12),
(1344, 10, 24, 39, 12),
(1345, 11, 24, 91, 12),
(1346, 11, 24, 10, 12),
(1347, 10, 24, 43, 12),
(1348, 10, 24, 59, 12),
(1349, 11, 24, 62, 12),
(1350, 11, 24, 92, 12),
(1351, 10, 24, 25, 12),
(1352, 11, 24, 2, 12),
(1353, 10, 24, 98, 12),
(1354, 11, 24, 4, 12),
(1355, 10, 24, 27, 12),
(1356, 11, 24, 99, 12),
(1357, 11, 24, 63, 12),
(1358, 11, 24, 90, 12),
(1359, 11, 24, 93, 12),
(1360, 10, 24, 74, 12),
(1361, 11, 24, 86, 12),
(1362, 11, 24, 9, 12),
(1363, 10, 24, 76, 12),
(1364, 10, 24, 66, 12),
(1365, 11, 24, 56, 12),
(1366, 11, 24, 22, 12),
(1367, 10, 24, 36, 12),
(1368, 11, 24, 11, 12),
(1369, 10, 24, 23, 12),
(1370, 11, 24, 49, 12),
(1371, 11, 24, 61, 12),
(1372, 11, 24, 30, 12),
(1373, 10, 24, 100, 12),
(1374, 11, 24, 65, 12),
(1375, 10, 24, 95, 12),
(1376, 10, 24, 85, 12),
(1377, 11, 24, 13, 12),
(1378, 11, 24, 24, 12),
(1379, 10, 24, 7, 12),
(1380, 10, 24, 83, 12),
(1381, 11, 24, 91, 13),
(1382, 11, 24, 30, 13),
(1383, 11, 24, 49, 13),
(1384, 10, 24, 84, 13),
(1385, 11, 24, 35, 13),
(1386, 10, 24, 13, 13),
(1387, 11, 24, 46, 13),
(1388, 11, 24, 96, 13),
(1389, 11, 24, 41, 13),
(1390, 10, 24, 17, 13),
(1391, 11, 24, 70, 13),
(1392, 11, 24, 20, 13),
(1393, 11, 24, 77, 13),
(1394, 11, 24, 93, 13),
(1395, 11, 24, 74, 13),
(1396, 11, 24, 80, 13),
(1397, 11, 24, 71, 13),
(1398, 10, 24, 31, 13),
(1399, 10, 24, 7, 13),
(1400, 11, 24, 1, 13),
(1401, 11, 24, 53, 13),
(1402, 11, 24, 15, 13),
(1403, 10, 24, 52, 13),
(1404, 10, 24, 99, 13),
(1405, 11, 24, 65, 13),
(1406, 10, 24, 90, 13),
(1407, 11, 24, 43, 13),
(1408, 11, 24, 69, 13),
(1409, 11, 24, 63, 13),
(1410, 11, 24, 37, 13),
(1411, 10, 24, 88, 13),
(1412, 11, 24, 55, 13),
(1413, 10, 24, 76, 13),
(1414, 10, 24, 16, 13),
(1415, 10, 24, 60, 13),
(1416, 10, 24, 75, 13),
(1417, 10, 24, 22, 13),
(1418, 10, 24, 44, 13),
(1419, 11, 24, 27, 13),
(1420, 11, 24, 8, 13),
(1421, 11, 24, 67, 13),
(1422, 10, 24, 23, 13),
(1423, 11, 24, 82, 13),
(1424, 11, 24, 6, 13),
(1425, 11, 24, 5, 13),
(1426, 10, 24, 14, 13),
(1427, 11, 24, 45, 13),
(1428, 10, 24, 12, 13),
(1429, 11, 24, 81, 13),
(1430, 10, 24, 78, 13),
(1431, 10, 24, 32, 13),
(1432, 10, 24, 19, 13),
(1433, 11, 24, 94, 13),
(1434, 10, 24, 11, 13),
(1435, 11, 24, 98, 13),
(1436, 11, 24, 18, 13),
(1437, 11, 24, 100, 13),
(1438, 11, 24, 4, 13),
(1439, 10, 24, 50, 13),
(1440, 11, 24, 66, 13),
(1441, 11, 24, 26, 13),
(1442, 10, 24, 87, 13),
(1443, 11, 24, 89, 13),
(1444, 10, 24, 61, 13),
(1445, 11, 24, 39, 13),
(1446, 11, 24, 9, 13),
(1447, 11, 24, 36, 13),
(1448, 10, 24, 59, 13),
(1449, 11, 24, 51, 13),
(1450, 10, 24, 40, 13),
(1451, 10, 24, 57, 13),
(1452, 10, 24, 72, 13),
(1453, 10, 24, 58, 13),
(1454, 10, 24, 34, 13),
(1455, 11, 24, 47, 13),
(1456, 10, 24, 56, 13),
(1457, 11, 24, 2, 13),
(1458, 11, 24, 62, 13),
(1459, 10, 24, 42, 13),
(1460, 11, 24, 29, 13),
(1461, 11, 24, 48, 13),
(1462, 10, 24, 86, 13),
(1463, 10, 24, 85, 13),
(1464, 11, 24, 33, 13),
(1465, 10, 24, 64, 13),
(1466, 11, 24, 83, 13),
(1467, 11, 24, 10, 13),
(1468, 10, 24, 25, 13),
(1469, 11, 24, 68, 13),
(1470, 11, 24, 3, 13),
(1471, 11, 24, 54, 13),
(1472, 11, 24, 38, 13),
(1473, 10, 24, 92, 13),
(1474, 10, 24, 95, 13),
(1475, 10, 24, 73, 13),
(1476, 10, 24, 97, 13),
(1477, 11, 24, 24, 13),
(1478, 11, 24, 28, 13),
(1479, 10, 24, 74, 14),
(1480, 11, 24, 64, 14),
(1481, 11, 24, 100, 14),
(1482, 10, 24, 70, 14),
(1483, 11, 24, 73, 14),
(1484, 11, 24, 91, 14),
(1485, 10, 24, 55, 14),
(1486, 11, 24, 79, 14),
(1487, 10, 24, 10, 14),
(1488, 11, 24, 80, 14),
(1489, 10, 24, 27, 14),
(1490, 10, 24, 32, 14),
(1491, 11, 24, 25, 14),
(1492, 10, 24, 21, 14),
(1493, 11, 24, 8, 14),
(1494, 10, 24, 39, 14),
(1495, 11, 24, 89, 14),
(1496, 11, 24, 34, 14),
(1497, 10, 24, 69, 14),
(1498, 10, 24, 87, 14),
(1499, 11, 24, 72, 14),
(1500, 11, 24, 1, 14),
(1501, 11, 24, 45, 14),
(1502, 10, 24, 17, 14),
(1503, 10, 24, 57, 14),
(1504, 11, 24, 9, 14),
(1505, 11, 24, 47, 14),
(1506, 11, 24, 41, 14),
(1507, 11, 24, 12, 14),
(1508, 11, 24, 23, 14),
(1509, 10, 24, 5, 14),
(1510, 10, 24, 82, 14),
(1511, 11, 24, 71, 14),
(1512, 10, 24, 78, 14),
(1513, 10, 24, 11, 14),
(1514, 10, 24, 33, 14),
(1515, 11, 24, 54, 14),
(1516, 10, 24, 65, 14),
(1517, 11, 24, 61, 14),
(1518, 10, 24, 22, 14),
(1519, 10, 24, 35, 14),
(1520, 11, 24, 3, 14),
(1521, 10, 24, 99, 14),
(1522, 11, 24, 75, 14),
(1523, 11, 24, 68, 14),
(1524, 10, 24, 15, 14),
(1525, 11, 24, 30, 14),
(1526, 10, 24, 96, 14),
(1527, 11, 24, 18, 14),
(1528, 11, 24, 58, 14),
(1529, 11, 24, 86, 14),
(1530, 10, 24, 63, 14),
(1531, 11, 24, 42, 14),
(1532, 11, 24, 77, 14),
(1533, 10, 24, 46, 14),
(1534, 10, 24, 48, 14),
(1535, 11, 24, 81, 14),
(1536, 11, 24, 28, 14),
(1537, 11, 24, 40, 14),
(1538, 10, 24, 52, 14),
(1539, 10, 24, 38, 14),
(1540, 10, 24, 16, 14),
(1541, 10, 24, 59, 14),
(1542, 11, 24, 53, 14),
(1543, 10, 24, 56, 14),
(1544, 11, 24, 97, 14),
(1545, 10, 24, 29, 14),
(1546, 11, 24, 62, 14),
(1547, 10, 24, 85, 14),
(1548, 11, 24, 49, 14),
(1549, 11, 24, 26, 14),
(1550, 11, 24, 24, 14),
(1551, 10, 24, 98, 14),
(1552, 11, 24, 90, 14),
(1553, 11, 24, 76, 14),
(1554, 11, 24, 44, 14),
(1555, 11, 24, 37, 14),
(1556, 10, 24, 88, 14),
(1557, 10, 24, 7, 14),
(1558, 10, 24, 13, 14),
(1559, 11, 24, 43, 14),
(1560, 11, 24, 14, 14),
(1561, 11, 24, 19, 14),
(1562, 11, 24, 92, 14),
(1563, 11, 24, 95, 14),
(1564, 10, 24, 50, 14),
(1565, 11, 24, 36, 14),
(1566, 10, 24, 51, 14),
(1567, 10, 24, 83, 14),
(1568, 11, 24, 84, 14),
(1569, 11, 24, 20, 14),
(1570, 11, 24, 60, 14),
(1571, 10, 24, 2, 14),
(1572, 11, 24, 6, 14),
(1573, 10, 24, 93, 14),
(1574, 11, 24, 67, 14),
(1575, 11, 24, 4, 14),
(1576, 11, 24, 31, 14),
(1577, 10, 24, 59, 15),
(1578, 11, 24, 22, 15),
(1579, 10, 24, 7, 15),
(1580, 11, 24, 26, 15),
(1581, 11, 24, 54, 15),
(1582, 11, 24, 49, 15),
(1583, 11, 24, 42, 15),
(1584, 10, 24, 62, 15),
(1585, 10, 24, 80, 15),
(1586, 10, 24, 74, 15),
(1587, 11, 24, 32, 15),
(1588, 11, 24, 67, 15),
(1589, 11, 24, 72, 15),
(1590, 10, 24, 34, 15),
(1591, 11, 24, 95, 15),
(1592, 11, 24, 4, 15),
(1593, 11, 24, 86, 15),
(1594, 11, 24, 10, 15),
(1595, 10, 24, 15, 15),
(1596, 10, 24, 30, 15),
(1597, 11, 24, 63, 15),
(1598, 11, 24, 12, 15),
(1599, 11, 24, 77, 15),
(1600, 10, 24, 66, 15),
(1601, 11, 24, 75, 15),
(1602, 11, 24, 85, 15),
(1603, 10, 24, 84, 15),
(1604, 11, 24, 69, 15),
(1605, 10, 24, 57, 15),
(1606, 10, 24, 6, 15),
(1607, 11, 24, 16, 15),
(1608, 11, 24, 33, 15),
(1609, 10, 24, 83, 15),
(1610, 10, 24, 93, 15),
(1611, 10, 24, 47, 15),
(1612, 11, 24, 23, 15),
(1613, 11, 24, 5, 15),
(1614, 10, 24, 35, 15),
(1615, 11, 24, 58, 15),
(1616, 10, 24, 37, 15),
(1617, 10, 24, 41, 15),
(1618, 11, 24, 38, 15),
(1619, 11, 24, 36, 15),
(1620, 10, 24, 89, 15),
(1621, 11, 24, 76, 15),
(1622, 11, 24, 1, 15),
(1623, 10, 24, 73, 15),
(1624, 11, 24, 29, 15),
(1625, 10, 24, 79, 15),
(1626, 11, 24, 20, 15),
(1627, 11, 24, 40, 15),
(1628, 10, 24, 92, 15),
(1629, 10, 24, 39, 15),
(1630, 11, 24, 14, 15),
(1631, 10, 24, 60, 15),
(1632, 11, 24, 91, 15),
(1633, 11, 24, 21, 15),
(1634, 10, 24, 88, 15),
(1635, 10, 24, 51, 15),
(1636, 10, 24, 43, 15),
(1637, 11, 24, 68, 15),
(1638, 11, 24, 70, 15),
(1639, 11, 24, 71, 15),
(1640, 11, 24, 31, 15),
(1641, 10, 24, 99, 15),
(1642, 11, 24, 28, 15),
(1643, 10, 24, 2, 15),
(1644, 10, 24, 78, 15),
(1645, 10, 24, 82, 15),
(1646, 10, 24, 64, 15),
(1647, 10, 24, 56, 15),
(1648, 11, 24, 100, 15),
(1649, 11, 24, 11, 15),
(1650, 11, 24, 48, 15),
(1651, 10, 24, 24, 15),
(1652, 11, 24, 9, 15),
(1653, 10, 24, 3, 15),
(1654, 11, 24, 65, 15),
(1655, 11, 24, 96, 15),
(1656, 11, 24, 53, 15),
(1657, 11, 24, 81, 15),
(1658, 11, 24, 19, 15),
(1659, 11, 24, 17, 15),
(1660, 10, 24, 55, 15),
(1661, 10, 24, 13, 15),
(1662, 10, 24, 94, 15),
(1663, 10, 24, 25, 15),
(1664, 11, 24, 46, 15),
(1665, 11, 24, 18, 15),
(1666, 11, 24, 87, 15),
(1667, 11, 24, 98, 15),
(1668, 10, 24, 97, 15),
(1669, 11, 24, 90, 15),
(1670, 11, 24, 45, 15),
(1671, 11, 24, 27, 15),
(1672, 11, 24, 52, 15),
(1673, 10, 24, 44, 15),
(1674, 11, 24, 50, 15),
(1675, 10, 24, 87, 16),
(1676, 10, 24, 26, 16),
(1677, 11, 24, 97, 16),
(1678, 10, 24, 84, 16),
(1679, 11, 24, 79, 16),
(1680, 10, 24, 55, 16),
(1681, 11, 24, 48, 16),
(1682, 11, 24, 16, 16),
(1683, 10, 24, 1, 16),
(1684, 10, 24, 54, 16),
(1685, 10, 24, 65, 16),
(1686, 10, 24, 25, 16),
(1687, 11, 24, 41, 16),
(1688, 11, 24, 86, 16),
(1689, 10, 24, 68, 16),
(1690, 11, 24, 20, 16),
(1691, 10, 24, 40, 16),
(1692, 10, 24, 31, 16),
(1693, 10, 24, 95, 16),
(1694, 11, 24, 4, 16),
(1695, 11, 24, 18, 16),
(1696, 11, 24, 90, 16),
(1697, 11, 24, 70, 16),
(1698, 11, 24, 67, 16),
(1699, 11, 24, 23, 16),
(1700, 10, 24, 59, 16),
(1701, 10, 24, 72, 16),
(1702, 10, 24, 6, 16),
(1703, 10, 24, 39, 16),
(1704, 10, 24, 29, 16),
(1705, 11, 24, 8, 16),
(1706, 11, 24, 14, 16),
(1707, 11, 24, 42, 16),
(1708, 10, 24, 83, 16),
(1709, 11, 24, 85, 16),
(1710, 10, 24, 93, 16),
(1711, 11, 24, 74, 16),
(1712, 10, 24, 47, 16),
(1713, 11, 24, 98, 16),
(1714, 11, 24, 17, 16),
(1715, 11, 24, 80, 16),
(1716, 10, 24, 61, 16),
(1717, 11, 24, 50, 16),
(1718, 11, 24, 27, 16),
(1719, 11, 24, 89, 16),
(1720, 10, 24, 24, 16),
(1721, 10, 24, 100, 16),
(1722, 11, 24, 10, 16),
(1723, 11, 24, 75, 16),
(1724, 10, 24, 64, 16),
(1725, 11, 24, 73, 16),
(1726, 10, 24, 19, 16),
(1727, 11, 24, 7, 16),
(1728, 10, 24, 30, 16),
(1729, 11, 24, 88, 16),
(1730, 11, 24, 66, 16),
(1731, 11, 24, 78, 16),
(1732, 11, 24, 2, 16),
(1733, 10, 24, 56, 16),
(1734, 11, 24, 96, 16),
(1735, 10, 24, 12, 16),
(1736, 11, 24, 52, 16),
(1737, 11, 24, 76, 16),
(1738, 10, 24, 58, 16),
(1739, 10, 24, 91, 16),
(1740, 10, 24, 11, 16),
(1741, 11, 24, 32, 16),
(1742, 10, 24, 3, 16),
(1743, 11, 24, 13, 16),
(1744, 11, 24, 57, 16),
(1745, 10, 24, 81, 16),
(1746, 11, 24, 37, 16),
(1747, 11, 24, 45, 16),
(1748, 11, 24, 33, 16),
(1749, 11, 24, 49, 16),
(1750, 11, 24, 34, 16),
(1751, 10, 24, 36, 16),
(1752, 10, 24, 38, 16),
(1753, 10, 24, 35, 16),
(1754, 10, 24, 94, 16),
(1755, 11, 24, 63, 16),
(1756, 11, 24, 82, 16),
(1757, 10, 24, 69, 16),
(1758, 10, 24, 62, 16),
(1759, 11, 24, 51, 16),
(1760, 11, 24, 28, 16),
(1761, 10, 24, 44, 16),
(1762, 10, 24, 77, 16),
(1763, 10, 24, 21, 16),
(1764, 11, 24, 71, 16),
(1765, 10, 24, 53, 16),
(1766, 10, 24, 60, 16),
(1767, 11, 24, 9, 16),
(1768, 11, 24, 99, 16),
(1769, 10, 24, 15, 16),
(1770, 10, 24, 22, 16),
(1771, 11, 24, 92, 16),
(1772, 10, 24, 43, 16),
(1773, 11, 24, 2, 17),
(1774, 11, 24, 66, 17),
(1775, 10, 24, 60, 17),
(1776, 11, 24, 26, 17),
(1777, 11, 24, 58, 17),
(1778, 10, 24, 36, 17),
(1779, 11, 24, 71, 17),
(1780, 10, 24, 47, 17),
(1781, 11, 24, 10, 17),
(1782, 10, 24, 85, 17),
(1783, 11, 24, 45, 17),
(1784, 11, 24, 22, 17),
(1785, 10, 24, 74, 17),
(1786, 11, 24, 55, 17),
(1787, 11, 24, 86, 17),
(1788, 10, 24, 1, 17),
(1789, 11, 24, 76, 17),
(1790, 10, 24, 84, 17),
(1791, 10, 24, 35, 17),
(1792, 11, 24, 18, 17),
(1793, 10, 24, 53, 17),
(1794, 10, 24, 11, 17),
(1795, 11, 24, 17, 17),
(1796, 11, 24, 24, 17),
(1797, 11, 24, 14, 17),
(1798, 11, 24, 21, 17),
(1799, 11, 24, 67, 17),
(1800, 11, 24, 23, 17),
(1801, 10, 24, 65, 17),
(1802, 11, 24, 77, 17),
(1803, 10, 24, 99, 17),
(1804, 10, 24, 43, 17),
(1805, 10, 24, 52, 17),
(1806, 10, 24, 28, 17),
(1807, 10, 24, 96, 17),
(1808, 10, 24, 31, 17),
(1809, 10, 24, 68, 17),
(1810, 11, 24, 40, 17),
(1811, 10, 24, 37, 17),
(1812, 10, 24, 38, 17),
(1813, 10, 24, 20, 17),
(1814, 10, 24, 69, 17),
(1815, 10, 24, 75, 17),
(1816, 11, 24, 25, 17),
(1817, 11, 24, 9, 17),
(1818, 10, 24, 44, 17),
(1819, 10, 24, 83, 17),
(1820, 11, 24, 82, 17),
(1821, 11, 24, 3, 17),
(1822, 10, 24, 30, 17),
(1823, 10, 24, 98, 17),
(1824, 11, 24, 90, 17),
(1825, 11, 24, 8, 17),
(1826, 11, 24, 81, 17),
(1827, 11, 24, 29, 17),
(1828, 10, 24, 51, 17),
(1829, 11, 24, 88, 17),
(1830, 11, 24, 39, 17),
(1831, 11, 24, 62, 17),
(1832, 11, 24, 78, 17),
(1833, 11, 24, 13, 17),
(1834, 10, 24, 48, 17),
(1835, 11, 24, 50, 17),
(1836, 11, 24, 79, 17),
(1837, 10, 24, 32, 17),
(1838, 10, 24, 46, 17),
(1839, 10, 24, 12, 17),
(1840, 10, 24, 56, 17),
(1841, 11, 24, 4, 17),
(1842, 11, 24, 5, 17),
(1843, 11, 24, 41, 17),
(1844, 10, 24, 57, 17),
(1845, 10, 24, 61, 17),
(1846, 10, 24, 34, 17),
(1847, 10, 24, 59, 17),
(1848, 11, 24, 16, 17),
(1849, 11, 24, 33, 17),
(1850, 10, 24, 63, 17),
(1851, 11, 24, 54, 17),
(1852, 10, 24, 91, 17),
(1853, 11, 24, 27, 17),
(1854, 11, 24, 95, 17),
(1855, 10, 24, 42, 17),
(1856, 11, 24, 80, 17),
(1857, 10, 24, 87, 17),
(1858, 10, 24, 94, 17),
(1859, 11, 24, 70, 17),
(1860, 11, 24, 73, 17),
(1861, 10, 24, 49, 17),
(1862, 11, 24, 92, 17),
(1863, 10, 24, 15, 17),
(1864, 11, 24, 89, 17),
(1865, 10, 24, 72, 17),
(1866, 11, 24, 97, 17),
(1867, 11, 24, 19, 17),
(1868, 10, 24, 93, 17),
(1869, 10, 24, 7, 17),
(1870, 10, 24, 64, 17),
(1871, 11, 24, 45, 18),
(1872, 10, 24, 57, 18),
(1873, 10, 24, 46, 18),
(1874, 11, 24, 63, 18),
(1875, 11, 24, 22, 18),
(1876, 10, 24, 62, 18),
(1877, 10, 24, 56, 18),
(1878, 11, 24, 59, 18),
(1879, 11, 24, 74, 18),
(1880, 10, 24, 87, 18),
(1881, 11, 24, 72, 18),
(1882, 10, 24, 85, 18),
(1883, 11, 24, 77, 18),
(1884, 11, 24, 38, 18),
(1885, 10, 24, 11, 18),
(1886, 11, 24, 23, 18),
(1887, 10, 24, 69, 18),
(1888, 10, 24, 4, 18),
(1889, 10, 24, 50, 18),
(1890, 11, 24, 54, 18),
(1891, 11, 24, 96, 18),
(1892, 11, 24, 53, 18),
(1893, 11, 24, 1, 18),
(1894, 11, 24, 42, 18),
(1895, 11, 24, 41, 18),
(1896, 11, 24, 61, 18),
(1897, 11, 24, 21, 18),
(1898, 11, 24, 28, 18),
(1899, 11, 24, 14, 18),
(1900, 10, 24, 73, 18),
(1901, 11, 24, 40, 18),
(1902, 10, 24, 26, 18),
(1903, 11, 24, 13, 18),
(1904, 10, 24, 48, 18),
(1905, 10, 24, 100, 18),
(1906, 10, 24, 86, 18),
(1907, 11, 24, 36, 18),
(1908, 11, 24, 64, 18),
(1909, 11, 24, 83, 18),
(1910, 10, 24, 71, 18),
(1911, 10, 24, 68, 18),
(1912, 10, 24, 67, 18),
(1913, 11, 24, 58, 18),
(1914, 11, 24, 25, 18),
(1915, 11, 24, 89, 18),
(1916, 10, 24, 55, 18),
(1917, 11, 24, 2, 18),
(1918, 10, 24, 79, 18),
(1919, 11, 24, 84, 18),
(1920, 10, 24, 49, 18),
(1921, 11, 24, 81, 18),
(1922, 10, 24, 10, 18),
(1923, 10, 24, 78, 18),
(1924, 10, 24, 92, 18),
(1925, 10, 24, 82, 18),
(1926, 10, 24, 9, 18),
(1927, 10, 24, 19, 18),
(1928, 11, 24, 35, 18),
(1929, 11, 24, 16, 18),
(1930, 11, 24, 24, 18),
(1931, 11, 24, 93, 18),
(1932, 10, 24, 30, 18),
(1933, 10, 24, 88, 18),
(1934, 11, 24, 66, 18),
(1935, 10, 24, 47, 18),
(1936, 11, 24, 39, 18),
(1937, 11, 24, 8, 18),
(1938, 11, 24, 31, 18),
(1939, 10, 24, 37, 18),
(1940, 10, 24, 51, 18),
(1941, 11, 24, 29, 18),
(1942, 10, 24, 60, 18),
(1943, 10, 24, 95, 18),
(1944, 10, 24, 97, 18),
(1945, 11, 24, 91, 18),
(1946, 11, 24, 32, 18),
(1947, 10, 24, 80, 18),
(1948, 10, 24, 43, 18),
(1949, 10, 24, 98, 18),
(1950, 10, 24, 75, 18),
(1951, 10, 24, 3, 18),
(1952, 11, 24, 12, 18),
(1953, 11, 24, 65, 18),
(1954, 10, 24, 34, 18),
(1955, 11, 24, 15, 18),
(1956, 11, 24, 70, 18),
(1957, 10, 24, 76, 18),
(1958, 10, 24, 44, 18),
(1959, 11, 24, 6, 18),
(1960, 10, 24, 7, 18),
(1961, 10, 24, 52, 18),
(1962, 10, 24, 5, 18),
(1963, 10, 24, 27, 18),
(1964, 11, 24, 33, 18),
(1965, 11, 24, 90, 18),
(1966, 10, 24, 17, 18),
(1967, 11, 24, 20, 18),
(1968, 10, 24, 94, 18),
(1969, 11, 24, 39, 19),
(1970, 11, 24, 15, 19),
(1971, 10, 24, 89, 19),
(1972, 10, 24, 64, 19),
(1973, 10, 24, 72, 19),
(1974, 11, 24, 40, 19),
(1975, 10, 24, 70, 19),
(1976, 11, 24, 2, 19),
(1977, 10, 24, 18, 19),
(1978, 11, 24, 37, 19),
(1979, 11, 24, 67, 19),
(1980, 10, 24, 8, 19),
(1981, 10, 24, 7, 19),
(1982, 10, 24, 77, 19),
(1983, 11, 24, 52, 19),
(1984, 11, 24, 94, 19),
(1985, 10, 24, 55, 19),
(1986, 11, 24, 6, 19),
(1987, 10, 24, 36, 19),
(1988, 11, 24, 33, 19),
(1989, 11, 24, 85, 19),
(1990, 11, 24, 26, 19),
(1991, 10, 24, 98, 19),
(1992, 10, 24, 44, 19),
(1993, 11, 24, 91, 19),
(1994, 11, 24, 75, 19),
(1995, 11, 24, 84, 19),
(1996, 11, 24, 76, 19),
(1997, 11, 24, 27, 19),
(1998, 10, 24, 69, 19),
(1999, 11, 24, 13, 19),
(2000, 10, 24, 1, 19),
(2001, 10, 24, 32, 19),
(2002, 10, 24, 80, 19),
(2003, 11, 24, 11, 19),
(2004, 10, 24, 61, 19),
(2005, 10, 24, 59, 19),
(2006, 10, 24, 88, 19),
(2007, 10, 24, 31, 19),
(2008, 10, 24, 86, 19),
(2009, 10, 24, 100, 19),
(2010, 11, 24, 54, 19),
(2011, 10, 24, 38, 19),
(2012, 11, 24, 56, 19),
(2013, 10, 24, 22, 19),
(2014, 10, 24, 30, 19),
(2015, 10, 24, 41, 19),
(2016, 10, 24, 49, 19),
(2017, 11, 24, 68, 19),
(2018, 10, 24, 83, 19),
(2019, 10, 24, 81, 19),
(2020, 10, 24, 43, 19),
(2021, 11, 24, 96, 19),
(2022, 11, 24, 25, 19),
(2023, 11, 24, 24, 19),
(2024, 10, 24, 93, 19),
(2025, 10, 24, 78, 19),
(2026, 10, 24, 9, 19),
(2027, 11, 24, 51, 19),
(2028, 11, 24, 74, 19),
(2029, 10, 24, 79, 19),
(2030, 10, 24, 28, 19),
(2031, 10, 24, 82, 19),
(2032, 11, 24, 95, 19),
(2033, 10, 24, 57, 19),
(2034, 11, 24, 35, 19),
(2035, 10, 24, 46, 19),
(2036, 11, 24, 48, 19),
(2037, 11, 24, 97, 19),
(2038, 10, 24, 73, 19),
(2039, 10, 24, 14, 19),
(2040, 10, 24, 29, 19),
(2041, 10, 24, 63, 19),
(2042, 11, 24, 5, 19),
(2043, 10, 24, 66, 19),
(2044, 11, 24, 99, 19),
(2045, 11, 24, 71, 19),
(2046, 11, 24, 20, 19),
(2047, 11, 24, 47, 19),
(2048, 10, 24, 53, 19),
(2049, 11, 24, 45, 19),
(2050, 10, 24, 12, 19),
(2051, 10, 24, 19, 19),
(2052, 11, 24, 90, 19),
(2053, 10, 24, 58, 19),
(2054, 11, 24, 4, 19),
(2055, 11, 24, 23, 19),
(2056, 11, 24, 16, 19),
(2057, 10, 24, 21, 19),
(2058, 11, 24, 10, 19),
(2059, 10, 24, 3, 19),
(2060, 10, 24, 92, 19),
(2061, 10, 24, 34, 19),
(2062, 11, 24, 50, 19),
(2063, 10, 24, 60, 19),
(2064, 10, 24, 62, 19),
(2065, 10, 24, 42, 19),
(2066, 11, 24, 65, 19),
(2067, 11, 24, 74, 20),
(2068, 11, 24, 63, 20),
(2069, 11, 24, 68, 20),
(2070, 10, 24, 95, 20),
(2071, 10, 24, 48, 20),
(2072, 10, 24, 55, 20),
(2073, 11, 24, 23, 20),
(2074, 10, 24, 12, 20),
(2075, 10, 24, 20, 20),
(2076, 11, 24, 32, 20),
(2077, 10, 24, 9, 20),
(2078, 11, 24, 83, 20),
(2079, 10, 24, 5, 20),
(2080, 11, 24, 72, 20),
(2081, 11, 24, 80, 20),
(2082, 11, 24, 2, 20),
(2083, 11, 24, 44, 20),
(2084, 10, 24, 40, 20),
(2085, 11, 24, 10, 20),
(2086, 11, 24, 43, 20),
(2087, 10, 24, 86, 20),
(2088, 11, 24, 50, 20),
(2089, 10, 24, 75, 20),
(2090, 10, 24, 52, 20),
(2091, 10, 24, 73, 20),
(2092, 11, 24, 33, 20),
(2093, 11, 24, 49, 20),
(2094, 10, 24, 87, 20),
(2095, 11, 24, 42, 20),
(2096, 11, 24, 19, 20),
(2097, 10, 24, 30, 20),
(2098, 11, 24, 70, 20),
(2099, 11, 24, 59, 20),
(2100, 10, 24, 77, 20),
(2101, 10, 24, 54, 20),
(2102, 11, 24, 96, 20),
(2103, 11, 24, 71, 20),
(2104, 10, 24, 11, 20),
(2105, 11, 24, 57, 20),
(2106, 11, 24, 26, 20),
(2107, 11, 24, 21, 20),
(2108, 11, 24, 35, 20),
(2109, 10, 24, 7, 20),
(2110, 10, 24, 14, 20),
(2111, 11, 24, 46, 20),
(2112, 11, 24, 92, 20),
(2113, 11, 24, 91, 20),
(2114, 10, 24, 84, 20),
(2115, 11, 24, 88, 20),
(2116, 11, 24, 65, 20),
(2117, 10, 24, 45, 20),
(2118, 10, 24, 38, 20),
(2119, 10, 24, 41, 20),
(2120, 11, 24, 15, 20),
(2121, 11, 24, 47, 20),
(2122, 10, 24, 4, 20),
(2123, 11, 24, 56, 20),
(2124, 10, 24, 60, 20),
(2125, 10, 24, 18, 20),
(2126, 11, 24, 29, 20),
(2127, 11, 24, 31, 20),
(2128, 11, 24, 94, 20),
(2129, 11, 24, 25, 20),
(2130, 11, 24, 6, 20),
(2131, 10, 24, 76, 20),
(2132, 10, 24, 1, 20),
(2133, 10, 24, 89, 20),
(2134, 10, 24, 61, 20),
(2135, 10, 24, 66, 20),
(2136, 11, 24, 34, 20),
(2137, 10, 24, 3, 20),
(2138, 10, 24, 22, 20),
(2139, 11, 24, 39, 20),
(2140, 10, 24, 85, 20),
(2141, 11, 24, 17, 20),
(2142, 10, 24, 69, 20),
(2143, 11, 24, 100, 20),
(2144, 10, 24, 58, 20),
(2145, 11, 24, 82, 20),
(2146, 10, 24, 99, 20),
(2147, 10, 24, 8, 20),
(2148, 10, 24, 36, 20),
(2149, 11, 24, 81, 20),
(2150, 11, 24, 78, 20),
(2151, 10, 24, 53, 20),
(2152, 10, 24, 24, 20),
(2153, 11, 24, 90, 20),
(2154, 10, 24, 67, 20),
(2155, 11, 24, 64, 20),
(2156, 10, 24, 51, 20),
(2157, 11, 24, 37, 20),
(2158, 10, 24, 28, 20),
(2159, 11, 24, 27, 20),
(2160, 11, 24, 79, 20),
(2161, 11, 24, 93, 20),
(2162, 11, 24, 97, 20),
(2163, 10, 24, 16, 20),
(2164, 11, 24, 62, 20),
(2165, 10, 24, 82, 21),
(2166, 11, 24, 74, 21),
(2167, 10, 24, 5, 21),
(2168, 11, 24, 80, 21),
(2169, 11, 24, 52, 21),
(2170, 10, 24, 94, 21),
(2171, 10, 24, 25, 21),
(2172, 10, 24, 62, 21),
(2173, 11, 24, 38, 21),
(2174, 11, 24, 17, 21),
(2175, 10, 24, 31, 21),
(2176, 10, 24, 76, 21),
(2177, 10, 24, 2, 21),
(2178, 11, 24, 63, 21),
(2179, 11, 24, 65, 21),
(2180, 11, 24, 95, 21),
(2181, 10, 24, 50, 21),
(2182, 10, 24, 86, 21),
(2183, 11, 24, 8, 21),
(2184, 11, 24, 47, 21),
(2185, 11, 24, 37, 21),
(2186, 10, 24, 59, 21),
(2187, 11, 24, 36, 21),
(2188, 11, 24, 39, 21),
(2189, 10, 24, 46, 21),
(2190, 11, 24, 6, 21),
(2191, 10, 24, 55, 21),
(2192, 10, 24, 24, 21),
(2193, 11, 24, 99, 21),
(2194, 11, 24, 9, 21),
(2195, 10, 24, 28, 21),
(2196, 11, 24, 56, 21),
(2197, 10, 24, 78, 21),
(2198, 10, 24, 27, 21),
(2199, 10, 24, 97, 21),
(2200, 11, 24, 96, 21),
(2201, 11, 24, 98, 21),
(2202, 11, 24, 53, 21),
(2203, 11, 24, 92, 21),
(2204, 10, 24, 69, 21),
(2205, 10, 24, 58, 21),
(2206, 11, 24, 90, 21),
(2207, 10, 24, 43, 21),
(2208, 11, 24, 68, 21),
(2209, 10, 24, 12, 21),
(2210, 11, 24, 22, 21),
(2211, 11, 24, 30, 21),
(2212, 10, 24, 3, 21),
(2213, 11, 24, 7, 21),
(2214, 11, 24, 71, 21),
(2215, 10, 24, 73, 21),
(2216, 10, 24, 14, 21),
(2217, 10, 24, 16, 21),
(2218, 10, 24, 81, 21),
(2219, 11, 24, 13, 21),
(2220, 10, 24, 57, 21),
(2221, 10, 24, 84, 21),
(2222, 11, 24, 19, 21),
(2223, 11, 24, 26, 21),
(2224, 11, 24, 79, 21),
(2225, 11, 24, 72, 21),
(2226, 11, 24, 93, 21),
(2227, 11, 24, 21, 21),
(2228, 11, 24, 75, 21),
(2229, 11, 24, 23, 21),
(2230, 11, 24, 77, 21),
(2231, 11, 24, 44, 21),
(2232, 11, 24, 49, 21),
(2233, 10, 24, 45, 21),
(2234, 10, 24, 34, 21),
(2235, 10, 24, 70, 21),
(2236, 10, 24, 10, 21),
(2237, 11, 24, 60, 21),
(2238, 10, 24, 85, 21),
(2239, 10, 24, 4, 21),
(2240, 10, 24, 42, 21),
(2241, 11, 24, 67, 21),
(2242, 10, 24, 41, 21),
(2243, 10, 24, 64, 21),
(2244, 11, 24, 18, 21),
(2245, 10, 24, 15, 21),
(2246, 10, 24, 91, 21),
(2247, 11, 24, 89, 21),
(2248, 10, 24, 40, 21),
(2249, 11, 24, 29, 21),
(2250, 11, 24, 51, 21),
(2251, 10, 24, 88, 21),
(2252, 10, 24, 32, 21),
(2253, 11, 24, 35, 21),
(2254, 11, 24, 1, 21),
(2255, 11, 24, 83, 21),
(2256, 11, 24, 20, 21),
(2257, 10, 24, 100, 21),
(2258, 10, 24, 61, 21),
(2259, 11, 24, 66, 21),
(2260, 11, 24, 54, 21),
(2261, 10, 24, 11, 21),
(2262, 11, 24, 87, 21),
(2263, 10, 24, 14, 22),
(2264, 11, 24, 95, 22),
(2265, 10, 24, 18, 22),
(2266, 11, 24, 5, 22),
(2267, 10, 24, 72, 22),
(2268, 11, 24, 53, 22),
(2269, 10, 24, 52, 22),
(2270, 11, 24, 9, 22),
(2271, 10, 24, 51, 22),
(2272, 11, 24, 61, 22),
(2273, 11, 24, 6, 22),
(2274, 11, 24, 84, 22),
(2275, 10, 24, 98, 22),
(2276, 10, 24, 76, 22),
(2277, 10, 24, 93, 22),
(2278, 10, 24, 86, 22),
(2279, 11, 24, 60, 22),
(2280, 11, 24, 59, 22),
(2281, 10, 24, 50, 22),
(2282, 10, 24, 10, 22),
(2283, 10, 24, 100, 22),
(2284, 11, 24, 87, 22),
(2285, 11, 24, 67, 22),
(2286, 11, 24, 15, 22),
(2287, 11, 24, 23, 22),
(2288, 10, 24, 79, 22),
(2289, 10, 24, 89, 22),
(2290, 10, 24, 33, 22),
(2291, 10, 24, 7, 22),
(2292, 11, 24, 24, 22),
(2293, 10, 24, 16, 22),
(2294, 10, 24, 17, 22),
(2295, 11, 24, 22, 22),
(2296, 10, 24, 70, 22),
(2297, 11, 24, 40, 22),
(2298, 11, 24, 91, 22),
(2299, 10, 24, 25, 22),
(2300, 11, 24, 32, 22),
(2301, 10, 24, 68, 22),
(2302, 11, 24, 41, 22),
(2303, 11, 24, 74, 22),
(2304, 11, 24, 48, 22),
(2305, 10, 24, 90, 22),
(2306, 11, 24, 69, 22),
(2307, 10, 24, 43, 22),
(2308, 11, 24, 63, 22),
(2309, 10, 24, 47, 22),
(2310, 11, 24, 49, 22),
(2311, 11, 24, 65, 22),
(2312, 10, 24, 37, 22),
(2313, 11, 24, 12, 22),
(2314, 11, 24, 82, 22),
(2315, 11, 24, 62, 22),
(2316, 11, 24, 35, 22),
(2317, 10, 24, 29, 22),
(2318, 10, 24, 21, 22),
(2319, 11, 24, 34, 22),
(2320, 10, 24, 31, 22),
(2321, 10, 24, 99, 22),
(2322, 11, 24, 44, 22),
(2323, 10, 24, 55, 22),
(2324, 11, 24, 66, 22),
(2325, 11, 24, 78, 22),
(2326, 10, 24, 94, 22),
(2327, 11, 24, 4, 22),
(2328, 11, 24, 71, 22),
(2329, 10, 24, 80, 22),
(2330, 11, 24, 36, 22),
(2331, 10, 24, 38, 22),
(2332, 10, 24, 83, 22),
(2333, 10, 24, 13, 22),
(2334, 11, 24, 57, 22),
(2335, 10, 24, 56, 22),
(2336, 10, 24, 8, 22),
(2337, 11, 24, 75, 22),
(2338, 10, 24, 27, 22),
(2339, 10, 24, 45, 22),
(2340, 10, 24, 19, 22),
(2341, 10, 24, 28, 22),
(2342, 10, 24, 11, 22),
(2343, 11, 24, 88, 22),
(2344, 11, 24, 30, 22),
(2345, 11, 24, 64, 22),
(2346, 11, 24, 77, 22),
(2347, 11, 24, 81, 22),
(2348, 11, 24, 39, 22),
(2349, 10, 24, 96, 22),
(2350, 11, 24, 20, 22),
(2351, 10, 24, 3, 22),
(2352, 10, 24, 54, 22),
(2353, 10, 24, 26, 22),
(2354, 10, 24, 92, 22),
(2355, 11, 24, 1, 22),
(2356, 11, 24, 42, 22),
(2357, 10, 24, 73, 22),
(2358, 10, 24, 97, 22),
(2359, 11, 24, 58, 22),
(2360, 10, 24, 85, 22),
(2361, 11, 24, 85, 23),
(2362, 10, 24, 95, 23),
(2363, 11, 24, 54, 23),
(2364, 10, 24, 49, 23),
(2365, 11, 24, 57, 23),
(2366, 10, 24, 53, 23),
(2367, 11, 24, 79, 23),
(2368, 11, 24, 82, 23),
(2369, 11, 24, 37, 23),
(2370, 11, 24, 77, 23),
(2371, 10, 24, 52, 23),
(2372, 10, 24, 63, 23),
(2373, 11, 24, 73, 23),
(2374, 11, 24, 64, 23),
(2375, 11, 24, 83, 23),
(2376, 10, 24, 43, 23),
(2377, 10, 24, 11, 23),
(2378, 10, 24, 15, 23),
(2379, 11, 24, 48, 23),
(2380, 10, 24, 8, 23),
(2381, 11, 24, 74, 23),
(2382, 11, 24, 60, 23),
(2383, 11, 24, 40, 23),
(2384, 10, 24, 78, 23),
(2385, 10, 24, 98, 23),
(2386, 11, 24, 42, 23),
(2387, 10, 24, 97, 23),
(2388, 11, 24, 92, 23),
(2389, 11, 24, 20, 23),
(2390, 10, 24, 80, 23),
(2391, 10, 24, 12, 23),
(2392, 10, 24, 3, 23),
(2393, 11, 24, 17, 23),
(2394, 11, 24, 66, 23),
(2395, 11, 24, 47, 23),
(2396, 10, 24, 31, 23),
(2397, 11, 24, 25, 23),
(2398, 10, 24, 67, 23),
(2399, 11, 24, 10, 23),
(2400, 10, 24, 39, 23),
(2401, 10, 24, 26, 23),
(2402, 11, 24, 89, 23),
(2403, 11, 24, 38, 23),
(2404, 11, 24, 7, 23),
(2405, 10, 24, 86, 23),
(2406, 10, 24, 93, 23),
(2407, 11, 24, 90, 23),
(2408, 10, 24, 69, 23),
(2409, 10, 24, 30, 23),
(2410, 10, 24, 62, 23),
(2411, 11, 24, 59, 23),
(2412, 10, 24, 71, 23),
(2413, 11, 24, 9, 23),
(2414, 11, 24, 61, 23),
(2415, 10, 24, 6, 23),
(2416, 11, 24, 18, 23),
(2417, 10, 24, 68, 23),
(2418, 11, 24, 16, 23),
(2419, 11, 24, 44, 23),
(2420, 11, 24, 51, 23),
(2421, 10, 24, 91, 23),
(2422, 11, 24, 21, 23),
(2423, 10, 24, 88, 23),
(2424, 10, 24, 58, 23),
(2425, 10, 24, 65, 23),
(2426, 11, 24, 96, 23),
(2427, 10, 24, 19, 23),
(2428, 11, 24, 32, 23),
(2429, 10, 24, 27, 23),
(2430, 10, 24, 29, 23),
(2431, 11, 24, 72, 23),
(2432, 11, 24, 41, 23),
(2433, 11, 24, 45, 23),
(2434, 10, 24, 4, 23),
(2435, 11, 24, 100, 23),
(2436, 10, 24, 13, 23),
(2437, 10, 24, 2, 23),
(2438, 10, 24, 34, 23),
(2439, 10, 24, 55, 23),
(2440, 11, 24, 84, 23),
(2441, 11, 24, 24, 23),
(2442, 10, 24, 14, 23),
(2443, 11, 24, 28, 23),
(2444, 10, 24, 5, 23),
(2445, 11, 24, 36, 23),
(2446, 11, 24, 33, 23),
(2447, 11, 24, 23, 23),
(2448, 10, 24, 56, 23),
(2449, 10, 24, 76, 23),
(2450, 10, 24, 22, 23);
INSERT INTO `quiz_soal_paketsoal` (`id`, `generated_soal_id`, `paket_soal_id`, `nomer_paket`, `nomer_urut`) VALUES
(2451, 11, 24, 87, 23),
(2452, 10, 24, 99, 23),
(2453, 11, 24, 35, 23),
(2454, 10, 24, 81, 23),
(2455, 11, 24, 75, 23),
(2456, 10, 24, 46, 23),
(2457, 10, 24, 1, 23),
(2458, 10, 24, 50, 23),
(2459, 11, 24, 24, 24),
(2460, 10, 24, 61, 24),
(2461, 10, 24, 90, 24),
(2462, 10, 24, 26, 24),
(2463, 10, 24, 45, 24),
(2464, 11, 24, 74, 24),
(2465, 11, 24, 63, 24),
(2466, 10, 24, 80, 24),
(2467, 11, 24, 47, 24),
(2468, 11, 24, 11, 24),
(2469, 11, 24, 72, 24),
(2470, 11, 24, 59, 24),
(2471, 10, 24, 56, 24),
(2472, 11, 24, 18, 24),
(2473, 11, 24, 92, 24),
(2474, 10, 24, 37, 24),
(2475, 10, 24, 81, 24),
(2476, 10, 24, 51, 24),
(2477, 11, 24, 67, 24),
(2478, 10, 24, 71, 24),
(2479, 10, 24, 16, 24),
(2480, 11, 24, 69, 24),
(2481, 10, 24, 36, 24),
(2482, 11, 24, 33, 24),
(2483, 10, 24, 64, 24),
(2484, 11, 24, 93, 24),
(2485, 11, 24, 27, 24),
(2486, 11, 24, 65, 24),
(2487, 10, 24, 17, 24),
(2488, 10, 24, 97, 24),
(2489, 11, 24, 89, 24),
(2490, 11, 24, 39, 24),
(2491, 11, 24, 4, 24),
(2492, 10, 24, 73, 24),
(2493, 11, 24, 13, 24),
(2494, 10, 24, 54, 24),
(2495, 10, 24, 6, 24),
(2496, 10, 24, 66, 24),
(2497, 11, 24, 53, 24),
(2498, 10, 24, 29, 24),
(2499, 11, 24, 60, 24),
(2500, 10, 24, 50, 24),
(2501, 10, 24, 88, 24),
(2502, 11, 24, 83, 24),
(2503, 11, 24, 5, 24),
(2504, 10, 24, 85, 24),
(2505, 10, 24, 22, 24),
(2506, 11, 24, 1, 24),
(2507, 10, 24, 91, 24),
(2508, 11, 24, 46, 24),
(2509, 10, 24, 70, 24),
(2510, 10, 24, 55, 24),
(2511, 10, 24, 31, 24),
(2512, 10, 24, 78, 24),
(2513, 11, 24, 19, 24),
(2514, 10, 24, 79, 24),
(2515, 11, 24, 38, 24),
(2516, 10, 24, 94, 24),
(2517, 10, 24, 2, 24),
(2518, 11, 24, 41, 24),
(2519, 11, 24, 3, 24),
(2520, 11, 24, 9, 24),
(2521, 10, 24, 34, 24),
(2522, 10, 24, 82, 24),
(2523, 11, 24, 7, 24),
(2524, 11, 24, 62, 24),
(2525, 10, 24, 49, 24),
(2526, 11, 24, 100, 24),
(2527, 11, 24, 25, 24),
(2528, 10, 24, 43, 24),
(2529, 11, 24, 30, 24),
(2530, 11, 24, 48, 24),
(2531, 10, 24, 40, 24),
(2532, 10, 24, 12, 24),
(2533, 11, 24, 35, 24),
(2534, 10, 24, 98, 24),
(2535, 11, 24, 32, 24),
(2536, 11, 24, 68, 24),
(2537, 10, 24, 57, 24),
(2538, 10, 24, 86, 24),
(2539, 11, 24, 15, 24),
(2540, 11, 24, 28, 24),
(2541, 11, 24, 44, 24),
(2542, 11, 24, 58, 24),
(2543, 10, 24, 99, 24),
(2544, 10, 24, 42, 24),
(2545, 10, 24, 96, 24),
(2546, 11, 24, 77, 24),
(2547, 11, 24, 95, 24),
(2548, 11, 24, 84, 24),
(2549, 10, 24, 20, 24),
(2550, 10, 24, 23, 24),
(2551, 10, 24, 14, 24),
(2552, 11, 24, 21, 24),
(2553, 11, 24, 76, 24),
(2554, 10, 24, 75, 24),
(2555, 10, 24, 52, 24),
(2556, 10, 24, 10, 24),
(2557, 11, 24, 65, 25),
(2558, 10, 24, 32, 25),
(2559, 10, 24, 21, 25),
(2560, 10, 24, 30, 25),
(2561, 11, 24, 53, 25),
(2562, 10, 24, 94, 25),
(2563, 11, 24, 88, 25),
(2564, 11, 24, 16, 25),
(2565, 10, 24, 82, 25),
(2566, 11, 24, 93, 25),
(2567, 11, 24, 37, 25),
(2568, 11, 24, 80, 25),
(2569, 11, 24, 69, 25),
(2570, 11, 24, 99, 25),
(2571, 11, 24, 83, 25),
(2572, 10, 24, 74, 25),
(2573, 10, 24, 66, 25),
(2574, 11, 24, 17, 25),
(2575, 11, 24, 77, 25),
(2576, 11, 24, 12, 25),
(2577, 11, 24, 68, 25),
(2578, 11, 24, 33, 25),
(2579, 11, 24, 71, 25),
(2580, 10, 24, 72, 25),
(2581, 10, 24, 36, 25),
(2582, 11, 24, 19, 25),
(2583, 11, 24, 85, 25),
(2584, 10, 24, 45, 25),
(2585, 10, 24, 84, 25),
(2586, 10, 24, 24, 25),
(2587, 10, 24, 41, 25),
(2588, 10, 24, 96, 25),
(2589, 11, 24, 59, 25),
(2590, 10, 24, 8, 25),
(2591, 11, 24, 50, 25),
(2592, 11, 24, 39, 25),
(2593, 10, 24, 11, 25),
(2594, 11, 24, 4, 25),
(2595, 11, 24, 64, 25),
(2596, 11, 24, 22, 25),
(2597, 11, 24, 75, 25),
(2598, 10, 24, 55, 25),
(2599, 11, 24, 13, 25),
(2600, 11, 24, 92, 25),
(2601, 11, 24, 98, 25),
(2602, 11, 24, 20, 25),
(2603, 10, 24, 62, 25),
(2604, 11, 24, 63, 25),
(2605, 11, 24, 6, 25),
(2606, 10, 24, 15, 25),
(2607, 11, 24, 28, 25),
(2608, 10, 24, 2, 25),
(2609, 10, 24, 76, 25),
(2610, 10, 24, 60, 25),
(2611, 10, 24, 38, 25),
(2612, 11, 24, 58, 25),
(2613, 10, 24, 73, 25),
(2614, 11, 24, 44, 25),
(2615, 10, 24, 31, 25),
(2616, 11, 24, 10, 25),
(2617, 11, 24, 51, 25),
(2618, 11, 24, 29, 25),
(2619, 10, 24, 42, 25),
(2620, 11, 24, 47, 25),
(2621, 10, 24, 34, 25),
(2622, 11, 24, 67, 25),
(2623, 11, 24, 57, 25),
(2624, 11, 24, 18, 25),
(2625, 10, 24, 14, 25),
(2626, 11, 24, 43, 25),
(2627, 11, 24, 46, 25),
(2628, 10, 24, 100, 25),
(2629, 10, 24, 5, 25),
(2630, 11, 24, 35, 25),
(2631, 10, 24, 61, 25),
(2632, 10, 24, 9, 25),
(2633, 10, 24, 26, 25),
(2634, 10, 24, 52, 25),
(2635, 10, 24, 23, 25),
(2636, 11, 24, 54, 25),
(2637, 10, 24, 86, 25),
(2638, 11, 24, 89, 25),
(2639, 11, 24, 87, 25),
(2640, 10, 24, 97, 25),
(2641, 10, 24, 40, 25),
(2642, 10, 24, 3, 25),
(2643, 10, 24, 91, 25),
(2644, 10, 24, 90, 25),
(2645, 10, 24, 27, 25),
(2646, 11, 24, 70, 25),
(2647, 10, 24, 25, 25),
(2648, 10, 24, 95, 25),
(2649, 10, 24, 48, 25),
(2650, 10, 24, 78, 25),
(2651, 10, 24, 81, 25),
(2652, 10, 24, 7, 25),
(2653, 11, 24, 1, 25),
(2654, 10, 24, 49, 25),
(2655, 10, 24, 91, 26),
(2656, 10, 24, 20, 26),
(2657, 10, 24, 21, 26),
(2658, 10, 24, 24, 26),
(2659, 10, 24, 80, 26),
(2660, 10, 24, 54, 26),
(2661, 10, 24, 53, 26),
(2662, 11, 24, 73, 26),
(2663, 10, 24, 27, 26),
(2664, 11, 24, 75, 26),
(2665, 11, 24, 81, 26),
(2666, 11, 24, 46, 26),
(2667, 11, 24, 2, 26),
(2668, 11, 24, 28, 26),
(2669, 10, 24, 60, 26),
(2670, 11, 24, 41, 26),
(2671, 11, 24, 64, 26),
(2672, 11, 24, 52, 26),
(2673, 11, 24, 67, 26),
(2674, 11, 24, 6, 26),
(2675, 11, 24, 34, 26),
(2676, 11, 24, 83, 26),
(2677, 11, 24, 96, 26),
(2678, 10, 24, 87, 26),
(2679, 10, 24, 89, 26),
(2680, 10, 24, 39, 26),
(2681, 10, 24, 33, 26),
(2682, 10, 24, 1, 26),
(2683, 10, 24, 12, 26),
(2684, 11, 24, 47, 26),
(2685, 10, 24, 55, 26),
(2686, 10, 24, 5, 26),
(2687, 11, 24, 61, 26),
(2688, 10, 24, 17, 26),
(2689, 10, 24, 32, 26),
(2690, 11, 24, 19, 26),
(2691, 10, 24, 68, 26),
(2692, 11, 24, 88, 26),
(2693, 10, 24, 63, 26),
(2694, 10, 24, 8, 26),
(2695, 10, 24, 49, 26),
(2696, 11, 24, 100, 26),
(2697, 10, 24, 18, 26),
(2698, 11, 24, 14, 26),
(2699, 10, 24, 42, 26),
(2700, 11, 24, 38, 26),
(2701, 11, 24, 74, 26),
(2702, 11, 24, 85, 26),
(2703, 11, 24, 11, 26),
(2704, 11, 24, 35, 26),
(2705, 11, 24, 10, 26),
(2706, 11, 24, 98, 26),
(2707, 11, 24, 66, 26),
(2708, 10, 24, 7, 26),
(2709, 10, 24, 37, 26),
(2710, 11, 24, 62, 26),
(2711, 10, 24, 15, 26),
(2712, 10, 24, 25, 26),
(2713, 11, 24, 86, 26),
(2714, 10, 24, 13, 26),
(2715, 10, 24, 94, 26),
(2716, 10, 24, 3, 26),
(2717, 10, 24, 30, 26),
(2718, 11, 24, 79, 26),
(2719, 10, 24, 95, 26),
(2720, 11, 24, 97, 26),
(2721, 11, 24, 71, 26),
(2722, 10, 24, 78, 26),
(2723, 10, 24, 4, 26),
(2724, 11, 24, 99, 26),
(2725, 10, 24, 84, 26),
(2726, 10, 24, 57, 26),
(2727, 10, 24, 65, 26),
(2728, 10, 24, 82, 26),
(2729, 11, 24, 69, 26),
(2730, 11, 24, 92, 26),
(2731, 10, 24, 22, 26),
(2732, 10, 24, 44, 26),
(2733, 11, 24, 31, 26),
(2734, 11, 24, 23, 26),
(2735, 11, 24, 43, 26),
(2736, 11, 24, 29, 26),
(2737, 10, 24, 90, 26),
(2738, 11, 24, 51, 26),
(2739, 11, 24, 76, 26),
(2740, 11, 24, 9, 26),
(2741, 11, 24, 40, 26),
(2742, 10, 24, 48, 26),
(2743, 11, 24, 26, 26),
(2744, 11, 24, 36, 26),
(2745, 11, 24, 77, 26),
(2746, 10, 24, 50, 26),
(2747, 10, 24, 58, 26),
(2748, 11, 24, 45, 26),
(2749, 10, 24, 70, 26),
(2750, 11, 24, 56, 26),
(2751, 10, 24, 72, 26),
(2752, 10, 24, 16, 26),
(2753, 10, 24, 70, 27),
(2754, 10, 24, 55, 27),
(2755, 11, 24, 54, 27),
(2756, 11, 24, 97, 27),
(2757, 11, 24, 82, 27),
(2758, 11, 24, 78, 27),
(2759, 11, 24, 86, 27),
(2760, 11, 24, 64, 27),
(2761, 10, 24, 21, 27),
(2762, 10, 24, 38, 27),
(2763, 10, 24, 50, 27),
(2764, 10, 24, 51, 27),
(2765, 11, 24, 16, 27),
(2766, 10, 24, 77, 27),
(2767, 10, 24, 29, 27),
(2768, 10, 24, 22, 27),
(2769, 11, 24, 66, 27),
(2770, 10, 24, 20, 27),
(2771, 10, 24, 15, 27),
(2772, 10, 24, 60, 27),
(2773, 11, 24, 89, 27),
(2774, 11, 24, 34, 27),
(2775, 10, 24, 26, 27),
(2776, 11, 24, 36, 27),
(2777, 10, 24, 76, 27),
(2778, 10, 24, 58, 27),
(2779, 11, 24, 2, 27),
(2780, 10, 24, 32, 27),
(2781, 10, 24, 39, 27),
(2782, 11, 24, 3, 27),
(2783, 11, 24, 14, 27),
(2784, 11, 24, 41, 27),
(2785, 10, 24, 94, 27),
(2786, 11, 24, 79, 27),
(2787, 10, 24, 8, 27),
(2788, 10, 24, 46, 27),
(2789, 10, 24, 87, 27),
(2790, 10, 24, 80, 27),
(2791, 11, 24, 67, 27),
(2792, 10, 24, 84, 27),
(2793, 11, 24, 47, 27),
(2794, 10, 24, 44, 27),
(2795, 11, 24, 71, 27),
(2796, 10, 24, 68, 27),
(2797, 10, 24, 92, 27),
(2798, 11, 24, 40, 27),
(2799, 11, 24, 52, 27),
(2800, 11, 24, 45, 27),
(2801, 11, 24, 72, 27),
(2802, 10, 24, 99, 27),
(2803, 10, 24, 12, 27),
(2804, 11, 24, 27, 27),
(2805, 11, 24, 5, 27),
(2806, 10, 24, 91, 27),
(2807, 10, 24, 7, 27),
(2808, 10, 24, 63, 27),
(2809, 10, 24, 65, 27),
(2810, 10, 24, 30, 27),
(2811, 11, 24, 69, 27),
(2812, 10, 24, 81, 27),
(2813, 11, 24, 9, 27),
(2814, 11, 24, 56, 27),
(2815, 10, 24, 83, 27),
(2816, 11, 24, 95, 27),
(2817, 10, 24, 73, 27),
(2818, 11, 24, 85, 27),
(2819, 10, 24, 18, 27),
(2820, 11, 24, 11, 27),
(2821, 10, 24, 10, 27),
(2822, 11, 24, 17, 27),
(2823, 10, 24, 6, 27),
(2824, 10, 24, 53, 27),
(2825, 11, 24, 24, 27),
(2826, 10, 24, 4, 27),
(2827, 10, 24, 98, 27),
(2828, 11, 24, 61, 27),
(2829, 10, 24, 57, 27),
(2830, 11, 24, 25, 27),
(2831, 10, 24, 96, 27),
(2832, 10, 24, 31, 27),
(2833, 11, 24, 59, 27),
(2834, 11, 24, 88, 27),
(2835, 10, 24, 74, 27),
(2836, 11, 24, 100, 27),
(2837, 11, 24, 49, 27),
(2838, 10, 24, 33, 27),
(2839, 11, 24, 13, 27),
(2840, 11, 24, 90, 27),
(2841, 11, 24, 48, 27),
(2842, 11, 24, 35, 27),
(2843, 11, 24, 19, 27),
(2844, 10, 24, 43, 27),
(2845, 10, 24, 37, 27),
(2846, 11, 24, 42, 27),
(2847, 10, 24, 23, 27),
(2848, 11, 24, 28, 27),
(2849, 10, 24, 62, 27),
(2850, 11, 24, 75, 27),
(2851, 11, 24, 24, 28),
(2852, 10, 24, 47, 28),
(2853, 10, 24, 63, 28),
(2854, 11, 24, 87, 28),
(2855, 10, 24, 3, 28),
(2856, 10, 24, 72, 28),
(2857, 10, 24, 48, 28),
(2858, 10, 24, 13, 28),
(2859, 10, 24, 19, 28),
(2860, 10, 24, 28, 28),
(2861, 11, 24, 36, 28),
(2862, 11, 24, 79, 28),
(2863, 11, 24, 86, 28),
(2864, 11, 24, 41, 28),
(2865, 11, 24, 7, 28),
(2866, 11, 24, 57, 28),
(2867, 10, 24, 76, 28),
(2868, 10, 24, 93, 28),
(2869, 11, 24, 71, 28),
(2870, 10, 24, 60, 28),
(2871, 11, 24, 10, 28),
(2872, 11, 24, 42, 28),
(2873, 10, 24, 73, 28),
(2874, 10, 24, 34, 28),
(2875, 11, 24, 39, 28),
(2876, 10, 24, 6, 28),
(2877, 10, 24, 69, 28),
(2878, 10, 24, 80, 28),
(2879, 10, 24, 55, 28),
(2880, 11, 24, 1, 28),
(2881, 10, 24, 26, 28),
(2882, 10, 24, 92, 28),
(2883, 11, 24, 61, 28),
(2884, 10, 24, 97, 28),
(2885, 11, 24, 40, 28),
(2886, 11, 24, 65, 28),
(2887, 10, 24, 67, 28),
(2888, 10, 24, 96, 28),
(2889, 11, 24, 88, 28),
(2890, 11, 24, 8, 28),
(2891, 11, 24, 83, 28),
(2892, 10, 24, 100, 28),
(2893, 10, 24, 43, 28),
(2894, 11, 24, 78, 28),
(2895, 11, 24, 59, 28),
(2896, 11, 24, 62, 28),
(2897, 11, 24, 46, 28),
(2898, 10, 24, 85, 28),
(2899, 11, 24, 29, 28),
(2900, 10, 24, 20, 28),
(2901, 10, 24, 75, 28),
(2902, 10, 24, 64, 28),
(2903, 10, 24, 25, 28),
(2904, 11, 24, 30, 28),
(2905, 11, 24, 35, 28),
(2906, 11, 24, 51, 28),
(2907, 10, 24, 14, 28),
(2908, 11, 24, 31, 28),
(2909, 10, 24, 45, 28),
(2910, 10, 24, 94, 28),
(2911, 11, 24, 22, 28),
(2912, 11, 24, 23, 28),
(2913, 11, 24, 90, 28),
(2914, 10, 24, 15, 28),
(2915, 11, 24, 9, 28),
(2916, 11, 24, 68, 28),
(2917, 11, 24, 21, 28),
(2918, 11, 24, 82, 28),
(2919, 11, 24, 2, 28),
(2920, 10, 24, 98, 28),
(2921, 10, 24, 4, 28),
(2922, 10, 24, 38, 28),
(2923, 10, 24, 66, 28),
(2924, 11, 24, 81, 28),
(2925, 10, 24, 5, 28),
(2926, 11, 24, 54, 28),
(2927, 11, 24, 70, 28),
(2928, 10, 24, 12, 28),
(2929, 11, 24, 17, 28),
(2930, 11, 24, 16, 28),
(2931, 11, 24, 53, 28),
(2932, 10, 24, 99, 28),
(2933, 10, 24, 77, 28),
(2934, 10, 24, 91, 28),
(2935, 10, 24, 32, 28),
(2936, 11, 24, 56, 28),
(2937, 10, 24, 84, 28),
(2938, 10, 24, 27, 28),
(2939, 10, 24, 33, 28),
(2940, 10, 24, 58, 28),
(2941, 10, 24, 50, 28),
(2942, 10, 24, 18, 28),
(2943, 10, 24, 89, 28),
(2944, 11, 24, 52, 28),
(2945, 10, 24, 49, 28),
(2946, 11, 24, 37, 28),
(2947, 11, 24, 74, 28),
(2948, 11, 24, 11, 28),
(2949, 10, 24, 86, 29),
(2950, 11, 24, 38, 29),
(2951, 11, 24, 26, 29),
(2952, 10, 24, 53, 29),
(2953, 11, 24, 88, 29),
(2954, 11, 24, 100, 29),
(2955, 10, 24, 17, 29),
(2956, 10, 24, 80, 29),
(2957, 10, 24, 40, 29),
(2958, 11, 24, 64, 29),
(2959, 10, 24, 25, 29),
(2960, 11, 24, 10, 29),
(2961, 11, 24, 20, 29),
(2962, 11, 24, 70, 29),
(2963, 10, 24, 14, 29),
(2964, 11, 24, 39, 29),
(2965, 11, 24, 43, 29),
(2966, 10, 24, 60, 29),
(2967, 11, 24, 99, 29),
(2968, 10, 24, 24, 29),
(2969, 10, 24, 22, 29),
(2970, 11, 24, 3, 29),
(2971, 11, 24, 76, 29),
(2972, 11, 24, 74, 29),
(2973, 10, 24, 42, 29),
(2974, 10, 24, 62, 29),
(2975, 10, 24, 54, 29),
(2976, 11, 24, 63, 29),
(2977, 11, 24, 58, 29),
(2978, 10, 24, 87, 29),
(2979, 10, 24, 79, 29),
(2980, 10, 24, 29, 29),
(2981, 10, 24, 34, 29),
(2982, 11, 24, 83, 29),
(2983, 11, 24, 75, 29),
(2984, 11, 24, 9, 29),
(2985, 11, 24, 28, 29),
(2986, 11, 24, 72, 29),
(2987, 11, 24, 66, 29),
(2988, 11, 24, 41, 29),
(2989, 10, 24, 23, 29),
(2990, 10, 24, 2, 29),
(2991, 11, 24, 69, 29),
(2992, 11, 24, 49, 29),
(2993, 11, 24, 8, 29),
(2994, 11, 24, 32, 29),
(2995, 10, 24, 6, 29),
(2996, 10, 24, 18, 29),
(2997, 10, 24, 48, 29),
(2998, 11, 24, 61, 29),
(2999, 11, 24, 35, 29),
(3000, 10, 24, 4, 29),
(3001, 10, 24, 15, 29),
(3002, 11, 24, 52, 29),
(3003, 10, 24, 12, 29),
(3004, 10, 24, 85, 29),
(3005, 11, 24, 65, 29),
(3006, 11, 24, 56, 29),
(3007, 11, 24, 36, 29),
(3008, 10, 24, 5, 29),
(3009, 10, 24, 45, 29),
(3010, 11, 24, 82, 29),
(3011, 10, 24, 95, 29),
(3012, 11, 24, 50, 29),
(3013, 11, 24, 55, 29),
(3014, 11, 24, 81, 29),
(3015, 11, 24, 19, 29),
(3016, 11, 24, 57, 29),
(3017, 11, 24, 94, 29),
(3018, 11, 24, 71, 29),
(3019, 10, 24, 89, 29),
(3020, 11, 24, 78, 29),
(3021, 11, 24, 73, 29),
(3022, 11, 24, 98, 29),
(3023, 11, 24, 93, 29),
(3024, 10, 24, 67, 29),
(3025, 10, 24, 47, 29),
(3026, 10, 24, 90, 29),
(3027, 10, 24, 68, 29),
(3028, 11, 24, 96, 29),
(3029, 10, 24, 30, 29),
(3030, 10, 24, 33, 29),
(3031, 10, 24, 21, 29),
(3032, 10, 24, 37, 29),
(3033, 11, 24, 59, 29),
(3034, 11, 24, 92, 29),
(3035, 11, 24, 97, 29),
(3036, 11, 24, 77, 29),
(3037, 11, 24, 1, 29),
(3038, 10, 24, 91, 29),
(3039, 11, 24, 31, 29),
(3040, 11, 24, 16, 29),
(3041, 11, 24, 84, 29),
(3042, 10, 24, 46, 29),
(3043, 10, 24, 27, 29),
(3044, 11, 24, 44, 29),
(3045, 10, 24, 11, 29),
(3046, 10, 24, 7, 29),
(3047, 10, 24, 11, 30),
(3048, 10, 24, 26, 30),
(3049, 11, 24, 21, 30),
(3050, 10, 24, 50, 30),
(3051, 11, 24, 68, 30),
(3052, 11, 24, 2, 30),
(3053, 10, 24, 76, 30),
(3054, 10, 24, 17, 30),
(3055, 11, 24, 99, 30),
(3056, 11, 24, 8, 30),
(3057, 11, 24, 91, 30),
(3058, 11, 24, 4, 30),
(3059, 11, 24, 41, 30),
(3060, 11, 24, 53, 30),
(3061, 11, 24, 44, 30),
(3062, 11, 24, 77, 30),
(3063, 10, 24, 54, 30),
(3064, 10, 24, 36, 30),
(3065, 11, 24, 57, 30),
(3066, 11, 24, 32, 30),
(3067, 11, 24, 87, 30),
(3068, 11, 24, 67, 30),
(3069, 11, 24, 81, 30),
(3070, 11, 24, 3, 30),
(3071, 11, 24, 93, 30),
(3072, 10, 24, 94, 30),
(3073, 10, 24, 52, 30),
(3074, 11, 24, 9, 30),
(3075, 10, 24, 47, 30),
(3076, 10, 24, 63, 30),
(3077, 11, 24, 97, 30),
(3078, 10, 24, 14, 30),
(3079, 10, 24, 20, 30),
(3080, 10, 24, 59, 30),
(3081, 11, 24, 75, 30),
(3082, 10, 24, 49, 30),
(3083, 10, 24, 79, 30),
(3084, 11, 24, 58, 30),
(3085, 11, 24, 29, 30),
(3086, 10, 24, 15, 30),
(3087, 10, 24, 86, 30),
(3088, 10, 24, 65, 30),
(3089, 11, 24, 82, 30),
(3090, 10, 24, 46, 30),
(3091, 11, 24, 22, 30),
(3092, 11, 24, 19, 30),
(3093, 10, 24, 74, 30),
(3094, 10, 24, 80, 30),
(3095, 11, 24, 56, 30),
(3096, 10, 24, 96, 30),
(3097, 10, 24, 18, 30),
(3098, 10, 24, 88, 30),
(3099, 11, 24, 39, 30),
(3100, 10, 24, 85, 30),
(3101, 10, 24, 16, 30),
(3102, 11, 24, 69, 30),
(3103, 11, 24, 73, 30),
(3104, 11, 24, 34, 30),
(3105, 11, 24, 51, 30),
(3106, 10, 24, 83, 30),
(3107, 10, 24, 62, 30),
(3108, 10, 24, 27, 30),
(3109, 10, 24, 24, 30),
(3110, 11, 24, 89, 30),
(3111, 10, 24, 30, 30),
(3112, 10, 24, 100, 30),
(3113, 11, 24, 55, 30),
(3114, 10, 24, 13, 30),
(3115, 10, 24, 10, 30),
(3116, 10, 24, 72, 30),
(3117, 11, 24, 60, 30),
(3118, 11, 24, 61, 30),
(3119, 11, 24, 90, 30),
(3120, 11, 24, 64, 30),
(3121, 10, 24, 48, 30),
(3122, 10, 24, 95, 30),
(3123, 10, 24, 84, 30),
(3124, 10, 24, 23, 30),
(3125, 11, 24, 92, 30),
(3126, 11, 24, 5, 30),
(3127, 10, 24, 45, 30),
(3128, 11, 24, 38, 30),
(3129, 10, 24, 7, 30),
(3130, 11, 24, 31, 30),
(3131, 11, 24, 78, 30),
(3132, 10, 24, 40, 30),
(3133, 11, 24, 25, 30),
(3134, 10, 24, 42, 30),
(3135, 11, 24, 1, 30),
(3136, 11, 24, 33, 30),
(3137, 11, 24, 37, 30),
(3138, 11, 24, 35, 30),
(3139, 11, 24, 12, 30),
(3140, 11, 24, 70, 30),
(3141, 10, 24, 43, 30),
(3142, 11, 24, 6, 30),
(3143, 10, 24, 28, 30),
(3144, 10, 24, 66, 30),
(3145, 10, 24, 71, 31),
(3146, 11, 24, 27, 31),
(3147, 10, 24, 3, 31),
(3148, 11, 24, 23, 31),
(3149, 10, 24, 21, 31),
(3150, 11, 24, 7, 31),
(3151, 10, 24, 38, 31),
(3152, 11, 24, 40, 31),
(3153, 10, 24, 35, 31),
(3154, 10, 24, 55, 31),
(3155, 11, 24, 84, 31),
(3156, 11, 24, 41, 31),
(3157, 11, 24, 83, 31),
(3158, 10, 24, 45, 31),
(3159, 11, 24, 42, 31),
(3160, 10, 24, 70, 31),
(3161, 10, 24, 10, 31),
(3162, 11, 24, 32, 31),
(3163, 11, 24, 86, 31),
(3164, 11, 24, 25, 31),
(3165, 10, 24, 96, 31),
(3166, 11, 24, 82, 31),
(3167, 11, 24, 88, 31),
(3168, 10, 24, 20, 31),
(3169, 11, 24, 68, 31),
(3170, 11, 24, 4, 31),
(3171, 10, 24, 19, 31),
(3172, 11, 24, 52, 31),
(3173, 11, 24, 48, 31),
(3174, 10, 24, 80, 31),
(3175, 11, 24, 13, 31),
(3176, 11, 24, 8, 31),
(3177, 11, 24, 17, 31),
(3178, 11, 24, 95, 31),
(3179, 11, 24, 97, 31),
(3180, 11, 24, 33, 31),
(3181, 11, 24, 56, 31),
(3182, 11, 24, 89, 31),
(3183, 10, 24, 58, 31),
(3184, 10, 24, 66, 31),
(3185, 10, 24, 14, 31),
(3186, 10, 24, 26, 31),
(3187, 11, 24, 77, 31),
(3188, 11, 24, 51, 31),
(3189, 11, 24, 60, 31),
(3190, 10, 24, 53, 31),
(3191, 10, 24, 6, 31),
(3192, 10, 24, 30, 31),
(3193, 11, 24, 34, 31),
(3194, 11, 24, 11, 31),
(3195, 11, 24, 79, 31),
(3196, 11, 24, 91, 31),
(3197, 10, 24, 63, 31),
(3198, 10, 24, 65, 31),
(3199, 11, 24, 99, 31),
(3200, 11, 24, 76, 31),
(3201, 10, 24, 43, 31),
(3202, 11, 24, 37, 31),
(3203, 11, 24, 28, 31),
(3204, 11, 24, 81, 31),
(3205, 10, 24, 16, 31),
(3206, 11, 24, 100, 31),
(3207, 11, 24, 75, 31),
(3208, 10, 24, 61, 31),
(3209, 10, 24, 1, 31),
(3210, 11, 24, 74, 31),
(3211, 10, 24, 50, 31),
(3212, 10, 24, 73, 31),
(3213, 10, 24, 72, 31),
(3214, 10, 24, 36, 31),
(3215, 11, 24, 31, 31),
(3216, 10, 24, 87, 31),
(3217, 11, 24, 22, 31),
(3218, 11, 24, 39, 31),
(3219, 10, 24, 12, 31),
(3220, 11, 24, 78, 31),
(3221, 11, 24, 64, 31),
(3222, 11, 24, 92, 31),
(3223, 11, 24, 44, 31),
(3224, 10, 24, 67, 31),
(3225, 10, 24, 57, 31),
(3226, 10, 24, 93, 31),
(3227, 10, 24, 9, 31),
(3228, 10, 24, 85, 31),
(3229, 10, 24, 24, 31),
(3230, 10, 24, 2, 31),
(3231, 10, 24, 94, 31),
(3232, 10, 24, 54, 31),
(3233, 10, 24, 5, 31),
(3234, 11, 24, 62, 31),
(3235, 11, 24, 47, 31),
(3236, 10, 24, 59, 31),
(3237, 11, 24, 49, 31),
(3238, 10, 24, 98, 31),
(3239, 10, 24, 46, 31),
(3240, 10, 24, 90, 31),
(3241, 11, 24, 15, 31),
(3242, 10, 24, 29, 31),
(3243, 10, 24, 31, 32),
(3244, 10, 24, 92, 32),
(3245, 10, 24, 59, 32),
(3246, 11, 24, 19, 32),
(3247, 11, 24, 18, 32),
(3248, 10, 24, 24, 32),
(3249, 10, 24, 16, 32),
(3250, 10, 24, 27, 32),
(3251, 10, 24, 5, 32),
(3252, 11, 24, 74, 32),
(3253, 10, 24, 9, 32),
(3254, 10, 24, 34, 32),
(3255, 11, 24, 66, 32),
(3256, 10, 24, 83, 32),
(3257, 10, 24, 75, 32),
(3258, 10, 24, 52, 32),
(3259, 11, 24, 77, 32),
(3260, 10, 24, 97, 32),
(3261, 11, 24, 8, 32),
(3262, 10, 24, 40, 32),
(3263, 10, 24, 4, 32),
(3264, 10, 24, 72, 32),
(3265, 11, 24, 90, 32),
(3266, 11, 24, 7, 32),
(3267, 11, 24, 17, 32),
(3268, 10, 24, 28, 32),
(3269, 11, 24, 55, 32),
(3270, 11, 24, 60, 32),
(3271, 10, 24, 10, 32),
(3272, 11, 24, 50, 32),
(3273, 10, 24, 37, 32),
(3274, 11, 24, 15, 32),
(3275, 11, 24, 99, 32),
(3276, 10, 24, 58, 32),
(3277, 10, 24, 12, 32),
(3278, 11, 24, 78, 32),
(3279, 10, 24, 53, 32),
(3280, 10, 24, 80, 32),
(3281, 10, 24, 21, 32),
(3282, 11, 24, 38, 32),
(3283, 11, 24, 1, 32),
(3284, 11, 24, 91, 32),
(3285, 10, 24, 87, 32),
(3286, 11, 24, 79, 32),
(3287, 10, 24, 84, 32),
(3288, 10, 24, 64, 32),
(3289, 10, 24, 2, 32),
(3290, 11, 24, 6, 32),
(3291, 11, 24, 30, 32),
(3292, 11, 24, 11, 32),
(3293, 11, 24, 88, 32),
(3294, 10, 24, 93, 32),
(3295, 10, 24, 68, 32),
(3296, 10, 24, 71, 32),
(3297, 11, 24, 22, 32),
(3298, 10, 24, 26, 32),
(3299, 11, 24, 44, 32),
(3300, 11, 24, 76, 32),
(3301, 11, 24, 94, 32),
(3302, 11, 24, 86, 32),
(3303, 11, 24, 69, 32),
(3304, 10, 24, 98, 32),
(3305, 10, 24, 39, 32),
(3306, 11, 24, 51, 32),
(3307, 10, 24, 33, 32),
(3308, 11, 24, 57, 32),
(3309, 10, 24, 3, 32),
(3310, 11, 24, 41, 32),
(3311, 11, 24, 89, 32),
(3312, 11, 24, 65, 32),
(3313, 11, 24, 56, 32),
(3314, 10, 24, 67, 32),
(3315, 10, 24, 100, 32),
(3316, 10, 24, 13, 32),
(3317, 10, 24, 23, 32),
(3318, 10, 24, 63, 32),
(3319, 11, 24, 49, 32),
(3320, 11, 24, 85, 32),
(3321, 10, 24, 45, 32),
(3322, 10, 24, 70, 32),
(3323, 11, 24, 42, 32),
(3324, 10, 24, 14, 32),
(3325, 11, 24, 25, 32),
(3326, 10, 24, 54, 32),
(3327, 11, 24, 61, 32),
(3328, 11, 24, 81, 32),
(3329, 11, 24, 29, 32),
(3330, 11, 24, 47, 32),
(3331, 11, 24, 46, 32),
(3332, 11, 24, 96, 32),
(3333, 11, 24, 62, 32),
(3334, 10, 24, 48, 32),
(3335, 10, 24, 82, 32),
(3336, 11, 24, 20, 32),
(3337, 10, 24, 73, 32),
(3338, 10, 24, 32, 32),
(3339, 10, 24, 43, 32),
(3340, 11, 24, 36, 32),
(3341, 10, 24, 15, 33),
(3342, 10, 24, 3, 33),
(3343, 11, 24, 71, 33),
(3344, 11, 24, 79, 33),
(3345, 10, 24, 64, 33),
(3346, 10, 24, 47, 33),
(3347, 10, 24, 60, 33),
(3348, 11, 24, 5, 33),
(3349, 11, 24, 82, 33),
(3350, 10, 24, 21, 33),
(3351, 11, 24, 78, 33),
(3352, 10, 24, 88, 33),
(3353, 10, 24, 65, 33),
(3354, 11, 24, 14, 33),
(3355, 10, 24, 51, 33),
(3356, 11, 24, 26, 33),
(3357, 10, 24, 37, 33),
(3358, 10, 24, 67, 33),
(3359, 10, 24, 55, 33),
(3360, 10, 24, 28, 33),
(3361, 11, 24, 58, 33),
(3362, 11, 24, 94, 33),
(3363, 11, 24, 8, 33),
(3364, 11, 24, 68, 33),
(3365, 10, 24, 29, 33),
(3366, 10, 24, 50, 33),
(3367, 11, 24, 59, 33),
(3368, 11, 24, 98, 33),
(3369, 10, 24, 45, 33),
(3370, 11, 24, 54, 33),
(3371, 11, 24, 2, 33),
(3372, 11, 24, 11, 33),
(3373, 11, 24, 39, 33),
(3374, 10, 24, 42, 33),
(3375, 11, 24, 95, 33),
(3376, 11, 24, 48, 33),
(3377, 10, 24, 80, 33),
(3378, 10, 24, 75, 33),
(3379, 11, 24, 30, 33),
(3380, 11, 24, 25, 33),
(3381, 10, 24, 76, 33),
(3382, 10, 24, 10, 33),
(3383, 10, 24, 46, 33),
(3384, 10, 24, 17, 33),
(3385, 11, 24, 9, 33),
(3386, 10, 24, 16, 33),
(3387, 10, 24, 83, 33),
(3388, 11, 24, 44, 33),
(3389, 11, 24, 23, 33),
(3390, 11, 24, 43, 33),
(3391, 10, 24, 22, 33),
(3392, 11, 24, 36, 33),
(3393, 11, 24, 1, 33),
(3394, 11, 24, 69, 33),
(3395, 10, 24, 34, 33),
(3396, 10, 24, 6, 33),
(3397, 10, 24, 89, 33),
(3398, 11, 24, 85, 33),
(3399, 10, 24, 27, 33),
(3400, 10, 24, 56, 33),
(3401, 10, 24, 20, 33),
(3402, 11, 24, 32, 33),
(3403, 11, 24, 4, 33),
(3404, 11, 24, 52, 33),
(3405, 10, 24, 86, 33),
(3406, 10, 24, 18, 33),
(3407, 11, 24, 66, 33),
(3408, 10, 24, 96, 33),
(3409, 11, 24, 53, 33),
(3410, 11, 24, 38, 33),
(3411, 10, 24, 41, 33),
(3412, 11, 24, 72, 33),
(3413, 10, 24, 73, 33),
(3414, 10, 24, 74, 33),
(3415, 10, 24, 31, 33),
(3416, 10, 24, 24, 33),
(3417, 11, 24, 57, 33),
(3418, 10, 24, 92, 33),
(3419, 10, 24, 77, 33),
(3420, 10, 24, 13, 33),
(3421, 10, 24, 49, 33),
(3422, 10, 24, 84, 33),
(3423, 10, 24, 87, 33),
(3424, 11, 24, 62, 33),
(3425, 11, 24, 33, 33),
(3426, 11, 24, 40, 33),
(3427, 11, 24, 100, 33),
(3428, 10, 24, 90, 33),
(3429, 11, 24, 12, 33),
(3430, 10, 24, 63, 33),
(3431, 11, 24, 70, 33),
(3432, 10, 24, 99, 33),
(3433, 11, 24, 93, 33),
(3434, 11, 24, 35, 33),
(3435, 10, 24, 61, 33),
(3436, 11, 24, 19, 33),
(3437, 11, 24, 81, 33),
(3438, 11, 24, 91, 33),
(3439, 11, 24, 98, 34),
(3440, 10, 24, 11, 34),
(3441, 11, 24, 47, 34),
(3442, 11, 24, 75, 34),
(3443, 11, 24, 34, 34),
(3444, 11, 24, 32, 34),
(3445, 10, 24, 97, 34),
(3446, 10, 24, 46, 34),
(3447, 10, 24, 12, 34),
(3448, 10, 24, 82, 34),
(3449, 11, 24, 45, 34),
(3450, 10, 24, 16, 34),
(3451, 11, 24, 86, 34),
(3452, 10, 24, 48, 34),
(3453, 10, 24, 3, 34),
(3454, 10, 24, 33, 34),
(3455, 11, 24, 59, 34),
(3456, 10, 24, 58, 34),
(3457, 11, 24, 100, 34),
(3458, 11, 24, 18, 34),
(3459, 10, 24, 53, 34),
(3460, 11, 24, 9, 34),
(3461, 11, 24, 64, 34),
(3462, 10, 24, 67, 34),
(3463, 10, 24, 99, 34),
(3464, 11, 24, 5, 34),
(3465, 10, 24, 4, 34),
(3466, 10, 24, 95, 34),
(3467, 11, 24, 77, 34),
(3468, 10, 24, 40, 34),
(3469, 10, 24, 15, 34),
(3470, 10, 24, 30, 34),
(3471, 10, 24, 6, 34),
(3472, 11, 24, 36, 34),
(3473, 10, 24, 73, 34),
(3474, 11, 24, 37, 34),
(3475, 11, 24, 83, 34),
(3476, 10, 24, 44, 34),
(3477, 10, 24, 57, 34),
(3478, 11, 24, 52, 34),
(3479, 10, 24, 93, 34),
(3480, 10, 24, 19, 34),
(3481, 11, 24, 26, 34),
(3482, 11, 24, 21, 34),
(3483, 10, 24, 28, 34),
(3484, 11, 24, 39, 34),
(3485, 10, 24, 88, 34),
(3486, 11, 24, 96, 34),
(3487, 11, 24, 70, 34),
(3488, 11, 24, 92, 34),
(3489, 10, 24, 78, 34),
(3490, 10, 24, 14, 34),
(3491, 10, 24, 91, 34),
(3492, 10, 24, 66, 34),
(3493, 11, 24, 49, 34),
(3494, 10, 24, 38, 34),
(3495, 11, 24, 80, 34),
(3496, 10, 24, 43, 34),
(3497, 11, 24, 29, 34),
(3498, 11, 24, 41, 34),
(3499, 11, 24, 85, 34),
(3500, 11, 24, 50, 34),
(3501, 10, 24, 61, 34),
(3502, 11, 24, 72, 34),
(3503, 11, 24, 76, 34),
(3504, 11, 24, 8, 34),
(3505, 10, 24, 90, 34),
(3506, 10, 24, 2, 34),
(3507, 10, 24, 54, 34),
(3508, 11, 24, 79, 34),
(3509, 10, 24, 68, 34),
(3510, 10, 24, 13, 34),
(3511, 10, 24, 20, 34),
(3512, 10, 24, 17, 34),
(3513, 10, 24, 62, 34),
(3514, 10, 24, 23, 34),
(3515, 10, 24, 42, 34),
(3516, 11, 24, 35, 34),
(3517, 11, 24, 87, 34),
(3518, 11, 24, 56, 34),
(3519, 11, 24, 24, 34),
(3520, 11, 24, 63, 34),
(3521, 11, 24, 71, 34),
(3522, 10, 24, 51, 34),
(3523, 11, 24, 65, 34),
(3524, 10, 24, 69, 34),
(3525, 10, 24, 27, 34),
(3526, 10, 24, 1, 34),
(3527, 11, 24, 25, 34),
(3528, 10, 24, 10, 34),
(3529, 11, 24, 7, 34),
(3530, 10, 24, 22, 34),
(3531, 10, 24, 74, 34),
(3532, 10, 24, 94, 34),
(3533, 10, 24, 84, 34),
(3534, 11, 24, 89, 34),
(3535, 11, 24, 31, 34),
(3536, 10, 24, 81, 34),
(3537, 10, 24, 26, 35),
(3538, 10, 24, 21, 35),
(3539, 10, 24, 68, 35),
(3540, 11, 24, 83, 35),
(3541, 10, 24, 84, 35),
(3542, 10, 24, 35, 35),
(3543, 11, 24, 93, 35),
(3544, 10, 24, 44, 35),
(3545, 11, 24, 37, 35),
(3546, 11, 24, 39, 35),
(3547, 10, 24, 15, 35),
(3548, 10, 24, 66, 35),
(3549, 11, 24, 31, 35),
(3550, 10, 24, 24, 35),
(3551, 11, 24, 89, 35),
(3552, 11, 24, 6, 35),
(3553, 10, 24, 70, 35),
(3554, 10, 24, 51, 35),
(3555, 10, 24, 74, 35),
(3556, 11, 24, 97, 35),
(3557, 11, 24, 12, 35),
(3558, 11, 24, 57, 35),
(3559, 10, 24, 90, 35),
(3560, 10, 24, 77, 35),
(3561, 11, 24, 9, 35),
(3562, 10, 24, 27, 35),
(3563, 11, 24, 49, 35),
(3564, 11, 24, 48, 35),
(3565, 11, 24, 73, 35),
(3566, 11, 24, 20, 35),
(3567, 11, 24, 36, 35),
(3568, 11, 24, 4, 35),
(3569, 10, 24, 82, 35),
(3570, 10, 24, 95, 35),
(3571, 10, 24, 53, 35),
(3572, 10, 24, 87, 35),
(3573, 11, 24, 40, 35),
(3574, 11, 24, 16, 35),
(3575, 10, 24, 59, 35),
(3576, 10, 24, 34, 35),
(3577, 11, 24, 88, 35),
(3578, 11, 24, 18, 35),
(3579, 11, 24, 85, 35),
(3580, 11, 24, 99, 35),
(3581, 11, 24, 23, 35),
(3582, 11, 24, 38, 35),
(3583, 11, 24, 65, 35),
(3584, 10, 24, 64, 35),
(3585, 11, 24, 2, 35),
(3586, 10, 24, 19, 35),
(3587, 10, 24, 32, 35),
(3588, 11, 24, 60, 35),
(3589, 11, 24, 62, 35),
(3590, 10, 24, 71, 35),
(3591, 11, 24, 75, 35),
(3592, 11, 24, 100, 35),
(3593, 10, 24, 61, 35),
(3594, 10, 24, 13, 35),
(3595, 10, 24, 10, 35),
(3596, 11, 24, 29, 35),
(3597, 10, 24, 91, 35),
(3598, 10, 24, 3, 35),
(3599, 10, 24, 63, 35),
(3600, 11, 24, 96, 35),
(3601, 10, 24, 25, 35),
(3602, 10, 24, 14, 35),
(3603, 11, 24, 41, 35),
(3604, 10, 24, 67, 35),
(3605, 11, 24, 43, 35),
(3606, 11, 24, 17, 35),
(3607, 10, 24, 46, 35),
(3608, 11, 24, 42, 35),
(3609, 11, 24, 69, 35),
(3610, 10, 24, 86, 35),
(3611, 10, 24, 81, 35),
(3612, 10, 24, 33, 35),
(3613, 11, 24, 47, 35),
(3614, 11, 24, 5, 35),
(3615, 10, 24, 58, 35),
(3616, 10, 24, 54, 35),
(3617, 11, 24, 78, 35),
(3618, 11, 24, 94, 35),
(3619, 11, 24, 28, 35),
(3620, 11, 24, 22, 35),
(3621, 10, 24, 76, 35),
(3622, 11, 24, 72, 35),
(3623, 11, 24, 45, 35),
(3624, 11, 24, 1, 35),
(3625, 10, 24, 8, 35),
(3626, 10, 24, 52, 35),
(3627, 10, 24, 80, 35),
(3628, 10, 24, 30, 35),
(3629, 10, 24, 55, 35),
(3630, 10, 24, 50, 35),
(3631, 11, 24, 79, 35),
(3632, 10, 24, 92, 35),
(3633, 10, 24, 56, 35),
(3634, 11, 24, 11, 35),
(3635, 10, 24, 27, 36),
(3636, 11, 24, 95, 36),
(3637, 11, 24, 69, 36),
(3638, 10, 24, 21, 36),
(3639, 11, 24, 41, 36),
(3640, 10, 24, 70, 36),
(3641, 10, 24, 32, 36),
(3642, 11, 24, 58, 36),
(3643, 11, 24, 10, 36),
(3644, 11, 24, 56, 36),
(3645, 10, 24, 13, 36),
(3646, 10, 24, 88, 36),
(3647, 11, 24, 8, 36),
(3648, 11, 24, 44, 36),
(3649, 10, 24, 4, 36),
(3650, 10, 24, 61, 36),
(3651, 10, 24, 12, 36),
(3652, 10, 24, 77, 36),
(3653, 10, 24, 1, 36),
(3654, 11, 24, 52, 36),
(3655, 10, 24, 35, 36),
(3656, 10, 24, 96, 36),
(3657, 10, 24, 18, 36),
(3658, 11, 24, 57, 36),
(3659, 10, 24, 22, 36),
(3660, 10, 24, 16, 36),
(3661, 10, 24, 99, 36),
(3662, 10, 24, 34, 36),
(3663, 11, 24, 67, 36),
(3664, 11, 24, 94, 36),
(3665, 10, 24, 65, 36),
(3666, 11, 24, 39, 36),
(3667, 11, 24, 87, 36),
(3668, 10, 24, 60, 36),
(3669, 11, 24, 78, 36),
(3670, 10, 24, 7, 36),
(3671, 10, 24, 84, 36),
(3672, 10, 24, 2, 36),
(3673, 11, 24, 72, 36),
(3674, 11, 24, 51, 36),
(3675, 10, 24, 93, 36),
(3676, 11, 24, 85, 36),
(3677, 11, 24, 90, 36),
(3678, 10, 24, 62, 36),
(3679, 10, 24, 49, 36),
(3680, 11, 24, 59, 36),
(3681, 11, 24, 86, 36),
(3682, 10, 24, 92, 36),
(3683, 11, 24, 43, 36),
(3684, 11, 24, 3, 36),
(3685, 11, 24, 5, 36),
(3686, 11, 24, 80, 36),
(3687, 11, 24, 26, 36),
(3688, 11, 24, 55, 36),
(3689, 11, 24, 25, 36),
(3690, 11, 24, 45, 36),
(3691, 10, 24, 28, 36),
(3692, 11, 24, 23, 36),
(3693, 10, 24, 54, 36),
(3694, 10, 24, 30, 36),
(3695, 10, 24, 91, 36),
(3696, 10, 24, 53, 36),
(3697, 11, 24, 29, 36),
(3698, 10, 24, 17, 36),
(3699, 11, 24, 89, 36),
(3700, 10, 24, 42, 36),
(3701, 11, 24, 98, 36),
(3702, 11, 24, 81, 36),
(3703, 11, 24, 73, 36),
(3704, 11, 24, 100, 36),
(3705, 11, 24, 46, 36),
(3706, 11, 24, 97, 36),
(3707, 11, 24, 20, 36),
(3708, 10, 24, 82, 36),
(3709, 11, 24, 40, 36),
(3710, 11, 24, 50, 36),
(3711, 11, 24, 6, 36),
(3712, 11, 24, 24, 36),
(3713, 11, 24, 83, 36),
(3714, 10, 24, 63, 36),
(3715, 11, 24, 66, 36),
(3716, 10, 24, 47, 36),
(3717, 10, 24, 38, 36),
(3718, 10, 24, 71, 36),
(3719, 10, 24, 75, 36),
(3720, 10, 24, 64, 36),
(3721, 11, 24, 9, 36),
(3722, 10, 24, 33, 36),
(3723, 10, 24, 31, 36),
(3724, 10, 24, 19, 36),
(3725, 10, 24, 14, 36),
(3726, 10, 24, 11, 36),
(3727, 11, 24, 37, 36),
(3728, 11, 24, 74, 36),
(3729, 10, 24, 15, 36),
(3730, 11, 24, 48, 36),
(3731, 11, 24, 68, 36),
(3732, 10, 24, 76, 36),
(3733, 10, 24, 24, 37),
(3734, 11, 24, 25, 37),
(3735, 11, 24, 35, 37),
(3736, 11, 24, 89, 37),
(3737, 11, 24, 32, 37),
(3738, 11, 24, 38, 37),
(3739, 11, 24, 81, 37),
(3740, 10, 24, 29, 37),
(3741, 11, 24, 78, 37),
(3742, 11, 24, 48, 37),
(3743, 10, 24, 85, 37),
(3744, 11, 24, 77, 37),
(3745, 10, 24, 44, 37),
(3746, 10, 24, 75, 37),
(3747, 11, 24, 14, 37),
(3748, 10, 24, 41, 37),
(3749, 11, 24, 69, 37),
(3750, 10, 24, 57, 37),
(3751, 11, 24, 94, 37),
(3752, 11, 24, 82, 37),
(3753, 10, 24, 2, 37),
(3754, 11, 24, 61, 37),
(3755, 10, 24, 64, 37),
(3756, 10, 24, 23, 37),
(3757, 10, 24, 33, 37),
(3758, 11, 24, 66, 37),
(3759, 10, 24, 12, 37),
(3760, 11, 24, 79, 37),
(3761, 11, 24, 90, 37),
(3762, 11, 24, 63, 37),
(3763, 10, 24, 68, 37),
(3764, 10, 24, 30, 37),
(3765, 10, 24, 74, 37),
(3766, 10, 24, 11, 37),
(3767, 11, 24, 54, 37),
(3768, 11, 24, 91, 37),
(3769, 10, 24, 37, 37),
(3770, 11, 24, 83, 37),
(3771, 11, 24, 53, 37),
(3772, 10, 24, 17, 37),
(3773, 10, 24, 50, 37),
(3774, 11, 24, 28, 37),
(3775, 11, 24, 26, 37),
(3776, 10, 24, 56, 37),
(3777, 11, 24, 20, 37),
(3778, 10, 24, 7, 37),
(3779, 10, 24, 40, 37),
(3780, 10, 24, 3, 37),
(3781, 11, 24, 80, 37),
(3782, 11, 24, 36, 37),
(3783, 10, 24, 59, 37),
(3784, 10, 24, 60, 37),
(3785, 11, 24, 19, 37),
(3786, 10, 24, 76, 37),
(3787, 11, 24, 98, 37),
(3788, 11, 24, 21, 37),
(3789, 11, 24, 6, 37),
(3790, 11, 24, 31, 37),
(3791, 11, 24, 43, 37),
(3792, 10, 24, 70, 37),
(3793, 11, 24, 22, 37),
(3794, 10, 24, 72, 37),
(3795, 10, 24, 4, 37),
(3796, 10, 24, 52, 37),
(3797, 10, 24, 86, 37),
(3798, 11, 24, 49, 37),
(3799, 11, 24, 10, 37),
(3800, 10, 24, 55, 37),
(3801, 11, 24, 93, 37),
(3802, 10, 24, 97, 37),
(3803, 10, 24, 96, 37),
(3804, 11, 24, 100, 37),
(3805, 11, 24, 1, 37),
(3806, 11, 24, 58, 37),
(3807, 10, 24, 95, 37),
(3808, 10, 24, 67, 37),
(3809, 10, 24, 84, 37),
(3810, 10, 24, 8, 37),
(3811, 10, 24, 73, 37),
(3812, 10, 24, 87, 37),
(3813, 10, 24, 5, 37),
(3814, 10, 24, 47, 37),
(3815, 10, 24, 62, 37),
(3816, 11, 24, 99, 37),
(3817, 10, 24, 15, 37),
(3818, 10, 24, 27, 37),
(3819, 11, 24, 18, 37),
(3820, 10, 24, 71, 37),
(3821, 10, 24, 13, 37),
(3822, 10, 24, 51, 37),
(3823, 10, 24, 39, 37),
(3824, 10, 24, 65, 37),
(3825, 10, 24, 46, 37),
(3826, 11, 24, 16, 37),
(3827, 10, 24, 9, 37),
(3828, 10, 24, 88, 37),
(3829, 11, 24, 92, 37),
(3830, 11, 24, 42, 37),
(3831, 10, 24, 97, 38),
(3832, 10, 24, 85, 38),
(3833, 10, 24, 77, 38),
(3834, 10, 24, 15, 38),
(3835, 10, 24, 32, 38),
(3836, 11, 24, 33, 38),
(3837, 10, 24, 65, 38),
(3838, 10, 24, 17, 38),
(3839, 11, 24, 14, 38),
(3840, 10, 24, 62, 38),
(3841, 10, 24, 83, 38),
(3842, 10, 24, 69, 38),
(3843, 10, 24, 100, 38),
(3844, 10, 24, 7, 38),
(3845, 10, 24, 91, 38),
(3846, 10, 24, 76, 38),
(3847, 11, 24, 20, 38),
(3848, 10, 24, 53, 38),
(3849, 11, 24, 56, 38),
(3850, 11, 24, 4, 38),
(3851, 10, 24, 89, 38),
(3852, 11, 24, 21, 38),
(3853, 11, 24, 26, 38),
(3854, 11, 24, 6, 38),
(3855, 10, 24, 38, 38),
(3856, 11, 24, 93, 38),
(3857, 10, 24, 90, 38),
(3858, 11, 24, 80, 38),
(3859, 10, 24, 54, 38),
(3860, 10, 24, 51, 38),
(3861, 10, 24, 55, 38),
(3862, 11, 24, 31, 38),
(3863, 10, 24, 16, 38),
(3864, 11, 24, 19, 38),
(3865, 10, 24, 74, 38),
(3866, 10, 24, 35, 38),
(3867, 10, 24, 43, 38),
(3868, 11, 24, 52, 38),
(3869, 10, 24, 42, 38),
(3870, 10, 24, 12, 38),
(3871, 11, 24, 79, 38),
(3872, 11, 24, 84, 38),
(3873, 10, 24, 72, 38),
(3874, 11, 24, 23, 38),
(3875, 10, 24, 10, 38),
(3876, 11, 24, 71, 38),
(3877, 10, 24, 13, 38),
(3878, 10, 24, 63, 38),
(3879, 11, 24, 86, 38),
(3880, 11, 24, 94, 38),
(3881, 11, 24, 37, 38),
(3882, 11, 24, 5, 38),
(3883, 11, 24, 66, 38),
(3884, 11, 24, 81, 38),
(3885, 10, 24, 49, 38),
(3886, 10, 24, 61, 38),
(3887, 10, 24, 87, 38),
(3888, 10, 24, 57, 38),
(3889, 11, 24, 39, 38),
(3890, 10, 24, 24, 38),
(3891, 10, 24, 41, 38),
(3892, 10, 24, 47, 38),
(3893, 10, 24, 18, 38),
(3894, 11, 24, 82, 38),
(3895, 11, 24, 50, 38),
(3896, 11, 24, 70, 38),
(3897, 11, 24, 46, 38),
(3898, 11, 24, 1, 38),
(3899, 11, 24, 25, 38),
(3900, 10, 24, 95, 38),
(3901, 11, 24, 88, 38),
(3902, 11, 24, 36, 38),
(3903, 11, 24, 67, 38),
(3904, 11, 24, 64, 38),
(3905, 10, 24, 68, 38),
(3906, 11, 24, 28, 38),
(3907, 10, 24, 22, 38),
(3908, 11, 24, 3, 38),
(3909, 11, 24, 34, 38),
(3910, 11, 24, 45, 38),
(3911, 11, 24, 59, 38),
(3912, 10, 24, 29, 38),
(3913, 11, 24, 2, 38),
(3914, 11, 24, 27, 38),
(3915, 10, 24, 73, 38),
(3916, 10, 24, 98, 38),
(3917, 10, 24, 9, 38),
(3918, 11, 24, 44, 38),
(3919, 11, 24, 30, 38),
(3920, 10, 24, 75, 38),
(3921, 10, 24, 58, 38),
(3922, 10, 24, 60, 38),
(3923, 11, 24, 78, 38),
(3924, 10, 24, 92, 38),
(3925, 11, 24, 40, 38),
(3926, 10, 24, 48, 38),
(3927, 10, 24, 8, 38),
(3928, 11, 24, 11, 38),
(3929, 11, 24, 96, 39),
(3930, 11, 24, 63, 39),
(3931, 10, 24, 64, 39),
(3932, 11, 24, 13, 39),
(3933, 10, 24, 71, 39),
(3934, 11, 24, 9, 39),
(3935, 10, 24, 89, 39),
(3936, 11, 24, 45, 39),
(3937, 10, 24, 39, 39),
(3938, 11, 24, 93, 39),
(3939, 11, 24, 57, 39),
(3940, 11, 24, 100, 39),
(3941, 11, 24, 8, 39),
(3942, 10, 24, 32, 39),
(3943, 10, 24, 67, 39),
(3944, 11, 24, 65, 39),
(3945, 11, 24, 17, 39),
(3946, 10, 24, 79, 39),
(3947, 10, 24, 98, 39),
(3948, 10, 24, 77, 39),
(3949, 11, 24, 48, 39),
(3950, 11, 24, 12, 39),
(3951, 11, 24, 52, 39),
(3952, 10, 24, 33, 39),
(3953, 10, 24, 55, 39),
(3954, 10, 24, 88, 39),
(3955, 11, 24, 24, 39),
(3956, 11, 24, 28, 39),
(3957, 11, 24, 81, 39),
(3958, 11, 24, 90, 39),
(3959, 11, 24, 83, 39),
(3960, 11, 24, 27, 39),
(3961, 10, 24, 19, 39),
(3962, 11, 24, 14, 39),
(3963, 11, 24, 70, 39),
(3964, 11, 24, 29, 39),
(3965, 11, 24, 75, 39),
(3966, 11, 24, 68, 39),
(3967, 10, 24, 35, 39),
(3968, 10, 24, 20, 39),
(3969, 10, 24, 50, 39),
(3970, 10, 24, 10, 39),
(3971, 11, 24, 99, 39),
(3972, 10, 24, 46, 39),
(3973, 11, 24, 36, 39),
(3974, 11, 24, 60, 39),
(3975, 11, 24, 31, 39),
(3976, 10, 24, 76, 39),
(3977, 11, 24, 26, 39),
(3978, 10, 24, 92, 39),
(3979, 10, 24, 61, 39),
(3980, 10, 24, 3, 39),
(3981, 10, 24, 22, 39),
(3982, 11, 24, 6, 39),
(3983, 11, 24, 47, 39),
(3984, 10, 24, 66, 39),
(3985, 10, 24, 86, 39),
(3986, 11, 24, 37, 39),
(3987, 10, 24, 94, 39),
(3988, 10, 24, 54, 39),
(3989, 11, 24, 4, 39),
(3990, 11, 24, 2, 39),
(3991, 11, 24, 78, 39),
(3992, 11, 24, 11, 39),
(3993, 10, 24, 58, 39),
(3994, 10, 24, 80, 39),
(3995, 10, 24, 73, 39),
(3996, 11, 24, 1, 39),
(3997, 10, 24, 74, 39),
(3998, 10, 24, 62, 39),
(3999, 11, 24, 97, 39),
(4000, 10, 24, 51, 39),
(4001, 11, 24, 84, 39),
(4002, 11, 24, 25, 39),
(4003, 10, 24, 49, 39),
(4004, 11, 24, 40, 39),
(4005, 10, 24, 21, 39),
(4006, 11, 24, 95, 39),
(4007, 11, 24, 7, 39),
(4008, 10, 24, 85, 39),
(4009, 11, 24, 16, 39),
(4010, 10, 24, 72, 39),
(4011, 10, 24, 41, 39),
(4012, 11, 24, 43, 39),
(4013, 10, 24, 44, 39),
(4014, 10, 24, 91, 39),
(4015, 11, 24, 59, 39),
(4016, 11, 24, 30, 39),
(4017, 10, 24, 38, 39),
(4018, 11, 24, 87, 39),
(4019, 10, 24, 18, 39),
(4020, 10, 24, 42, 39),
(4021, 11, 24, 34, 39),
(4022, 11, 24, 5, 39),
(4023, 11, 24, 15, 39),
(4024, 10, 24, 69, 39),
(4025, 11, 24, 56, 39),
(4026, 11, 24, 23, 39),
(4027, 11, 24, 27, 40),
(4028, 10, 24, 58, 40),
(4029, 10, 24, 78, 40),
(4030, 11, 24, 87, 40),
(4031, 11, 24, 85, 40),
(4032, 11, 24, 71, 40),
(4033, 10, 24, 23, 40),
(4034, 11, 24, 92, 40),
(4035, 11, 24, 37, 40),
(4036, 11, 24, 21, 40),
(4037, 10, 24, 43, 40),
(4038, 11, 24, 45, 40),
(4039, 10, 24, 55, 40),
(4040, 10, 24, 29, 40),
(4041, 11, 24, 3, 40),
(4042, 10, 24, 97, 40),
(4043, 11, 24, 81, 40),
(4044, 10, 24, 1, 40),
(4045, 11, 24, 46, 40),
(4046, 10, 24, 98, 40),
(4047, 11, 24, 94, 40),
(4048, 11, 24, 51, 40),
(4049, 10, 24, 89, 40),
(4050, 11, 24, 42, 40),
(4051, 10, 24, 91, 40),
(4052, 10, 24, 36, 40),
(4053, 11, 24, 16, 40),
(4054, 11, 24, 80, 40),
(4055, 11, 24, 38, 40),
(4056, 10, 24, 2, 40),
(4057, 10, 24, 61, 40),
(4058, 10, 24, 25, 40),
(4059, 11, 24, 64, 40),
(4060, 11, 24, 13, 40),
(4061, 10, 24, 99, 40),
(4062, 11, 24, 22, 40),
(4063, 10, 24, 69, 40),
(4064, 11, 24, 72, 40),
(4065, 11, 24, 41, 40),
(4066, 10, 24, 67, 40),
(4067, 10, 24, 95, 40),
(4068, 11, 24, 66, 40),
(4069, 11, 24, 17, 40),
(4070, 10, 24, 86, 40),
(4071, 10, 24, 47, 40),
(4072, 10, 24, 88, 40),
(4073, 11, 24, 9, 40),
(4074, 10, 24, 75, 40),
(4075, 10, 24, 65, 40),
(4076, 10, 24, 56, 40),
(4077, 10, 24, 63, 40),
(4078, 10, 24, 70, 40),
(4079, 10, 24, 14, 40),
(4080, 10, 24, 84, 40),
(4081, 10, 24, 6, 40),
(4082, 10, 24, 96, 40),
(4083, 11, 24, 53, 40),
(4084, 11, 24, 82, 40),
(4085, 10, 24, 32, 40),
(4086, 10, 24, 57, 40),
(4087, 10, 24, 68, 40),
(4088, 11, 24, 83, 40),
(4089, 10, 24, 90, 40),
(4090, 11, 24, 24, 40),
(4091, 10, 24, 40, 40),
(4092, 10, 24, 60, 40),
(4093, 10, 24, 33, 40),
(4094, 10, 24, 26, 40),
(4095, 10, 24, 18, 40),
(4096, 11, 24, 48, 40),
(4097, 11, 24, 35, 40),
(4098, 10, 24, 93, 40),
(4099, 11, 24, 77, 40),
(4100, 10, 24, 100, 40),
(4101, 11, 24, 54, 40),
(4102, 11, 24, 12, 40),
(4103, 10, 24, 11, 40),
(4104, 10, 24, 39, 40),
(4105, 10, 24, 73, 40),
(4106, 11, 24, 34, 40),
(4107, 10, 24, 10, 40),
(4108, 10, 24, 20, 40),
(4109, 11, 24, 19, 40),
(4110, 10, 24, 59, 40),
(4111, 11, 24, 28, 40),
(4112, 11, 24, 52, 40),
(4113, 11, 24, 30, 40),
(4114, 10, 24, 76, 40),
(4115, 10, 24, 15, 40),
(4116, 10, 24, 7, 40),
(4117, 11, 24, 79, 40),
(4118, 10, 24, 5, 40),
(4119, 11, 24, 50, 40),
(4120, 10, 24, 49, 40),
(4121, 11, 24, 44, 40),
(4122, 10, 24, 62, 40),
(4123, 10, 24, 4, 40),
(4124, 11, 24, 31, 40),
(4125, 9, 25, 5, 1),
(4126, 8, 25, 2, 1),
(4127, 7, 25, 15, 1),
(4128, 9, 25, 12, 2),
(4129, 8, 25, 6, 2),
(4130, 7, 25, 5, 2),
(4131, 9, 25, 23, 3),
(4132, 8, 25, 28, 3),
(4133, 7, 25, 35, 3),
(4134, 9, 25, 25, 4),
(4135, 8, 25, 18, 4),
(4136, 7, 25, 21, 4),
(4137, 9, 25, 15, 5),
(4138, 8, 25, 37, 5),
(4139, 7, 25, 3, 5),
(4140, 9, 25, 7, 6),
(4141, 8, 25, 22, 6),
(4142, 7, 25, 18, 6),
(4143, 9, 25, 8, 7),
(4144, 8, 25, 35, 7),
(4145, 7, 25, 14, 7),
(4146, 9, 25, 24, 8),
(4147, 8, 25, 8, 8),
(4148, 7, 25, 16, 8),
(4149, 9, 25, 11, 9),
(4150, 8, 25, 37, 9),
(4151, 7, 25, 1, 9),
(4152, 9, 25, 15, 10),
(4153, 8, 25, 14, 10),
(4154, 7, 25, 10, 10),
(4155, 9, 25, 6, 11),
(4156, 8, 25, 5, 11),
(4157, 7, 25, 4, 11),
(4158, 9, 25, 12, 12),
(4159, 8, 25, 6, 12),
(4160, 7, 25, 25, 12),
(4161, 9, 25, 17, 13),
(4162, 8, 25, 27, 13),
(4163, 7, 25, 39, 13),
(4164, 9, 25, 34, 14),
(4165, 8, 25, 2, 14),
(4166, 7, 25, 8, 14),
(4167, 9, 25, 39, 15),
(4168, 8, 25, 22, 15),
(4169, 7, 25, 8, 15),
(4170, 9, 25, 14, 16),
(4171, 8, 25, 16, 16),
(4172, 7, 25, 29, 16),
(4173, 9, 25, 4, 17),
(4174, 8, 25, 36, 17),
(4175, 7, 25, 2, 17),
(4176, 9, 25, 3, 18),
(4177, 8, 25, 10, 18),
(4178, 7, 25, 40, 18),
(4179, 9, 25, 24, 19),
(4180, 8, 25, 10, 19),
(4181, 7, 25, 12, 19),
(4182, 9, 25, 12, 20),
(4183, 8, 25, 26, 20),
(4184, 7, 25, 21, 20),
(4185, 9, 25, 3, 21),
(4186, 8, 25, 11, 21),
(4187, 7, 25, 1, 21),
(4188, 9, 25, 19, 22),
(4189, 8, 25, 24, 22),
(4190, 7, 25, 12, 22),
(4191, 9, 25, 25, 23),
(4192, 8, 25, 36, 23),
(4193, 7, 25, 5, 23),
(4194, 9, 25, 4, 24),
(4195, 8, 25, 19, 24),
(4196, 7, 25, 30, 24),
(4197, 9, 25, 7, 25),
(4198, 8, 25, 19, 25),
(4199, 7, 25, 20, 25),
(4200, 9, 25, 28, 26),
(4201, 8, 25, 15, 26),
(4202, 7, 25, 8, 26),
(4203, 9, 25, 40, 27),
(4204, 8, 25, 12, 27),
(4205, 7, 25, 31, 27),
(4206, 9, 25, 26, 28),
(4207, 8, 25, 21, 28),
(4208, 7, 25, 16, 28),
(4209, 9, 25, 32, 29),
(4210, 8, 25, 12, 29),
(4211, 7, 25, 33, 29),
(4212, 9, 25, 3, 30),
(4213, 8, 25, 26, 30),
(4214, 7, 25, 23, 30),
(4215, 9, 25, 12, 31),
(4216, 8, 25, 2, 31),
(4217, 7, 25, 37, 31),
(4218, 9, 25, 23, 32),
(4219, 8, 25, 15, 32),
(4220, 7, 25, 16, 32),
(4221, 9, 25, 8, 33),
(4222, 8, 25, 11, 33),
(4223, 7, 25, 17, 33),
(4224, 9, 25, 12, 34),
(4225, 8, 25, 22, 34),
(4226, 7, 25, 28, 34),
(4227, 9, 25, 28, 35),
(4228, 8, 25, 6, 35),
(4229, 7, 25, 18, 35),
(4230, 9, 25, 12, 36),
(4231, 8, 25, 6, 36),
(4232, 7, 25, 21, 36),
(4233, 9, 25, 32, 37),
(4234, 8, 25, 8, 37),
(4235, 7, 25, 16, 37),
(4236, 9, 25, 32, 38),
(4237, 8, 25, 33, 38),
(4238, 7, 25, 8, 38),
(4239, 9, 25, 37, 39),
(4240, 8, 25, 38, 39),
(4241, 7, 25, 39, 39),
(4242, 9, 25, 37, 40),
(4243, 8, 25, 14, 40),
(4244, 7, 25, 39, 40),
(4245, 7, 25, 32, 1),
(4246, 9, 25, 12, 1),
(4247, 8, 25, 23, 1),
(4248, 8, 25, 39, 1),
(4249, 7, 25, 36, 1),
(4250, 9, 25, 7, 1),
(4251, 8, 25, 20, 1),
(4252, 8, 25, 30, 1),
(4253, 8, 25, 29, 1),
(4254, 9, 25, 28, 1),
(4255, 7, 25, 10, 1),
(4256, 7, 25, 24, 1),
(4257, 9, 25, 14, 1),
(4258, 8, 25, 35, 1),
(4259, 7, 25, 8, 1),
(4260, 7, 25, 27, 1),
(4261, 7, 25, 11, 1),
(4262, 8, 25, 16, 1),
(4263, 7, 25, 19, 1),
(4264, 9, 25, 18, 1),
(4265, 7, 25, 1, 1),
(4266, 8, 25, 34, 1),
(4267, 9, 25, 40, 1),
(4268, 8, 25, 38, 1),
(4269, 7, 25, 17, 1),
(4270, 8, 25, 31, 1),
(4271, 7, 25, 3, 1),
(4272, 7, 25, 25, 1),
(4273, 9, 25, 4, 1),
(4274, 9, 25, 33, 1),
(4275, 7, 25, 22, 1),
(4276, 7, 25, 37, 1),
(4277, 7, 25, 21, 1),
(4278, 8, 25, 9, 1),
(4279, 7, 25, 26, 1),
(4280, 9, 25, 13, 1),
(4281, 7, 25, 6, 1),
(4282, 7, 25, 27, 2),
(4283, 8, 25, 40, 2),
(4284, 8, 25, 37, 2),
(4285, 9, 25, 23, 2),
(4286, 8, 25, 13, 2),
(4287, 8, 25, 17, 2),
(4288, 9, 25, 1, 2),
(4289, 9, 25, 14, 2),
(4290, 7, 25, 10, 2),
(4291, 8, 25, 24, 2),
(4292, 7, 25, 21, 2),
(4293, 9, 25, 30, 2),
(4294, 8, 25, 31, 2),
(4295, 8, 25, 39, 2),
(4296, 8, 25, 7, 2),
(4297, 9, 25, 38, 2),
(4298, 9, 25, 19, 2),
(4299, 7, 25, 15, 2),
(4300, 9, 25, 32, 2),
(4301, 7, 25, 25, 2),
(4302, 9, 25, 28, 2),
(4303, 7, 25, 34, 2),
(4304, 7, 25, 35, 2),
(4305, 9, 25, 20, 2),
(4306, 8, 25, 9, 2),
(4307, 9, 25, 36, 2),
(4308, 9, 25, 22, 2),
(4309, 7, 25, 11, 2),
(4310, 8, 25, 4, 2),
(4311, 7, 25, 29, 2),
(4312, 8, 25, 8, 2),
(4313, 9, 25, 33, 2),
(4314, 8, 25, 2, 2),
(4315, 8, 25, 16, 2),
(4316, 8, 25, 18, 2),
(4317, 8, 25, 26, 2),
(4318, 7, 25, 3, 2),
(4319, 9, 25, 1, 3),
(4320, 9, 25, 29, 3),
(4321, 9, 25, 37, 3),
(4322, 8, 25, 16, 3),
(4323, 7, 25, 25, 3),
(4324, 8, 25, 27, 3),
(4325, 7, 25, 2, 3),
(4326, 8, 25, 14, 3),
(4327, 8, 25, 26, 3),
(4328, 9, 25, 22, 3),
(4329, 8, 25, 19, 3),
(4330, 9, 25, 10, 3),
(4331, 7, 25, 12, 3),
(4332, 9, 25, 17, 3),
(4333, 8, 25, 31, 3),
(4334, 8, 25, 4, 3),
(4335, 7, 25, 7, 3),
(4336, 9, 25, 40, 3),
(4337, 8, 25, 30, 3),
(4338, 8, 25, 15, 3),
(4339, 7, 25, 39, 3),
(4340, 8, 25, 21, 3),
(4341, 8, 25, 18, 3),
(4342, 9, 25, 34, 3),
(4343, 7, 25, 11, 3),
(4344, 7, 25, 13, 3),
(4345, 9, 25, 5, 3),
(4346, 9, 25, 20, 3),
(4347, 7, 25, 24, 3),
(4348, 8, 25, 8, 3),
(4349, 7, 25, 32, 3),
(4350, 7, 25, 36, 3),
(4351, 8, 25, 38, 3),
(4352, 9, 25, 33, 3),
(4353, 9, 25, 9, 3),
(4354, 9, 25, 6, 3),
(4355, 8, 25, 3, 3),
(4356, 9, 25, 34, 4),
(4357, 9, 25, 15, 4),
(4358, 9, 25, 1, 4),
(4359, 9, 25, 32, 4),
(4360, 9, 25, 6, 4),
(4361, 9, 25, 17, 4),
(4362, 9, 25, 16, 4),
(4363, 8, 25, 26, 4),
(4364, 8, 25, 35, 4),
(4365, 7, 25, 39, 4),
(4366, 8, 25, 10, 4),
(4367, 8, 25, 20, 4),
(4368, 9, 25, 28, 4),
(4369, 9, 25, 40, 4),
(4370, 8, 25, 4, 4),
(4371, 8, 25, 27, 4),
(4372, 8, 25, 11, 4),
(4373, 9, 25, 5, 4),
(4374, 7, 25, 2, 4),
(4375, 7, 25, 9, 4),
(4376, 9, 25, 14, 4),
(4377, 8, 25, 36, 4),
(4378, 9, 25, 33, 4),
(4379, 8, 25, 29, 4),
(4380, 8, 25, 7, 4),
(4381, 7, 25, 38, 4),
(4382, 9, 25, 31, 4),
(4383, 9, 25, 23, 4),
(4384, 9, 25, 30, 4),
(4385, 9, 25, 12, 4),
(4386, 9, 25, 24, 4),
(4387, 9, 25, 13, 4),
(4388, 8, 25, 3, 4),
(4389, 9, 25, 37, 4),
(4390, 7, 25, 19, 4),
(4391, 9, 25, 22, 4),
(4392, 7, 25, 8, 4),
(4393, 7, 25, 11, 5),
(4394, 8, 25, 10, 5),
(4395, 7, 25, 5, 5),
(4396, 8, 25, 36, 5),
(4397, 8, 25, 21, 5),
(4398, 7, 25, 16, 5),
(4399, 7, 25, 31, 5),
(4400, 7, 25, 34, 5),
(4401, 8, 25, 35, 5),
(4402, 8, 25, 13, 5),
(4403, 9, 25, 30, 5),
(4404, 7, 25, 29, 5),
(4405, 8, 25, 24, 5),
(4406, 7, 25, 6, 5),
(4407, 9, 25, 12, 5),
(4408, 8, 25, 28, 5),
(4409, 9, 25, 23, 5),
(4410, 8, 25, 25, 5),
(4411, 9, 25, 27, 5),
(4412, 9, 25, 17, 5),
(4413, 9, 25, 22, 5),
(4414, 9, 25, 8, 5),
(4415, 9, 25, 7, 5),
(4416, 8, 25, 40, 5),
(4417, 8, 25, 32, 5),
(4418, 7, 25, 26, 5),
(4419, 7, 25, 9, 5),
(4420, 9, 25, 2, 5),
(4421, 8, 25, 14, 5),
(4422, 7, 25, 19, 5),
(4423, 8, 25, 39, 5),
(4424, 8, 25, 38, 5),
(4425, 7, 25, 1, 5),
(4426, 7, 25, 33, 5),
(4427, 8, 25, 4, 5),
(4428, 9, 25, 18, 5),
(4429, 9, 25, 20, 5),
(4430, 7, 25, 29, 6),
(4431, 8, 25, 3, 6),
(4432, 7, 25, 37, 6),
(4433, 9, 25, 20, 6),
(4434, 8, 25, 9, 6),
(4435, 9, 25, 12, 6),
(4436, 9, 25, 28, 6),
(4437, 8, 25, 27, 6),
(4438, 9, 25, 11, 6),
(4439, 7, 25, 8, 6),
(4440, 7, 25, 30, 6),
(4441, 9, 25, 26, 6),
(4442, 8, 25, 34, 6),
(4443, 9, 25, 2, 6),
(4444, 8, 25, 39, 6),
(4445, 9, 25, 19, 6),
(4446, 7, 25, 5, 6),
(4447, 7, 25, 15, 6),
(4448, 9, 25, 32, 6),
(4449, 7, 25, 40, 6),
(4450, 9, 25, 4, 6),
(4451, 9, 25, 13, 6),
(4452, 8, 25, 35, 6),
(4453, 7, 25, 38, 6),
(4454, 8, 25, 25, 6),
(4455, 8, 25, 6, 6),
(4456, 8, 25, 33, 6),
(4457, 7, 25, 10, 6),
(4458, 7, 25, 36, 6),
(4459, 9, 25, 17, 6),
(4460, 9, 25, 31, 6),
(4461, 8, 25, 24, 6),
(4462, 9, 25, 23, 6),
(4463, 8, 25, 21, 6),
(4464, 8, 25, 1, 6),
(4465, 9, 25, 14, 6),
(4466, 7, 25, 16, 6),
(4467, 7, 25, 9, 7),
(4468, 9, 25, 27, 7),
(4469, 8, 25, 16, 7),
(4470, 8, 25, 19, 7),
(4471, 9, 25, 31, 7),
(4472, 9, 25, 13, 7),
(4473, 7, 25, 5, 7),
(4474, 9, 25, 24, 7),
(4475, 7, 25, 7, 7),
(4476, 8, 25, 3, 7),
(4477, 9, 25, 2, 7),
(4478, 8, 25, 32, 7),
(4479, 9, 25, 33, 7),
(4480, 8, 25, 34, 7),
(4481, 9, 25, 26, 7),
(4482, 8, 25, 10, 7),
(4483, 9, 25, 20, 7),
(4484, 9, 25, 28, 7),
(4485, 7, 25, 21, 7),
(4486, 8, 25, 17, 7),
(4487, 9, 25, 39, 7),
(4488, 7, 25, 12, 7),
(4489, 7, 25, 30, 7),
(4490, 9, 25, 6, 7),
(4491, 9, 25, 36, 7),
(4492, 7, 25, 11, 7),
(4493, 8, 25, 29, 7),
(4494, 8, 25, 22, 7),
(4495, 7, 25, 37, 7),
(4496, 8, 25, 40, 7),
(4497, 9, 25, 23, 7),
(4498, 9, 25, 1, 7),
(4499, 8, 25, 18, 7),
(4500, 7, 25, 15, 7),
(4501, 8, 25, 38, 7),
(4502, 7, 25, 4, 7),
(4503, 7, 25, 25, 7),
(4504, 8, 25, 35, 8),
(4505, 8, 25, 39, 8),
(4506, 8, 25, 26, 8),
(4507, 8, 25, 40, 8),
(4508, 8, 25, 5, 8),
(4509, 9, 25, 36, 8),
(4510, 7, 25, 25, 8),
(4511, 9, 25, 14, 8),
(4512, 9, 25, 38, 8),
(4513, 9, 25, 34, 8),
(4514, 8, 25, 9, 8),
(4515, 9, 25, 7, 8),
(4516, 8, 25, 18, 8),
(4517, 8, 25, 3, 8),
(4518, 9, 25, 28, 8),
(4519, 8, 25, 2, 8),
(4520, 7, 25, 27, 8),
(4521, 7, 25, 12, 8),
(4522, 9, 25, 31, 8),
(4523, 8, 25, 30, 8),
(4524, 9, 25, 32, 8),
(4525, 9, 25, 11, 8),
(4526, 7, 25, 10, 8),
(4527, 8, 25, 19, 8),
(4528, 9, 25, 20, 8),
(4529, 9, 25, 17, 8),
(4530, 9, 25, 21, 8),
(4531, 8, 25, 29, 8),
(4532, 8, 25, 37, 8),
(4533, 8, 25, 6, 8),
(4534, 9, 25, 1, 8),
(4535, 9, 25, 4, 8),
(4536, 7, 25, 15, 8),
(4537, 9, 25, 22, 8),
(4538, 9, 25, 33, 8),
(4539, 9, 25, 13, 8),
(4540, 9, 25, 23, 8),
(4541, 7, 25, 30, 9),
(4542, 8, 25, 26, 9),
(4543, 8, 25, 22, 9),
(4544, 8, 25, 17, 9),
(4545, 9, 25, 10, 9),
(4546, 7, 25, 25, 9),
(4547, 8, 25, 6, 9),
(4548, 7, 25, 13, 9),
(4549, 7, 25, 33, 9),
(4550, 7, 25, 23, 9),
(4551, 9, 25, 40, 9),
(4552, 8, 25, 14, 9),
(4553, 8, 25, 3, 9),
(4554, 7, 25, 28, 9),
(4555, 9, 25, 27, 9),
(4556, 7, 25, 2, 9),
(4557, 9, 25, 15, 9),
(4558, 7, 25, 35, 9),
(4559, 7, 25, 9, 9),
(4560, 7, 25, 18, 9),
(4561, 9, 25, 29, 9),
(4562, 9, 25, 5, 9),
(4563, 9, 25, 24, 9),
(4564, 9, 25, 8, 9),
(4565, 7, 25, 20, 9),
(4566, 9, 25, 39, 9),
(4567, 8, 25, 7, 9),
(4568, 9, 25, 36, 9),
(4569, 7, 25, 38, 9),
(4570, 8, 25, 32, 9),
(4571, 8, 25, 12, 9),
(4572, 8, 25, 4, 9),
(4573, 8, 25, 31, 9),
(4574, 7, 25, 19, 9),
(4575, 8, 25, 16, 9),
(4576, 9, 25, 21, 9),
(4577, 9, 25, 34, 9),
(4578, 8, 25, 19, 10),
(4579, 8, 25, 4, 10),
(4580, 7, 25, 24, 10),
(4581, 7, 25, 17, 10),
(4582, 9, 25, 2, 10),
(4583, 9, 25, 36, 10),
(4584, 8, 25, 22, 10),
(4585, 8, 25, 34, 10),
(4586, 8, 25, 21, 10),
(4587, 8, 25, 3, 10),
(4588, 8, 25, 38, 10),
(4589, 8, 25, 39, 10),
(4590, 8, 25, 18, 10),
(4591, 8, 25, 29, 10),
(4592, 9, 25, 8, 10),
(4593, 9, 25, 20, 10),
(4594, 9, 25, 37, 10),
(4595, 8, 25, 9, 10),
(4596, 8, 25, 32, 10),
(4597, 9, 25, 33, 10),
(4598, 8, 25, 1, 10),
(4599, 9, 25, 28, 10),
(4600, 9, 25, 30, 10),
(4601, 9, 25, 23, 10),
(4602, 9, 25, 26, 10),
(4603, 9, 25, 27, 10),
(4604, 7, 25, 16, 10),
(4605, 8, 25, 35, 10),
(4606, 9, 25, 5, 10),
(4607, 8, 25, 40, 10),
(4608, 7, 25, 11, 10),
(4609, 8, 25, 25, 10),
(4610, 9, 25, 12, 10),
(4611, 9, 25, 13, 10),
(4612, 7, 25, 31, 10),
(4613, 9, 25, 7, 10),
(4614, 8, 25, 6, 10),
(4615, 8, 25, 2, 11),
(4616, 9, 25, 1, 11),
(4617, 8, 25, 8, 11),
(4618, 7, 25, 11, 11),
(4619, 7, 25, 9, 11),
(4620, 7, 25, 18, 11),
(4621, 8, 25, 29, 11),
(4622, 7, 25, 30, 11),
(4623, 9, 25, 14, 11),
(4624, 7, 25, 19, 11),
(4625, 7, 25, 25, 11),
(4626, 9, 25, 28, 11),
(4627, 7, 25, 3, 11),
(4628, 9, 25, 22, 11),
(4629, 9, 25, 13, 11),
(4630, 8, 25, 34, 11),
(4631, 7, 25, 23, 11),
(4632, 8, 25, 15, 11),
(4633, 7, 25, 31, 11),
(4634, 7, 25, 10, 11),
(4635, 7, 25, 17, 11),
(4636, 9, 25, 32, 11),
(4637, 9, 25, 36, 11),
(4638, 7, 25, 39, 11),
(4639, 9, 25, 40, 11),
(4640, 7, 25, 7, 11),
(4641, 7, 25, 37, 11),
(4642, 9, 25, 35, 11),
(4643, 8, 25, 20, 11),
(4644, 9, 25, 16, 11),
(4645, 8, 25, 27, 11),
(4646, 9, 25, 12, 11),
(4647, 8, 25, 38, 11),
(4648, 9, 25, 24, 11),
(4649, 8, 25, 21, 11),
(4650, 9, 25, 26, 11),
(4651, 8, 25, 33, 11),
(4652, 9, 25, 33, 12),
(4653, 9, 25, 9, 12),
(4654, 7, 25, 10, 12),
(4655, 7, 25, 4, 12),
(4656, 8, 25, 19, 12),
(4657, 9, 25, 24, 12),
(4658, 7, 25, 36, 12),
(4659, 9, 25, 5, 12),
(4660, 7, 25, 20, 12),
(4661, 9, 25, 22, 12),
(4662, 7, 25, 27, 12),
(4663, 7, 25, 11, 12),
(4664, 9, 25, 29, 12),
(4665, 8, 25, 16, 12),
(4666, 8, 25, 39, 12),
(4667, 8, 25, 37, 12),
(4668, 9, 25, 15, 12),
(4669, 7, 25, 23, 12),
(4670, 9, 25, 26, 12),
(4671, 9, 25, 38, 12),
(4672, 7, 25, 2, 12),
(4673, 9, 25, 34, 12),
(4674, 9, 25, 17, 12),
(4675, 7, 25, 35, 12),
(4676, 9, 25, 3, 12),
(4677, 8, 25, 32, 12),
(4678, 7, 25, 40, 12),
(4679, 9, 25, 14, 12),
(4680, 7, 25, 21, 12),
(4681, 9, 25, 30, 12),
(4682, 7, 25, 31, 12),
(4683, 9, 25, 18, 12),
(4684, 7, 25, 8, 12),
(4685, 7, 25, 1, 12),
(4686, 7, 25, 13, 12),
(4687, 7, 25, 7, 12),
(4688, 9, 25, 28, 12),
(4689, 8, 25, 2, 13),
(4690, 7, 25, 36, 13),
(4691, 7, 25, 24, 13),
(4692, 9, 25, 13, 13),
(4693, 9, 25, 34, 13),
(4694, 9, 25, 21, 13),
(4695, 7, 25, 8, 13),
(4696, 7, 25, 26, 13),
(4697, 7, 25, 10, 13),
(4698, 9, 25, 9, 13),
(4699, 7, 25, 14, 13),
(4700, 8, 25, 11, 13),
(4701, 8, 25, 32, 13),
(4702, 7, 25, 29, 13),
(4703, 8, 25, 22, 13),
(4704, 7, 25, 30, 13),
(4705, 7, 25, 12, 13),
(4706, 7, 25, 40, 13),
(4707, 8, 25, 7, 13),
(4708, 8, 25, 31, 13),
(4709, 8, 25, 23, 13),
(4710, 9, 25, 4, 13),
(4711, 7, 25, 35, 13),
(4712, 8, 25, 28, 13),
(4713, 7, 25, 16, 13),
(4714, 9, 25, 5, 13),
(4715, 9, 25, 6, 13),
(4716, 7, 25, 1, 13),
(4717, 8, 25, 37, 13),
(4718, 9, 25, 38, 13),
(4719, 9, 25, 33, 13),
(4720, 9, 25, 19, 13),
(4721, 8, 25, 25, 13),
(4722, 9, 25, 20, 13),
(4723, 7, 25, 15, 13),
(4724, 9, 25, 3, 13),
(4725, 9, 25, 18, 13),
(4726, 7, 25, 17, 14),
(4727, 8, 25, 3, 14),
(4728, 9, 25, 37, 14),
(4729, 8, 25, 16, 14),
(4730, 8, 25, 26, 14),
(4731, 8, 25, 33, 14),
(4732, 9, 25, 21, 14),
(4733, 8, 25, 7, 14),
(4734, 9, 25, 31, 14),
(4735, 8, 25, 27, 14),
(4736, 9, 25, 9, 14),
(4737, 8, 25, 20, 14),
(4738, 9, 25, 36, 14),
(4739, 9, 25, 30, 14),
(4740, 8, 25, 28, 14),
(4741, 8, 25, 25, 14),
(4742, 7, 25, 11, 14),
(4743, 9, 25, 14, 14),
(4744, 7, 25, 40, 14),
(4745, 9, 25, 29, 14),
(4746, 9, 25, 23, 14),
(4747, 8, 25, 18, 14),
(4748, 7, 25, 35, 14),
(4749, 9, 25, 19, 14),
(4750, 8, 25, 24, 14),
(4751, 8, 25, 6, 14),
(4752, 9, 25, 4, 14),
(4753, 7, 25, 1, 14),
(4754, 8, 25, 39, 14),
(4755, 9, 25, 32, 14),
(4756, 8, 25, 5, 14),
(4757, 7, 25, 38, 14),
(4758, 8, 25, 15, 14),
(4759, 9, 25, 10, 14),
(4760, 8, 25, 13, 14),
(4761, 9, 25, 22, 14),
(4762, 9, 25, 12, 14),
(4763, 8, 25, 27, 15),
(4764, 8, 25, 26, 15),
(4765, 7, 25, 37, 15),
(4766, 8, 25, 2, 15),
(4767, 8, 25, 4, 15),
(4768, 9, 25, 31, 15),
(4769, 9, 25, 34, 15),
(4770, 9, 25, 24, 15),
(4771, 8, 25, 17, 15),
(4772, 8, 25, 33, 15),
(4773, 8, 25, 3, 15),
(4774, 8, 25, 10, 15),
(4775, 8, 25, 14, 15),
(4776, 8, 25, 16, 15);
INSERT INTO `quiz_soal_paketsoal` (`id`, `generated_soal_id`, `paket_soal_id`, `nomer_paket`, `nomer_urut`) VALUES
(4777, 9, 25, 23, 15),
(4778, 8, 25, 19, 15),
(4779, 8, 25, 5, 15),
(4780, 9, 25, 35, 15),
(4781, 9, 25, 13, 15),
(4782, 7, 25, 6, 15),
(4783, 8, 25, 36, 15),
(4784, 9, 25, 11, 15),
(4785, 9, 25, 18, 15),
(4786, 9, 25, 21, 15),
(4787, 8, 25, 38, 15),
(4788, 7, 25, 1, 15),
(4789, 8, 25, 25, 15),
(4790, 7, 25, 12, 15),
(4791, 7, 25, 15, 15),
(4792, 8, 25, 29, 15),
(4793, 8, 25, 28, 15),
(4794, 8, 25, 20, 15),
(4795, 8, 25, 9, 15),
(4796, 8, 25, 40, 15),
(4797, 8, 25, 32, 15),
(4798, 9, 25, 30, 15),
(4799, 7, 25, 7, 15),
(4800, 7, 25, 24, 16),
(4801, 8, 25, 21, 16),
(4802, 7, 25, 18, 16),
(4803, 8, 25, 5, 16),
(4804, 7, 25, 30, 16),
(4805, 7, 25, 7, 16),
(4806, 7, 25, 31, 16),
(4807, 7, 25, 4, 16),
(4808, 9, 25, 17, 16),
(4809, 8, 25, 39, 16),
(4810, 7, 25, 9, 16),
(4811, 8, 25, 34, 16),
(4812, 7, 25, 12, 16),
(4813, 9, 25, 35, 16),
(4814, 8, 25, 15, 16),
(4815, 9, 25, 40, 16),
(4816, 8, 25, 33, 16),
(4817, 9, 25, 38, 16),
(4818, 7, 25, 2, 16),
(4819, 8, 25, 28, 16),
(4820, 9, 25, 32, 16),
(4821, 8, 25, 6, 16),
(4822, 7, 25, 8, 16),
(4823, 8, 25, 19, 16),
(4824, 8, 25, 20, 16),
(4825, 9, 25, 11, 16),
(4826, 7, 25, 26, 16),
(4827, 7, 25, 25, 16),
(4828, 7, 25, 23, 16),
(4829, 9, 25, 22, 16),
(4830, 8, 25, 37, 16),
(4831, 7, 25, 1, 16),
(4832, 8, 25, 27, 16),
(4833, 9, 25, 3, 16),
(4834, 8, 25, 10, 16),
(4835, 9, 25, 13, 16),
(4836, 8, 25, 36, 16),
(4837, 8, 25, 25, 17),
(4838, 9, 25, 19, 17),
(4839, 9, 25, 34, 17),
(4840, 8, 25, 14, 17),
(4841, 9, 25, 29, 17),
(4842, 7, 25, 27, 17),
(4843, 8, 25, 8, 17),
(4844, 9, 25, 17, 17),
(4845, 9, 25, 16, 17),
(4846, 9, 25, 32, 17),
(4847, 9, 25, 26, 17),
(4848, 8, 25, 23, 17),
(4849, 9, 25, 20, 17),
(4850, 7, 25, 3, 17),
(4851, 8, 25, 33, 17),
(4852, 9, 25, 9, 17),
(4853, 8, 25, 35, 17),
(4854, 7, 25, 21, 17),
(4855, 9, 25, 5, 17),
(4856, 9, 25, 30, 17),
(4857, 9, 25, 37, 17),
(4858, 8, 25, 38, 17),
(4859, 8, 25, 11, 17),
(4860, 7, 25, 15, 17),
(4861, 9, 25, 39, 17),
(4862, 7, 25, 13, 17),
(4863, 8, 25, 24, 17),
(4864, 9, 25, 1, 17),
(4865, 9, 25, 22, 17),
(4866, 7, 25, 18, 17),
(4867, 9, 25, 7, 17),
(4868, 8, 25, 6, 17),
(4869, 9, 25, 28, 17),
(4870, 9, 25, 12, 17),
(4871, 8, 25, 31, 17),
(4872, 7, 25, 10, 17),
(4873, 7, 25, 40, 17),
(4874, 7, 25, 35, 18),
(4875, 9, 25, 39, 18),
(4876, 7, 25, 25, 18),
(4877, 7, 25, 32, 18),
(4878, 9, 25, 4, 18),
(4879, 7, 25, 33, 18),
(4880, 8, 25, 28, 18),
(4881, 8, 25, 12, 18),
(4882, 8, 25, 19, 18),
(4883, 7, 25, 6, 18),
(4884, 8, 25, 29, 18),
(4885, 7, 25, 26, 18),
(4886, 9, 25, 37, 18),
(4887, 9, 25, 36, 18),
(4888, 8, 25, 13, 18),
(4889, 8, 25, 1, 18),
(4890, 7, 25, 7, 18),
(4891, 8, 25, 38, 18),
(4892, 9, 25, 2, 18),
(4893, 9, 25, 24, 18),
(4894, 8, 25, 17, 18),
(4895, 7, 25, 27, 18),
(4896, 9, 25, 30, 18),
(4897, 7, 25, 9, 18),
(4898, 8, 25, 22, 18),
(4899, 8, 25, 20, 18),
(4900, 9, 25, 15, 18),
(4901, 7, 25, 14, 18),
(4902, 8, 25, 8, 18),
(4903, 9, 25, 31, 18),
(4904, 7, 25, 5, 18),
(4905, 9, 25, 16, 18),
(4906, 8, 25, 34, 18),
(4907, 9, 25, 23, 18),
(4908, 9, 25, 18, 18),
(4909, 8, 25, 21, 18),
(4910, 9, 25, 11, 18),
(4911, 8, 25, 19, 19),
(4912, 7, 25, 25, 19),
(4913, 9, 25, 35, 19),
(4914, 8, 25, 31, 19),
(4915, 9, 25, 1, 19),
(4916, 7, 25, 33, 19),
(4917, 9, 25, 20, 19),
(4918, 7, 25, 30, 19),
(4919, 7, 25, 5, 19),
(4920, 7, 25, 40, 19),
(4921, 9, 25, 7, 19),
(4922, 7, 25, 28, 19),
(4923, 7, 25, 21, 19),
(4924, 9, 25, 39, 19),
(4925, 9, 25, 16, 19),
(4926, 7, 25, 4, 19),
(4927, 9, 25, 36, 19),
(4928, 8, 25, 17, 19),
(4929, 9, 25, 32, 19),
(4930, 8, 25, 27, 19),
(4931, 7, 25, 38, 19),
(4932, 8, 25, 8, 19),
(4933, 9, 25, 9, 19),
(4934, 9, 25, 15, 19),
(4935, 7, 25, 22, 19),
(4936, 8, 25, 34, 19),
(4937, 7, 25, 14, 19),
(4938, 7, 25, 26, 19),
(4939, 8, 25, 37, 19),
(4940, 7, 25, 3, 19),
(4941, 8, 25, 23, 19),
(4942, 9, 25, 11, 19),
(4943, 8, 25, 2, 19),
(4944, 7, 25, 13, 19),
(4945, 7, 25, 6, 19),
(4946, 9, 25, 18, 19),
(4947, 8, 25, 29, 19),
(4948, 7, 25, 11, 20),
(4949, 9, 25, 18, 20),
(4950, 8, 25, 20, 20),
(4951, 8, 25, 5, 20),
(4952, 7, 25, 3, 20),
(4953, 9, 25, 16, 20),
(4954, 8, 25, 7, 20),
(4955, 9, 25, 1, 20),
(4956, 7, 25, 28, 20),
(4957, 8, 25, 9, 20),
(4958, 8, 25, 32, 20),
(4959, 8, 25, 30, 20),
(4960, 8, 25, 40, 20),
(4961, 8, 25, 25, 20),
(4962, 8, 25, 38, 20),
(4963, 8, 25, 10, 20),
(4964, 8, 25, 4, 20),
(4965, 9, 25, 19, 20),
(4966, 9, 25, 36, 20),
(4967, 7, 25, 24, 20),
(4968, 7, 25, 14, 20),
(4969, 8, 25, 34, 20),
(4970, 8, 25, 2, 20),
(4971, 8, 25, 37, 20),
(4972, 7, 25, 33, 20),
(4973, 8, 25, 27, 20),
(4974, 8, 25, 31, 20),
(4975, 8, 25, 8, 20),
(4976, 8, 25, 35, 20),
(4977, 9, 25, 29, 20),
(4978, 7, 25, 22, 20),
(4979, 7, 25, 39, 20),
(4980, 9, 25, 17, 20),
(4981, 7, 25, 23, 20),
(4982, 9, 25, 6, 20),
(4983, 7, 25, 13, 20),
(4984, 8, 25, 15, 20),
(4985, 7, 25, 12, 21),
(4986, 7, 25, 23, 21),
(4987, 9, 25, 40, 21),
(4988, 9, 25, 36, 21),
(4989, 8, 25, 39, 21),
(4990, 7, 25, 31, 21),
(4991, 8, 25, 10, 21),
(4992, 8, 25, 32, 21),
(4993, 7, 25, 28, 21),
(4994, 8, 25, 29, 21),
(4995, 7, 25, 2, 21),
(4996, 9, 25, 14, 21),
(4997, 7, 25, 13, 21),
(4998, 7, 25, 8, 21),
(4999, 8, 25, 22, 21),
(5000, 9, 25, 20, 21),
(5001, 7, 25, 4, 21),
(5002, 7, 25, 34, 21),
(5003, 8, 25, 5, 21),
(5004, 7, 25, 16, 21),
(5005, 9, 25, 27, 21),
(5006, 8, 25, 15, 21),
(5007, 9, 25, 18, 21),
(5008, 9, 25, 21, 21),
(5009, 9, 25, 37, 21),
(5010, 7, 25, 26, 21),
(5011, 7, 25, 35, 21),
(5012, 8, 25, 38, 21),
(5013, 9, 25, 33, 21),
(5014, 7, 25, 9, 21),
(5015, 7, 25, 24, 21),
(5016, 9, 25, 6, 21),
(5017, 7, 25, 25, 21),
(5018, 7, 25, 17, 21),
(5019, 8, 25, 19, 21),
(5020, 7, 25, 30, 21),
(5021, 7, 25, 7, 21),
(5022, 9, 25, 22, 22),
(5023, 7, 25, 26, 22),
(5024, 8, 25, 35, 22),
(5025, 7, 25, 9, 22),
(5026, 7, 25, 15, 22),
(5027, 8, 25, 21, 22),
(5028, 7, 25, 23, 22),
(5029, 8, 25, 30, 22),
(5030, 9, 25, 8, 22),
(5031, 8, 25, 40, 22),
(5032, 8, 25, 13, 22),
(5033, 9, 25, 29, 22),
(5034, 8, 25, 37, 22),
(5035, 9, 25, 32, 22),
(5036, 7, 25, 4, 22),
(5037, 8, 25, 1, 22),
(5038, 8, 25, 39, 22),
(5039, 7, 25, 33, 22),
(5040, 7, 25, 36, 22),
(5041, 7, 25, 18, 22),
(5042, 9, 25, 6, 22),
(5043, 8, 25, 10, 22),
(5044, 8, 25, 11, 22),
(5045, 7, 25, 20, 22),
(5046, 9, 25, 31, 22),
(5047, 8, 25, 25, 22),
(5048, 9, 25, 14, 22),
(5049, 9, 25, 3, 22),
(5050, 9, 25, 28, 22),
(5051, 8, 25, 2, 22),
(5052, 8, 25, 16, 22),
(5053, 8, 25, 7, 22),
(5054, 8, 25, 34, 22),
(5055, 7, 25, 17, 22),
(5056, 8, 25, 27, 22),
(5057, 8, 25, 5, 22),
(5058, 8, 25, 38, 22),
(5059, 8, 25, 12, 23),
(5060, 7, 25, 38, 23),
(5061, 7, 25, 34, 23),
(5062, 9, 25, 4, 23),
(5063, 7, 25, 27, 23),
(5064, 8, 25, 21, 23),
(5065, 9, 25, 15, 23),
(5066, 7, 25, 1, 23),
(5067, 7, 25, 30, 23),
(5068, 8, 25, 40, 23),
(5069, 7, 25, 39, 23),
(5070, 9, 25, 20, 23),
(5071, 7, 25, 16, 23),
(5072, 8, 25, 24, 23),
(5073, 8, 25, 3, 23),
(5074, 8, 25, 22, 23),
(5075, 8, 25, 17, 23),
(5076, 8, 25, 14, 23),
(5077, 9, 25, 6, 23),
(5078, 9, 25, 18, 23),
(5079, 7, 25, 32, 23),
(5080, 7, 25, 31, 23),
(5081, 9, 25, 19, 23),
(5082, 9, 25, 10, 23),
(5083, 9, 25, 37, 23),
(5084, 9, 25, 23, 23),
(5085, 7, 25, 8, 23),
(5086, 9, 25, 28, 23),
(5087, 8, 25, 11, 23),
(5088, 8, 25, 7, 23),
(5089, 8, 25, 29, 23),
(5090, 7, 25, 33, 23),
(5091, 7, 25, 2, 23),
(5092, 9, 25, 13, 23),
(5093, 9, 25, 9, 23),
(5094, 9, 25, 26, 23),
(5095, 7, 25, 35, 23),
(5096, 7, 25, 9, 24),
(5097, 9, 25, 3, 24),
(5098, 9, 25, 16, 24),
(5099, 9, 25, 40, 24),
(5100, 8, 25, 29, 24),
(5101, 8, 25, 31, 24),
(5102, 9, 25, 12, 24),
(5103, 7, 25, 25, 24),
(5104, 7, 25, 34, 24),
(5105, 7, 25, 2, 24),
(5106, 7, 25, 22, 24),
(5107, 8, 25, 28, 24),
(5108, 9, 25, 18, 24),
(5109, 9, 25, 15, 24),
(5110, 8, 25, 6, 24),
(5111, 7, 25, 39, 24),
(5112, 7, 25, 32, 24),
(5113, 9, 25, 5, 24),
(5114, 9, 25, 33, 24),
(5115, 7, 25, 27, 24),
(5116, 7, 25, 20, 24),
(5117, 7, 25, 38, 24),
(5118, 7, 25, 35, 24),
(5119, 9, 25, 26, 24),
(5120, 8, 25, 24, 24),
(5121, 9, 25, 10, 24),
(5122, 8, 25, 1, 24),
(5123, 7, 25, 11, 24),
(5124, 9, 25, 14, 24),
(5125, 9, 25, 7, 24),
(5126, 7, 25, 21, 24),
(5127, 7, 25, 17, 24),
(5128, 9, 25, 37, 24),
(5129, 9, 25, 36, 24),
(5130, 8, 25, 8, 24),
(5131, 9, 25, 23, 24),
(5132, 9, 25, 13, 24),
(5133, 7, 25, 30, 25),
(5134, 7, 25, 35, 25),
(5135, 7, 25, 6, 25),
(5136, 9, 25, 40, 25),
(5137, 8, 25, 12, 25),
(5138, 7, 25, 38, 25),
(5139, 7, 25, 22, 25),
(5140, 9, 25, 16, 25),
(5141, 8, 25, 32, 25),
(5142, 7, 25, 3, 25),
(5143, 9, 25, 33, 25),
(5144, 7, 25, 14, 25),
(5145, 9, 25, 26, 25),
(5146, 9, 25, 25, 25),
(5147, 9, 25, 9, 25),
(5148, 8, 25, 2, 25),
(5149, 7, 25, 13, 25),
(5150, 9, 25, 28, 25),
(5151, 7, 25, 27, 25),
(5152, 9, 25, 17, 25),
(5153, 9, 25, 23, 25),
(5154, 7, 25, 39, 25),
(5155, 8, 25, 5, 25),
(5156, 7, 25, 31, 25),
(5157, 7, 25, 11, 25),
(5158, 7, 25, 36, 25),
(5159, 7, 25, 21, 25),
(5160, 8, 25, 18, 25),
(5161, 8, 25, 29, 25),
(5162, 8, 25, 24, 25),
(5163, 7, 25, 37, 25),
(5164, 8, 25, 1, 25),
(5165, 7, 25, 8, 25),
(5166, 7, 25, 4, 25),
(5167, 9, 25, 34, 25),
(5168, 7, 25, 15, 25),
(5169, 9, 25, 10, 25),
(5170, 7, 25, 35, 26),
(5171, 8, 25, 31, 26),
(5172, 8, 25, 36, 26),
(5173, 8, 25, 19, 26),
(5174, 8, 25, 21, 26),
(5175, 9, 25, 22, 26),
(5176, 8, 25, 6, 26),
(5177, 7, 25, 9, 26),
(5178, 7, 25, 16, 26),
(5179, 7, 25, 33, 26),
(5180, 7, 25, 38, 26),
(5181, 7, 25, 23, 26),
(5182, 7, 25, 1, 26),
(5183, 8, 25, 39, 26),
(5184, 7, 25, 18, 26),
(5185, 8, 25, 5, 26),
(5186, 8, 25, 32, 26),
(5187, 8, 25, 3, 26),
(5188, 9, 25, 27, 26),
(5189, 9, 25, 29, 26),
(5190, 9, 25, 12, 26),
(5191, 9, 25, 11, 26),
(5192, 8, 25, 17, 26),
(5193, 7, 25, 37, 26),
(5194, 9, 25, 30, 26),
(5195, 7, 25, 13, 26),
(5196, 8, 25, 34, 26),
(5197, 9, 25, 14, 26),
(5198, 8, 25, 2, 26),
(5199, 7, 25, 4, 26),
(5200, 9, 25, 7, 26),
(5201, 8, 25, 24, 26),
(5202, 8, 25, 10, 26),
(5203, 9, 25, 25, 26),
(5204, 7, 25, 20, 26),
(5205, 7, 25, 40, 26),
(5206, 9, 25, 26, 26),
(5207, 9, 25, 11, 27),
(5208, 7, 25, 25, 27),
(5209, 9, 25, 29, 27),
(5210, 7, 25, 16, 27),
(5211, 7, 25, 15, 27),
(5212, 9, 25, 1, 27),
(5213, 7, 25, 18, 27),
(5214, 7, 25, 35, 27),
(5215, 9, 25, 26, 27),
(5216, 7, 25, 7, 27),
(5217, 9, 25, 30, 27),
(5218, 9, 25, 28, 27),
(5219, 7, 25, 4, 27),
(5220, 8, 25, 8, 27),
(5221, 7, 25, 21, 27),
(5222, 9, 25, 27, 27),
(5223, 9, 25, 32, 27),
(5224, 8, 25, 39, 27),
(5225, 9, 25, 10, 27),
(5226, 7, 25, 34, 27),
(5227, 9, 25, 3, 27),
(5228, 7, 25, 13, 27),
(5229, 9, 25, 14, 27),
(5230, 7, 25, 6, 27),
(5231, 7, 25, 22, 27),
(5232, 7, 25, 37, 27),
(5233, 7, 25, 23, 27),
(5234, 8, 25, 36, 27),
(5235, 7, 25, 9, 27),
(5236, 9, 25, 17, 27),
(5237, 7, 25, 24, 27),
(5238, 9, 25, 33, 27),
(5239, 8, 25, 2, 27),
(5240, 9, 25, 20, 27),
(5241, 9, 25, 5, 27),
(5242, 9, 25, 38, 27),
(5243, 7, 25, 19, 27),
(5244, 7, 25, 31, 28),
(5245, 9, 25, 6, 28),
(5246, 8, 25, 7, 28),
(5247, 9, 25, 10, 28),
(5248, 9, 25, 29, 28),
(5249, 9, 25, 37, 28),
(5250, 9, 25, 11, 28),
(5251, 8, 25, 39, 28),
(5252, 7, 25, 22, 28),
(5253, 9, 25, 30, 28),
(5254, 8, 25, 4, 28),
(5255, 8, 25, 38, 28),
(5256, 7, 25, 12, 28),
(5257, 9, 25, 1, 28),
(5258, 7, 25, 28, 28),
(5259, 8, 25, 3, 28),
(5260, 8, 25, 8, 28),
(5261, 8, 25, 23, 28),
(5262, 9, 25, 27, 28),
(5263, 9, 25, 17, 28),
(5264, 7, 25, 25, 28),
(5265, 9, 25, 14, 28),
(5266, 8, 25, 18, 28),
(5267, 7, 25, 15, 28),
(5268, 8, 25, 33, 28),
(5269, 8, 25, 13, 28),
(5270, 9, 25, 2, 28),
(5271, 7, 25, 34, 28),
(5272, 7, 25, 32, 28),
(5273, 8, 25, 19, 28),
(5274, 7, 25, 40, 28),
(5275, 9, 25, 24, 28),
(5276, 7, 25, 5, 28),
(5277, 8, 25, 20, 28),
(5278, 7, 25, 36, 28),
(5279, 9, 25, 35, 28),
(5280, 7, 25, 9, 28),
(5281, 8, 25, 7, 29),
(5282, 9, 25, 26, 29),
(5283, 9, 25, 37, 29),
(5284, 9, 25, 38, 29),
(5285, 8, 25, 16, 29),
(5286, 9, 25, 28, 29),
(5287, 7, 25, 35, 29),
(5288, 8, 25, 8, 29),
(5289, 9, 25, 9, 29),
(5290, 8, 25, 30, 29),
(5291, 9, 25, 25, 29),
(5292, 8, 25, 34, 29),
(5293, 7, 25, 1, 29),
(5294, 7, 25, 24, 29),
(5295, 8, 25, 19, 29),
(5296, 7, 25, 36, 29),
(5297, 8, 25, 13, 29),
(5298, 9, 25, 11, 29),
(5299, 8, 25, 21, 29),
(5300, 9, 25, 14, 29),
(5301, 7, 25, 18, 29),
(5302, 8, 25, 20, 29),
(5303, 8, 25, 3, 29),
(5304, 8, 25, 31, 29),
(5305, 9, 25, 39, 29),
(5306, 9, 25, 15, 29),
(5307, 8, 25, 6, 29),
(5308, 7, 25, 4, 29),
(5309, 8, 25, 29, 29),
(5310, 8, 25, 5, 29),
(5311, 9, 25, 2, 29),
(5312, 7, 25, 23, 29),
(5313, 8, 25, 22, 29),
(5314, 8, 25, 17, 29),
(5315, 9, 25, 27, 29),
(5316, 8, 25, 40, 29),
(5317, 9, 25, 10, 29),
(5318, 9, 25, 31, 30),
(5319, 9, 25, 22, 30),
(5320, 9, 25, 36, 30),
(5321, 9, 25, 1, 30),
(5322, 9, 25, 29, 30),
(5323, 9, 25, 4, 30),
(5324, 8, 25, 39, 30),
(5325, 9, 25, 28, 30),
(5326, 9, 25, 27, 30),
(5327, 9, 25, 40, 30),
(5328, 8, 25, 34, 30),
(5329, 7, 25, 25, 30),
(5330, 9, 25, 14, 30),
(5331, 8, 25, 32, 30),
(5332, 8, 25, 9, 30),
(5333, 9, 25, 5, 30),
(5334, 8, 25, 33, 30),
(5335, 7, 25, 7, 30),
(5336, 8, 25, 17, 30),
(5337, 8, 25, 24, 30),
(5338, 9, 25, 11, 30),
(5339, 8, 25, 37, 30),
(5340, 9, 25, 12, 30),
(5341, 9, 25, 10, 30),
(5342, 7, 25, 15, 30),
(5343, 7, 25, 2, 30),
(5344, 9, 25, 21, 30),
(5345, 9, 25, 35, 30),
(5346, 7, 25, 20, 30),
(5347, 7, 25, 18, 30),
(5348, 7, 25, 13, 30),
(5349, 7, 25, 8, 30),
(5350, 8, 25, 38, 30),
(5351, 9, 25, 30, 30),
(5352, 8, 25, 19, 30),
(5353, 8, 25, 6, 30),
(5354, 9, 25, 16, 30),
(5355, 9, 25, 25, 31),
(5356, 9, 25, 20, 31),
(5357, 7, 25, 17, 31),
(5358, 9, 25, 13, 31),
(5359, 8, 25, 10, 31),
(5360, 8, 25, 14, 31),
(5361, 8, 25, 19, 31),
(5362, 9, 25, 31, 31),
(5363, 7, 25, 1, 31),
(5364, 7, 25, 38, 31),
(5365, 8, 25, 27, 31),
(5366, 8, 25, 15, 31),
(5367, 9, 25, 34, 31),
(5368, 9, 25, 4, 31),
(5369, 8, 25, 6, 31),
(5370, 7, 25, 8, 31),
(5371, 7, 25, 32, 31),
(5372, 9, 25, 18, 31),
(5373, 9, 25, 16, 31),
(5374, 9, 25, 39, 31),
(5375, 7, 25, 24, 31),
(5376, 9, 25, 23, 31),
(5377, 9, 25, 21, 31),
(5378, 9, 25, 40, 31),
(5379, 8, 25, 29, 31),
(5380, 8, 25, 11, 31),
(5381, 7, 25, 35, 31),
(5382, 8, 25, 3, 31),
(5383, 9, 25, 30, 31),
(5384, 7, 25, 28, 31),
(5385, 7, 25, 36, 31),
(5386, 9, 25, 7, 31),
(5387, 8, 25, 22, 31),
(5388, 8, 25, 9, 31),
(5389, 9, 25, 26, 31),
(5390, 8, 25, 5, 31),
(5391, 7, 25, 33, 31),
(5392, 7, 25, 3, 32),
(5393, 9, 25, 13, 32),
(5394, 9, 25, 37, 32),
(5395, 7, 25, 1, 32),
(5396, 8, 25, 9, 32),
(5397, 9, 25, 35, 32),
(5398, 9, 25, 32, 32),
(5399, 9, 25, 30, 32),
(5400, 9, 25, 39, 32),
(5401, 9, 25, 19, 32),
(5402, 8, 25, 5, 32),
(5403, 7, 25, 36, 32),
(5404, 8, 25, 17, 32),
(5405, 9, 25, 25, 32),
(5406, 7, 25, 8, 32),
(5407, 7, 25, 24, 32),
(5408, 7, 25, 7, 32),
(5409, 9, 25, 27, 32),
(5410, 9, 25, 21, 32),
(5411, 9, 25, 40, 32),
(5412, 7, 25, 20, 32),
(5413, 7, 25, 38, 32),
(5414, 8, 25, 4, 32),
(5415, 8, 25, 28, 32),
(5416, 8, 25, 2, 32),
(5417, 9, 25, 12, 32),
(5418, 7, 25, 34, 32),
(5419, 9, 25, 18, 32),
(5420, 7, 25, 33, 32),
(5421, 7, 25, 31, 32),
(5422, 8, 25, 22, 32),
(5423, 8, 25, 29, 32),
(5424, 9, 25, 10, 32),
(5425, 7, 25, 11, 32),
(5426, 8, 25, 14, 32),
(5427, 8, 25, 6, 32),
(5428, 8, 25, 26, 32),
(5429, 7, 25, 1, 33),
(5430, 9, 25, 24, 33),
(5431, 7, 25, 15, 33),
(5432, 9, 25, 19, 33),
(5433, 8, 25, 40, 33),
(5434, 7, 25, 34, 33),
(5435, 8, 25, 32, 33),
(5436, 7, 25, 3, 33),
(5437, 8, 25, 14, 33),
(5438, 9, 25, 31, 33),
(5439, 8, 25, 10, 33),
(5440, 7, 25, 9, 33),
(5441, 7, 25, 26, 33),
(5442, 9, 25, 29, 33),
(5443, 8, 25, 7, 33),
(5444, 7, 25, 20, 33),
(5445, 8, 25, 16, 33),
(5446, 8, 25, 38, 33),
(5447, 7, 25, 13, 33),
(5448, 8, 25, 23, 33),
(5449, 8, 25, 39, 33),
(5450, 8, 25, 30, 33),
(5451, 7, 25, 4, 33),
(5452, 9, 25, 12, 33),
(5453, 9, 25, 6, 33),
(5454, 9, 25, 28, 33),
(5455, 9, 25, 33, 33),
(5456, 9, 25, 5, 33),
(5457, 8, 25, 37, 33),
(5458, 9, 25, 2, 33),
(5459, 7, 25, 22, 33),
(5460, 7, 25, 27, 33),
(5461, 9, 25, 21, 33),
(5462, 9, 25, 36, 33),
(5463, 7, 25, 18, 33),
(5464, 7, 25, 25, 33),
(5465, 9, 25, 35, 33),
(5466, 9, 25, 33, 34),
(5467, 9, 25, 16, 34),
(5468, 8, 25, 37, 34),
(5469, 9, 25, 6, 34),
(5470, 7, 25, 11, 34),
(5471, 8, 25, 14, 34),
(5472, 8, 25, 31, 34),
(5473, 8, 25, 7, 34),
(5474, 8, 25, 17, 34),
(5475, 7, 25, 15, 34),
(5476, 9, 25, 30, 34),
(5477, 7, 25, 2, 34),
(5478, 9, 25, 39, 34),
(5479, 7, 25, 32, 34),
(5480, 9, 25, 20, 34),
(5481, 7, 25, 35, 34),
(5482, 8, 25, 25, 34),
(5483, 7, 25, 5, 34),
(5484, 9, 25, 18, 34),
(5485, 9, 25, 10, 34),
(5486, 8, 25, 27, 34),
(5487, 8, 25, 9, 34),
(5488, 7, 25, 38, 34),
(5489, 8, 25, 13, 34),
(5490, 7, 25, 8, 34),
(5491, 7, 25, 1, 34),
(5492, 8, 25, 36, 34),
(5493, 8, 25, 3, 34),
(5494, 7, 25, 34, 34),
(5495, 9, 25, 24, 34),
(5496, 7, 25, 23, 34),
(5497, 7, 25, 26, 34),
(5498, 7, 25, 19, 34),
(5499, 9, 25, 4, 34),
(5500, 8, 25, 21, 34),
(5501, 8, 25, 29, 34),
(5502, 7, 25, 40, 34),
(5503, 7, 25, 12, 35),
(5504, 8, 25, 36, 35),
(5505, 9, 25, 8, 35),
(5506, 7, 25, 38, 35),
(5507, 9, 25, 11, 35),
(5508, 9, 25, 39, 35),
(5509, 8, 25, 27, 35),
(5510, 8, 25, 19, 35),
(5511, 7, 25, 37, 35),
(5512, 8, 25, 26, 35),
(5513, 8, 25, 23, 35),
(5514, 8, 25, 34, 35),
(5515, 9, 25, 16, 35),
(5516, 7, 25, 29, 35),
(5517, 9, 25, 22, 35),
(5518, 8, 25, 5, 35),
(5519, 7, 25, 35, 35),
(5520, 9, 25, 2, 35),
(5521, 8, 25, 33, 35),
(5522, 7, 25, 3, 35),
(5523, 7, 25, 30, 35),
(5524, 9, 25, 9, 35),
(5525, 8, 25, 21, 35),
(5526, 9, 25, 32, 35),
(5527, 8, 25, 20, 35),
(5528, 8, 25, 14, 35),
(5529, 7, 25, 1, 35),
(5530, 9, 25, 10, 35),
(5531, 7, 25, 25, 35),
(5532, 7, 25, 24, 35),
(5533, 7, 25, 7, 35),
(5534, 9, 25, 4, 35),
(5535, 7, 25, 13, 35),
(5536, 9, 25, 17, 35),
(5537, 7, 25, 31, 35),
(5538, 7, 25, 40, 35),
(5539, 8, 25, 15, 35),
(5540, 7, 25, 36, 36),
(5541, 7, 25, 10, 36),
(5542, 7, 25, 39, 36),
(5543, 7, 25, 35, 36),
(5544, 8, 25, 15, 36),
(5545, 9, 25, 13, 36),
(5546, 9, 25, 2, 36),
(5547, 8, 25, 4, 36),
(5548, 9, 25, 5, 36),
(5549, 7, 25, 22, 36),
(5550, 9, 25, 32, 36),
(5551, 8, 25, 19, 36),
(5552, 7, 25, 38, 36),
(5553, 7, 25, 7, 36),
(5554, 8, 25, 8, 36),
(5555, 7, 25, 30, 36),
(5556, 8, 25, 34, 36),
(5557, 9, 25, 1, 36),
(5558, 8, 25, 40, 36),
(5559, 8, 25, 3, 36),
(5560, 8, 25, 26, 36),
(5561, 7, 25, 27, 36),
(5562, 7, 25, 31, 36),
(5563, 7, 25, 14, 36),
(5564, 9, 25, 24, 36),
(5565, 9, 25, 18, 36),
(5566, 9, 25, 23, 36),
(5567, 7, 25, 11, 36),
(5568, 9, 25, 17, 36),
(5569, 8, 25, 16, 36),
(5570, 7, 25, 20, 36),
(5571, 9, 25, 9, 36),
(5572, 9, 25, 25, 36),
(5573, 8, 25, 28, 36),
(5574, 8, 25, 37, 36),
(5575, 9, 25, 29, 36),
(5576, 8, 25, 33, 36),
(5577, 7, 25, 25, 37),
(5578, 9, 25, 24, 37),
(5579, 9, 25, 39, 37),
(5580, 7, 25, 18, 37),
(5581, 9, 25, 27, 37),
(5582, 9, 25, 35, 37),
(5583, 7, 25, 30, 37),
(5584, 7, 25, 23, 37),
(5585, 9, 25, 5, 37),
(5586, 8, 25, 21, 37),
(5587, 7, 25, 17, 37),
(5588, 7, 25, 28, 37),
(5589, 7, 25, 1, 37),
(5590, 8, 25, 2, 37),
(5591, 8, 25, 38, 37),
(5592, 9, 25, 13, 37),
(5593, 9, 25, 3, 37),
(5594, 9, 25, 20, 37),
(5595, 7, 25, 6, 37),
(5596, 9, 25, 37, 37),
(5597, 9, 25, 10, 37),
(5598, 8, 25, 12, 37),
(5599, 7, 25, 31, 37),
(5600, 8, 25, 36, 37),
(5601, 9, 25, 15, 37),
(5602, 8, 25, 26, 37),
(5603, 8, 25, 19, 37),
(5604, 8, 25, 4, 37),
(5605, 9, 25, 33, 37),
(5606, 7, 25, 22, 37),
(5607, 7, 25, 40, 37),
(5608, 7, 25, 14, 37),
(5609, 8, 25, 7, 37),
(5610, 7, 25, 29, 37),
(5611, 9, 25, 11, 37),
(5612, 8, 25, 34, 37),
(5613, 9, 25, 9, 37),
(5614, 8, 25, 23, 38),
(5615, 8, 25, 7, 38),
(5616, 9, 25, 25, 38),
(5617, 8, 25, 6, 38),
(5618, 8, 25, 17, 38),
(5619, 8, 25, 15, 38),
(5620, 7, 25, 24, 38),
(5621, 8, 25, 18, 38),
(5622, 7, 25, 11, 38),
(5623, 9, 25, 29, 38),
(5624, 9, 25, 9, 38),
(5625, 7, 25, 12, 38),
(5626, 9, 25, 37, 38),
(5627, 8, 25, 4, 38),
(5628, 9, 25, 21, 38),
(5629, 9, 25, 14, 38),
(5630, 9, 25, 3, 38),
(5631, 7, 25, 19, 38),
(5632, 9, 25, 30, 38),
(5633, 8, 25, 2, 38),
(5634, 7, 25, 40, 38),
(5635, 8, 25, 38, 38),
(5636, 8, 25, 13, 38),
(5637, 8, 25, 27, 38),
(5638, 7, 25, 39, 38),
(5639, 9, 25, 36, 38),
(5640, 8, 25, 20, 38),
(5641, 9, 25, 34, 38),
(5642, 7, 25, 35, 38),
(5643, 7, 25, 1, 38),
(5644, 7, 25, 28, 38),
(5645, 8, 25, 22, 38),
(5646, 9, 25, 31, 38),
(5647, 8, 25, 5, 38),
(5648, 9, 25, 26, 38),
(5649, 9, 25, 16, 38),
(5650, 7, 25, 10, 38),
(5651, 9, 25, 25, 39),
(5652, 8, 25, 36, 39),
(5653, 8, 25, 8, 39),
(5654, 8, 25, 3, 39),
(5655, 8, 25, 17, 39),
(5656, 7, 25, 35, 39),
(5657, 8, 25, 13, 39),
(5658, 7, 25, 4, 39),
(5659, 7, 25, 18, 39),
(5660, 8, 25, 21, 39),
(5661, 8, 25, 33, 39),
(5662, 7, 25, 27, 39),
(5663, 7, 25, 9, 39),
(5664, 9, 25, 2, 39),
(5665, 7, 25, 31, 39),
(5666, 8, 25, 20, 39),
(5667, 7, 25, 5, 39),
(5668, 8, 25, 10, 39),
(5669, 7, 25, 40, 39),
(5670, 9, 25, 1, 39),
(5671, 9, 25, 23, 39),
(5672, 8, 25, 29, 39),
(5673, 8, 25, 14, 39),
(5674, 8, 25, 15, 39),
(5675, 9, 25, 30, 39),
(5676, 7, 25, 7, 39),
(5677, 7, 25, 19, 39),
(5678, 9, 25, 22, 39),
(5679, 7, 25, 11, 39),
(5680, 7, 25, 26, 39),
(5681, 9, 25, 16, 39),
(5682, 7, 25, 34, 39),
(5683, 7, 25, 28, 39),
(5684, 8, 25, 12, 39),
(5685, 9, 25, 6, 39),
(5686, 8, 25, 24, 39),
(5687, 8, 25, 32, 39),
(5688, 9, 25, 33, 40),
(5689, 8, 25, 10, 40),
(5690, 7, 25, 12, 40),
(5691, 7, 25, 18, 40),
(5692, 9, 25, 13, 40),
(5693, 8, 25, 1, 40),
(5694, 8, 25, 19, 40),
(5695, 8, 25, 4, 40),
(5696, 7, 25, 23, 40),
(5697, 8, 25, 38, 40),
(5698, 7, 25, 9, 40),
(5699, 7, 25, 24, 40),
(5700, 7, 25, 5, 40),
(5701, 8, 25, 34, 40),
(5702, 9, 25, 35, 40),
(5703, 8, 25, 21, 40),
(5704, 8, 25, 16, 40),
(5705, 7, 25, 6, 40),
(5706, 7, 25, 27, 40),
(5707, 7, 25, 29, 40),
(5708, 7, 25, 32, 40),
(5709, 8, 25, 40, 40),
(5710, 8, 25, 30, 40),
(5711, 7, 25, 15, 40),
(5712, 9, 25, 26, 40),
(5713, 9, 25, 25, 40),
(5714, 7, 25, 22, 40),
(5715, 8, 25, 36, 40),
(5716, 7, 25, 20, 40),
(5717, 7, 25, 7, 40),
(5718, 9, 25, 11, 40),
(5719, 9, 25, 8, 40),
(5720, 8, 25, 17, 40),
(5721, 8, 25, 3, 40),
(5722, 8, 25, 31, 40),
(5723, 7, 25, 2, 40),
(5724, 9, 25, 28, 40),
(5725, 27, 26, 1, 1),
(5726, 26, 26, 2, 1),
(5727, 76, 27, 29, 1),
(5728, 75, 27, 27, 1),
(5729, 74, 27, 7, 1),
(5730, 73, 27, 23, 1),
(5731, 72, 27, 30, 1),
(5732, 71, 27, 17, 1),
(5733, 70, 27, 13, 1),
(5734, 28, 27, 10, 2),
(5735, 27, 27, 8, 2),
(5736, 72, 27, 24, 1),
(5737, 75, 27, 4, 1),
(5738, 71, 27, 10, 1),
(5739, 70, 27, 6, 1),
(5740, 70, 27, 19, 1),
(5741, 73, 27, 1, 1),
(5742, 73, 27, 3, 1),
(5743, 72, 27, 9, 1),
(5744, 73, 27, 18, 1),
(5745, 73, 27, 21, 1),
(5746, 74, 27, 8, 1),
(5747, 76, 27, 15, 1),
(5748, 75, 27, 25, 1),
(5749, 76, 27, 5, 1),
(5750, 71, 27, 31, 1),
(5751, 74, 27, 20, 1),
(5752, 73, 27, 26, 1),
(5753, 73, 27, 22, 1),
(5754, 71, 27, 14, 1),
(5755, 73, 27, 11, 1),
(5756, 72, 27, 12, 1),
(5757, 73, 27, 32, 1),
(5758, 74, 27, 16, 1),
(5759, 72, 27, 28, 1),
(5760, 72, 27, 2, 1),
(5761, 27, 27, 13, 2),
(5762, 28, 27, 4, 2),
(5763, 28, 27, 17, 2),
(5764, 28, 27, 7, 2),
(5765, 28, 27, 30, 2),
(5766, 28, 27, 2, 2),
(5767, 27, 27, 27, 2),
(5768, 27, 27, 29, 2),
(5769, 28, 27, 15, 2),
(5770, 28, 27, 20, 2),
(5771, 28, 27, 5, 2),
(5772, 27, 27, 31, 2),
(5773, 27, 27, 9, 2),
(5774, 28, 27, 18, 2),
(5775, 28, 27, 3, 2),
(5776, 27, 27, 16, 2),
(5777, 28, 27, 12, 2),
(5778, 28, 27, 6, 2),
(5779, 27, 27, 23, 2),
(5780, 27, 27, 28, 2),
(5781, 28, 27, 11, 2),
(5782, 28, 27, 26, 2),
(5783, 28, 27, 21, 2),
(5784, 28, 27, 32, 2),
(5785, 28, 27, 25, 2),
(5786, 28, 27, 22, 2),
(5787, 27, 27, 19, 2),
(5788, 28, 27, 14, 2),
(5789, 28, 27, 24, 2),
(5790, 28, 27, 1, 2);

-- --------------------------------------------------------

--
-- Struktur dari tabel `quiz_standarkompetensi`
--

CREATE TABLE `quiz_standarkompetensi` (
  `id` int(11) NOT NULL,
  `kurikulum` int(11) NOT NULL,
  `kelas` int(11) NOT NULL,
  `deskripsi` longtext NOT NULL,
  `tipe` varchar(100) NOT NULL
) ENGINE=InnoDB DEFAULT CHARSET=latin1;

--
-- Dumping data untuk tabel `quiz_standarkompetensi`
--

INSERT INTO `quiz_standarkompetensi` (`id`, `kurikulum`, `kelas`, `deskripsi`, `tipe`) VALUES
(2, 2013, 10, '3. Memahami, menerapkan, dan menganalisis pengetahuan faktual, konseptual, prosedural berdasarkan rasa ingintahunya tentang ilmu pengetahuan, teknologi, seni, budaya, dan humaniora dengan wawasan kemanusiaan, kebangsaan, kenegaraan, dan peradaban terkait penyebab fenomena dan kejadian, serta menerapkan pengetahuan prosedural pada bidang kajian yang spesifik sesuai dengan bakat dan minatnya untuk memecahkan masalah', 'Pengetahuan'),
(3, 2013, 10, '4. Mengolah, menalar, dan menyaji dalam ranah konkret dan ranah abstrak terkait dengan pengembangan dari yang dipelajarinya di sekolah secara mandiri, dan mampu menggunakan metoda sesuai kaidah keilmuan', 'Keterampilan'),
(4, 2013, 11, '3. Memahami ,menerapkan, dan menganalisis pengetahuan faktual, konseptual, prosedural, dan metakognitif berdasarkan rasa ingintahunya tentang ilmu pengetahuan, teknologi, seni, budaya, dan humaniora dengan wawasan kemanusiaan, kebangsaan, kenegaraan, dan peradaban terkait penyebab fenomena dan kejadian, serta menerapkan pengetahuan prosedural pada bidang kajian yang spesifik sesuai dengan bakat dan minatnya untuk memecahkan masalah', 'Pengetahuan'),
(5, 2013, 11, '4. Mengolah, menalar, dan menyaji dalam ranah konkret dan ranah abstrak terkait dengan pengembangan dari yang dipelajarinya di sekolah secara mandiri, bertindak secara efektif dan kreatif, serta mampu menggunakan metoda sesuai kaidah keilmuan', 'Keterampilan'),
(6, 2013, 12, '3. Memahami, menerapkan, menganalisis dan mengevaluasi pengetahuan faktual, konseptual, prosedural, dan metakognitif berdasarkan rasa ingintahunya tentang ilmu pengetahuan, teknologi, seni, budaya, dan humaniora dengan wawasan kemanusiaan, kebangsaan, kenegaraan, dan peradaban terkait penyebab fenomena dan kejadian, serta menerapkan pengetahuan prosedural pada bidang kajian yang spesifik sesuai dengan bakat dan minatnya untuk memecahkan masalah', 'Pengetahuan'),
(7, 2013, 12, '4. Mengolah, menalar, menyaji, dan mencipta dalam ranah konkret dan ranah abstrak terkait dengan pengembangan dari yang dipelajarinya di sekolah secara mandiri serta bertindak secara efektif dan kreatif, dan mampu menggunakan metoda sesuai kaidah keilmuan', 'Keterampilan');

-- --------------------------------------------------------

--
-- Struktur dari tabel `quiz_statussoal`
--

CREATE TABLE `quiz_statussoal` (
  `id` int(11) NOT NULL,
  `status` varchar(100) NOT NULL
) ENGINE=InnoDB DEFAULT CHARSET=latin1;

--
-- Dumping data untuk tabel `quiz_statussoal`
--

INSERT INTO `quiz_statussoal` (`id`, `status`) VALUES
(1, 'Menunggu Diverifikasi'),
(2, 'Ditolak'),
(3, 'Diterima');

-- --------------------------------------------------------

--
-- Struktur dari tabel `quiz_templatesoal`
--

CREATE TABLE `quiz_templatesoal` (
  `id` int(11) NOT NULL,
  `judul` longtext NOT NULL,
  `soal` longtext NOT NULL,
  `variasi` int(11) NOT NULL,
  `pengacakan` varchar(20) NOT NULL,
  `var1` varchar(20) NOT NULL,
  `variabel` longtext NOT NULL,
  `rumus` longtext NOT NULL,
  `jawaban` longtext NOT NULL
) ENGINE=InnoDB DEFAULT CHARSET=latin1;

--
-- Indexes for dumped tables
--

--
-- Indeks untuk tabel `auth_group`
--
ALTER TABLE `auth_group`
  ADD PRIMARY KEY (`id`),
  ADD UNIQUE KEY `name` (`name`);

--
-- Indeks untuk tabel `auth_group_permissions`
--
ALTER TABLE `auth_group_permissions`
  ADD PRIMARY KEY (`id`),
  ADD UNIQUE KEY `auth_group_permissions_group_id_permission_id_0cd325b0_uniq` (`group_id`,`permission_id`),
  ADD KEY `auth_group_permissio_permission_id_84c5c92e_fk_auth_perm` (`permission_id`);

--
-- Indeks untuk tabel `auth_permission`
--
ALTER TABLE `auth_permission`
  ADD PRIMARY KEY (`id`),
  ADD UNIQUE KEY `auth_permission_content_type_id_codename_01ab375a_uniq` (`content_type_id`,`codename`);

--
-- Indeks untuk tabel `auth_user`
--
ALTER TABLE `auth_user`
  ADD PRIMARY KEY (`id`),
  ADD UNIQUE KEY `username` (`username`);

--
-- Indeks untuk tabel `auth_user_groups`
--
ALTER TABLE `auth_user_groups`
  ADD PRIMARY KEY (`id`),
  ADD UNIQUE KEY `auth_user_groups_user_id_group_id_94350c0c_uniq` (`user_id`,`group_id`),
  ADD KEY `auth_user_groups_group_id_97559544_fk_auth_group_id` (`group_id`);

--
-- Indeks untuk tabel `auth_user_user_permissions`
--
ALTER TABLE `auth_user_user_permissions`
  ADD PRIMARY KEY (`id`),
  ADD UNIQUE KEY `auth_user_user_permissions_user_id_permission_id_14a6b632_uniq` (`user_id`,`permission_id`),
  ADD KEY `auth_user_user_permi_permission_id_1fbb5f2c_fk_auth_perm` (`permission_id`);

--
-- Indeks untuk tabel `django_admin_log`
--
ALTER TABLE `django_admin_log`
  ADD PRIMARY KEY (`id`),
  ADD KEY `django_admin_log_content_type_id_c4bce8eb_fk_django_co` (`content_type_id`),
  ADD KEY `django_admin_log_user_id_c564eba6_fk_auth_user_id` (`user_id`);

--
-- Indeks untuk tabel `django_content_type`
--
ALTER TABLE `django_content_type`
  ADD PRIMARY KEY (`id`),
  ADD UNIQUE KEY `django_content_type_app_label_model_76bd3d3b_uniq` (`app_label`,`model`);

--
-- Indeks untuk tabel `django_migrations`
--
ALTER TABLE `django_migrations`
  ADD PRIMARY KEY (`id`);

--
-- Indeks untuk tabel `django_session`
--
ALTER TABLE `django_session`
  ADD PRIMARY KEY (`session_key`),
  ADD KEY `django_session_expire_date_a5c62663` (`expire_date`);

--
-- Indeks untuk tabel `quiz_generatedsoal`
--
ALTER TABLE `quiz_generatedsoal`
  ADD PRIMARY KEY (`id`),
  ADD KEY `quiz_generatedsoal_parent_id_0f650d50_fk_quiz_soal_id` (`parent_id`);

--
-- Indeks untuk tabel `quiz_indikator`
--
ALTER TABLE `quiz_indikator`
  ADD PRIMARY KEY (`id`),
  ADD KEY `quiz_indikator_creator_id_f719ba69_fk_auth_user_id` (`creator_id`),
  ADD KEY `quiz_indikator_kompetensi_dasar_id_2d3f6b07_fk_quiz_komp` (`kompetensi_dasar_id`);

--
-- Indeks untuk tabel `quiz_indikator_user`
--
ALTER TABLE `quiz_indikator_user`
  ADD PRIMARY KEY (`id`),
  ADD KEY `quiz_indikator_user_indikator_id_2d2238bb_fk_quiz_indikator_id` (`indikator_id`),
  ADD KEY `quiz_indikator_user_user_id_b516338a_fk_auth_user_id` (`user_id`);

--
-- Indeks untuk tabel `quiz_kompetensidasar`
--
ALTER TABLE `quiz_kompetensidasar`
  ADD PRIMARY KEY (`id`),
  ADD KEY `quiz_kompetensidasar_materi_id_090549d9_fk_quiz_materi_id` (`materi_id`),
  ADD KEY `quiz_kompetensidasar_StandarKompetensi_id_41ca78c5_fk_quiz_stan` (`StandarKompetensi_id`);

--
-- Indeks untuk tabel `quiz_materi`
--
ALTER TABLE `quiz_materi`
  ADD PRIMARY KEY (`id`);

--
-- Indeks untuk tabel `quiz_paketsoal`
--
ALTER TABLE `quiz_paketsoal`
  ADD PRIMARY KEY (`id`),
  ADD KEY `quiz_paketsoal_creator_id_f2ea0bed_fk_auth_user_id` (`creator_id`);

--
-- Indeks untuk tabel `quiz_profile`
--
ALTER TABLE `quiz_profile`
  ADD PRIMARY KEY (`id`),
  ADD UNIQUE KEY `user_id` (`user_id`);

--
-- Indeks untuk tabel `quiz_revisisoal`
--
ALTER TABLE `quiz_revisisoal`
  ADD PRIMARY KEY (`id`),
  ADD KEY `quiz_revisisoal_soal_id_e6e82c8d_fk_quiz_soal_id` (`soal_id`);

--
-- Indeks untuk tabel `quiz_soal`
--
ALTER TABLE `quiz_soal`
  ADD PRIMARY KEY (`id`),
  ADD KEY `quiz_soal_indikator_id_8ce1cde7_fk_quiz_indikator_id` (`indikator_id`),
  ADD KEY `quiz_soal_status_id_3ccfad21_fk_quiz_statussoal_id` (`status_id`),
  ADD KEY `quiz_soal_id_creator_id_ec1cde0a` (`id_creator_id`);

--
-- Indeks untuk tabel `quiz_soal_paketsoal`
--
ALTER TABLE `quiz_soal_paketsoal`
  ADD PRIMARY KEY (`id`),
  ADD KEY `quiz_soal_paketsoal_generated_soal_id_1030762c_fk_quiz_gene` (`generated_soal_id`),
  ADD KEY `quiz_soal_paketsoal_paket_soal_id_1abacbc4_fk_quiz_paketsoal_id` (`paket_soal_id`);

--
-- Indeks untuk tabel `quiz_standarkompetensi`
--
ALTER TABLE `quiz_standarkompetensi`
  ADD PRIMARY KEY (`id`);

--
-- Indeks untuk tabel `quiz_statussoal`
--
ALTER TABLE `quiz_statussoal`
  ADD PRIMARY KEY (`id`);

--
-- Indeks untuk tabel `quiz_templatesoal`
--
ALTER TABLE `quiz_templatesoal`
  ADD PRIMARY KEY (`id`);

--
-- AUTO_INCREMENT untuk tabel yang dibuang
--

--
-- AUTO_INCREMENT untuk tabel `auth_group`
--
ALTER TABLE `auth_group`
  MODIFY `id` int(11) NOT NULL AUTO_INCREMENT, AUTO_INCREMENT=3;

--
-- AUTO_INCREMENT untuk tabel `auth_group_permissions`
--
ALTER TABLE `auth_group_permissions`
  MODIFY `id` int(11) NOT NULL AUTO_INCREMENT;

--
-- AUTO_INCREMENT untuk tabel `auth_permission`
--
ALTER TABLE `auth_permission`
  MODIFY `id` int(11) NOT NULL AUTO_INCREMENT, AUTO_INCREMENT=77;

--
-- AUTO_INCREMENT untuk tabel `auth_user`
--
ALTER TABLE `auth_user`
  MODIFY `id` int(11) NOT NULL AUTO_INCREMENT, AUTO_INCREMENT=63;

--
-- AUTO_INCREMENT untuk tabel `auth_user_groups`
--
ALTER TABLE `auth_user_groups`
  MODIFY `id` int(11) NOT NULL AUTO_INCREMENT, AUTO_INCREMENT=63;

--
-- AUTO_INCREMENT untuk tabel `auth_user_user_permissions`
--
ALTER TABLE `auth_user_user_permissions`
  MODIFY `id` int(11) NOT NULL AUTO_INCREMENT;

--
-- AUTO_INCREMENT untuk tabel `django_admin_log`
--
ALTER TABLE `django_admin_log`
  MODIFY `id` int(11) NOT NULL AUTO_INCREMENT, AUTO_INCREMENT=330;

--
-- AUTO_INCREMENT untuk tabel `django_content_type`
--
ALTER TABLE `django_content_type`
  MODIFY `id` int(11) NOT NULL AUTO_INCREMENT, AUTO_INCREMENT=20;

--
-- AUTO_INCREMENT untuk tabel `django_migrations`
--
ALTER TABLE `django_migrations`
  MODIFY `id` int(11) NOT NULL AUTO_INCREMENT, AUTO_INCREMENT=39;

--
-- AUTO_INCREMENT untuk tabel `quiz_generatedsoal`
--
ALTER TABLE `quiz_generatedsoal`
  MODIFY `id` int(11) NOT NULL AUTO_INCREMENT, AUTO_INCREMENT=77;

--
-- AUTO_INCREMENT untuk tabel `quiz_indikator`
--
ALTER TABLE `quiz_indikator`
  MODIFY `id` int(11) NOT NULL AUTO_INCREMENT, AUTO_INCREMENT=62;

--
-- AUTO_INCREMENT untuk tabel `quiz_indikator_user`
--
ALTER TABLE `quiz_indikator_user`
  MODIFY `id` int(11) NOT NULL AUTO_INCREMENT, AUTO_INCREMENT=63;

--
-- AUTO_INCREMENT untuk tabel `quiz_kompetensidasar`
--
ALTER TABLE `quiz_kompetensidasar`
  MODIFY `id` int(11) NOT NULL AUTO_INCREMENT, AUTO_INCREMENT=50;

--
-- AUTO_INCREMENT untuk tabel `quiz_materi`
--
ALTER TABLE `quiz_materi`
  MODIFY `id` int(11) NOT NULL AUTO_INCREMENT, AUTO_INCREMENT=16;

--
-- AUTO_INCREMENT untuk tabel `quiz_paketsoal`
--
ALTER TABLE `quiz_paketsoal`
  MODIFY `id` int(11) NOT NULL AUTO_INCREMENT, AUTO_INCREMENT=28;

--
-- AUTO_INCREMENT untuk tabel `quiz_profile`
--
ALTER TABLE `quiz_profile`
  MODIFY `id` int(11) NOT NULL AUTO_INCREMENT, AUTO_INCREMENT=63;

--
-- AUTO_INCREMENT untuk tabel `quiz_revisisoal`
--
ALTER TABLE `quiz_revisisoal`
  MODIFY `id` int(11) NOT NULL AUTO_INCREMENT, AUTO_INCREMENT=15;

--
-- AUTO_INCREMENT untuk tabel `quiz_soal`
--
ALTER TABLE `quiz_soal`
  MODIFY `id` int(11) NOT NULL AUTO_INCREMENT, AUTO_INCREMENT=45;

--
-- AUTO_INCREMENT untuk tabel `quiz_soal_paketsoal`
--
ALTER TABLE `quiz_soal_paketsoal`
  MODIFY `id` int(11) NOT NULL AUTO_INCREMENT, AUTO_INCREMENT=5791;

--
-- AUTO_INCREMENT untuk tabel `quiz_standarkompetensi`
--
ALTER TABLE `quiz_standarkompetensi`
  MODIFY `id` int(11) NOT NULL AUTO_INCREMENT, AUTO_INCREMENT=8;

--
-- AUTO_INCREMENT untuk tabel `quiz_statussoal`
--
ALTER TABLE `quiz_statussoal`
  MODIFY `id` int(11) NOT NULL AUTO_INCREMENT, AUTO_INCREMENT=4;

--
-- AUTO_INCREMENT untuk tabel `quiz_templatesoal`
--
ALTER TABLE `quiz_templatesoal`
  MODIFY `id` int(11) NOT NULL AUTO_INCREMENT;

--
-- Ketidakleluasaan untuk tabel pelimpahan (Dumped Tables)
--

--
-- Ketidakleluasaan untuk tabel `auth_group_permissions`
--
ALTER TABLE `auth_group_permissions`
  ADD CONSTRAINT `auth_group_permissio_permission_id_84c5c92e_fk_auth_perm` FOREIGN KEY (`permission_id`) REFERENCES `auth_permission` (`id`),
  ADD CONSTRAINT `auth_group_permissions_group_id_b120cbf9_fk_auth_group_id` FOREIGN KEY (`group_id`) REFERENCES `auth_group` (`id`);

--
-- Ketidakleluasaan untuk tabel `auth_permission`
--
ALTER TABLE `auth_permission`
  ADD CONSTRAINT `auth_permission_content_type_id_2f476e4b_fk_django_co` FOREIGN KEY (`content_type_id`) REFERENCES `django_content_type` (`id`);

--
-- Ketidakleluasaan untuk tabel `auth_user_groups`
--
ALTER TABLE `auth_user_groups`
  ADD CONSTRAINT `auth_user_groups_group_id_97559544_fk_auth_group_id` FOREIGN KEY (`group_id`) REFERENCES `auth_group` (`id`),
  ADD CONSTRAINT `auth_user_groups_user_id_6a12ed8b_fk_auth_user_id` FOREIGN KEY (`user_id`) REFERENCES `auth_user` (`id`);

--
-- Ketidakleluasaan untuk tabel `auth_user_user_permissions`
--
ALTER TABLE `auth_user_user_permissions`
  ADD CONSTRAINT `auth_user_user_permi_permission_id_1fbb5f2c_fk_auth_perm` FOREIGN KEY (`permission_id`) REFERENCES `auth_permission` (`id`),
  ADD CONSTRAINT `auth_user_user_permissions_user_id_a95ead1b_fk_auth_user_id` FOREIGN KEY (`user_id`) REFERENCES `auth_user` (`id`);

--
-- Ketidakleluasaan untuk tabel `django_admin_log`
--
ALTER TABLE `django_admin_log`
  ADD CONSTRAINT `django_admin_log_content_type_id_c4bce8eb_fk_django_co` FOREIGN KEY (`content_type_id`) REFERENCES `django_content_type` (`id`),
  ADD CONSTRAINT `django_admin_log_user_id_c564eba6_fk_auth_user_id` FOREIGN KEY (`user_id`) REFERENCES `auth_user` (`id`);

--
-- Ketidakleluasaan untuk tabel `quiz_generatedsoal`
--
ALTER TABLE `quiz_generatedsoal`
  ADD CONSTRAINT `quiz_generatedsoal_parent_id_0f650d50_fk_quiz_soal_id` FOREIGN KEY (`parent_id`) REFERENCES `quiz_soal` (`id`);

--
-- Ketidakleluasaan untuk tabel `quiz_indikator`
--
ALTER TABLE `quiz_indikator`
  ADD CONSTRAINT `quiz_indikator_creator_id_f719ba69_fk_auth_user_id` FOREIGN KEY (`creator_id`) REFERENCES `auth_user` (`id`),
  ADD CONSTRAINT `quiz_indikator_kompetensi_dasar_id_2d3f6b07_fk_quiz_komp` FOREIGN KEY (`kompetensi_dasar_id`) REFERENCES `quiz_kompetensidasar` (`id`);

--
-- Ketidakleluasaan untuk tabel `quiz_indikator_user`
--
ALTER TABLE `quiz_indikator_user`
  ADD CONSTRAINT `quiz_indikator_user_indikator_id_2d2238bb_fk_quiz_indikator_id` FOREIGN KEY (`indikator_id`) REFERENCES `quiz_indikator` (`id`),
  ADD CONSTRAINT `quiz_indikator_user_user_id_b516338a_fk_auth_user_id` FOREIGN KEY (`user_id`) REFERENCES `auth_user` (`id`);

--
-- Ketidakleluasaan untuk tabel `quiz_kompetensidasar`
--
ALTER TABLE `quiz_kompetensidasar`
  ADD CONSTRAINT `quiz_kompetensidasar_StandarKompetensi_id_41ca78c5_fk_quiz_stan` FOREIGN KEY (`StandarKompetensi_id`) REFERENCES `quiz_standarkompetensi` (`id`),
  ADD CONSTRAINT `quiz_kompetensidasar_materi_id_090549d9_fk_quiz_materi_id` FOREIGN KEY (`materi_id`) REFERENCES `quiz_materi` (`id`);

--
-- Ketidakleluasaan untuk tabel `quiz_paketsoal`
--
ALTER TABLE `quiz_paketsoal`
  ADD CONSTRAINT `quiz_paketsoal_creator_id_f2ea0bed_fk_auth_user_id` FOREIGN KEY (`creator_id`) REFERENCES `auth_user` (`id`);

--
-- Ketidakleluasaan untuk tabel `quiz_profile`
--
ALTER TABLE `quiz_profile`
  ADD CONSTRAINT `quiz_profile_user_id_43955dd8_fk_auth_user_id` FOREIGN KEY (`user_id`) REFERENCES `auth_user` (`id`);

--
-- Ketidakleluasaan untuk tabel `quiz_revisisoal`
--
ALTER TABLE `quiz_revisisoal`
  ADD CONSTRAINT `quiz_revisisoal_soal_id_e6e82c8d_fk_quiz_soal_id` FOREIGN KEY (`soal_id`) REFERENCES `quiz_soal` (`id`);

--
-- Ketidakleluasaan untuk tabel `quiz_soal`
--
ALTER TABLE `quiz_soal`
  ADD CONSTRAINT `quiz_soal_id_creator_id_ec1cde0a_fk_auth_user_id` FOREIGN KEY (`id_creator_id`) REFERENCES `auth_user` (`id`),
  ADD CONSTRAINT `quiz_soal_indikator_id_8ce1cde7_fk_quiz_indikator_id` FOREIGN KEY (`indikator_id`) REFERENCES `quiz_indikator` (`id`),
  ADD CONSTRAINT `quiz_soal_status_id_3ccfad21_fk_quiz_statussoal_id` FOREIGN KEY (`status_id`) REFERENCES `quiz_statussoal` (`id`);

--
-- Ketidakleluasaan untuk tabel `quiz_soal_paketsoal`
--
ALTER TABLE `quiz_soal_paketsoal`
  ADD CONSTRAINT `quiz_soal_paketsoal_generated_soal_id_1030762c_fk_quiz_gene` FOREIGN KEY (`generated_soal_id`) REFERENCES `quiz_generatedsoal` (`id`),
  ADD CONSTRAINT `quiz_soal_paketsoal_paket_soal_id_1abacbc4_fk_quiz_paketsoal_id` FOREIGN KEY (`paket_soal_id`) REFERENCES `quiz_paketsoal` (`id`);
COMMIT;

/*!40101 SET CHARACTER_SET_CLIENT=@OLD_CHARACTER_SET_CLIENT */;
/*!40101 SET CHARACTER_SET_RESULTS=@OLD_CHARACTER_SET_RESULTS */;
/*!40101 SET COLLATION_CONNECTION=@OLD_COLLATION_CONNECTION */;
